customer_id,product_id,obtention_day
1741,4,2022-9-11
2042,4,2022-7-14
1012,3,2022-8-21
1583,2,2022-10-20
2092,1,2022-3-19
1982,1,2022-1-16
1831,6,2022-12-14
2471,4,2022-9-21
1775,3,2022-8-23
1673,3,2022-9-4
2725,3,2022-1-2
1026,3,2022-5-26
2409,5,2022-10-1
2633,2,2022-8-12
1451,5,2022-8-11
1147,4,2022-10-17
2459,1,2022-7-26
1841,6,2022-7-10
1488,6,2022-4-19
1183,1,2022-12-3
1215,4,2022-11-9
1324,6,2022-4-8
2627,6,2022-1-19
2927,4,2022-12-27
1972,2,2022-2-9
2328,5,2022-1-2
2318,4,2022-10-24
2274,2,2022-4-21
1950,1,2022-6-24
1100,3,2022-6-14
2094,2,2022-9-6
1888,5,2022-11-23
1192,1,2022-7-9
2165,5,2022-1-15
1334,5,2022-5-23
1464,4,2022-9-1
2993,5,2022-9-18
1849,2,2022-5-23
1654,6,2022-8-22
2017,6,2022-8-3
2174,2,2022-10-7
1142,2,2022-4-1
1173,5,2022-5-6
2364,3,2022-6-10
1172,3,2022-5-21
1355,4,2022-10-4
2979,6,2022-10-26
1412,3,2022-5-4
2629,5,2022-11-11
2590,3,2022-5-5
2919,5,2022-11-28
1336,3,2022-1-5
1912,3,2022-7-19
2322,4,2022-10-26
1838,3,2022-9-15
1446,6,2022-2-18
2409,6,2022-4-4
1375,1,2022-7-6
2903,4,2022-7-15
2966,3,2022-6-20
2028,1,2022-3-12
1252,2,2022-2-26
2423,4,2022-2-10
1885,5,2022-7-28
2625,4,2022-9-24
2937,4,2022-9-11
1780,4,2022-1-24
1654,5,2022-8-12
1401,5,2022-1-1
1226,1,2022-2-1
1983,2,2022-9-9
1864,6,2022-5-1
1118,2,2022-10-19
2916,4,2022-7-13
1072,1,2022-2-3
1912,2,2022-6-15
2392,5,2022-1-3
1689,1,2022-3-12
1588,3,2022-2-22
2998,1,2022-9-20
2471,5,2022-1-24
1614,4,2022-9-12
1008,2,2022-7-15
1025,3,2022-7-26
2428,2,2022-6-18
2497,2,2022-10-24
1483,5,2022-8-10
2106,4,2022-9-14
2514,1,2022-8-20
2525,6,2022-10-13
1964,5,2022-4-28
1686,3,2022-9-14
1380,5,2022-2-17
1006,1,2022-2-12
2624,2,2022-4-3
2025,6,2022-6-4
1666,3,2022-5-24
1263,6,2022-4-7
1676,1,2022-7-12
1261,1,2022-11-5
2247,2,2022-9-18
1464,6,2022-11-26
1153,3,2022-2-12
1232,6,2022-5-17
1408,3,2022-9-3
2964,4,2022-6-24
2548,5,2022-8-1
1768,4,2022-10-25
2564,1,2022-11-24
1778,6,2022-3-1
1366,2,2022-2-27
1228,4,2022-6-11
1603,4,2022-7-15
1017,3,2022-7-9
1313,5,2022-12-3
2636,2,2022-3-17
2316,6,2022-1-5
1674,1,2022-10-12
1299,3,2022-1-6
1120,3,2022-3-24
2561,4,2022-5-21
2507,6,2022-2-6
1092,3,2022-6-5
1286,1,2022-8-18
1738,5,2022-9-17
2394,2,2022-4-12
1681,4,2022-12-4
2314,2,2022-9-5
1773,1,2022-9-17
1605,4,2022-11-20
1288,4,2022-1-9
1201,2,2022-7-7
2680,5,2022-8-17
1726,5,2022-9-10
1062,3,2022-9-28
1229,6,2022-7-17
1981,6,2022-7-18
1761,3,2022-6-12
2692,6,2022-3-10
2746,1,2022-6-19
1275,6,2022-8-26
1848,2,2022-11-1
1205,3,2022-7-22
2167,6,2022-7-25
1020,4,2022-10-5
2228,2,2022-12-8
2375,2,2022-1-20
2229,1,2022-4-7
2714,6,2022-12-4
2524,1,2022-4-4
2971,3,2022-11-18
1262,4,2022-12-12
2748,5,2022-7-11
2019,1,2022-11-11
1134,6,2022-4-11
2695,4,2022-3-27
1873,5,2022-10-19
2030,2,2022-11-2
1530,3,2022-8-24
1527,6,2022-3-11
2810,1,2022-8-28
2979,4,2022-6-3
2126,5,2022-4-1
2050,2,2022-3-14
2589,3,2022-4-8
1457,2,2022-9-11
2263,4,2022-4-21
2548,2,2022-1-23
2446,3,2022-8-12
2816,2,2022-9-12
2792,4,2022-5-4
1562,6,2022-12-26
1169,1,2022-9-6
2058,4,2022-12-10
2432,2,2022-9-8
1845,1,2022-4-8
1510,3,2022-7-11
1499,6,2022-6-7
2544,4,2022-12-17
1344,2,2022-1-28
1813,6,2022-4-7
2819,2,2022-6-8
2424,5,2022-11-16
2768,4,2022-9-26
1449,5,2022-8-27
2879,4,2022-5-19
1126,2,2022-9-9
2685,1,2022-8-16
2938,2,2022-7-10
2557,3,2022-11-27
2610,1,2022-7-11
1679,3,2022-10-23
1431,3,2022-6-4
2437,5,2022-1-1
2468,4,2022-5-19
2683,5,2022-5-15
1243,1,2022-4-17
2065,5,2022-5-2
2550,5,2022-9-16
2522,6,2022-9-22
2730,1,2022-12-19
2230,1,2022-10-20
1773,4,2022-4-2
1404,4,2022-9-26
2212,4,2022-9-4
1279,6,2022-7-13
1288,3,2022-6-19
2467,5,2022-6-1
2243,3,2022-12-22
1941,3,2022-10-6
2299,6,2022-3-22
2263,2,2022-10-2
1100,4,2022-1-2
2638,4,2022-10-17
2522,3,2022-2-10
1499,4,2022-3-16
2873,1,2022-11-5
2831,6,2022-8-6
1446,1,2022-7-7
2408,3,2022-7-4
2743,6,2022-10-27
1254,2,2022-1-12
1248,5,2022-8-7
2925,5,2022-1-16
2926,3,2022-6-7
1487,6,2022-2-18
1923,3,2022-1-13
2559,3,2022-4-9
1996,2,2022-9-7
2852,3,2022-4-10
2311,1,2022-1-2
1787,5,2022-12-21
2822,2,2022-7-7
2896,6,2022-7-20
1414,2,2022-3-7
2200,3,2022-7-23
2281,3,2022-12-10
2087,5,2022-6-19
1653,5,2022-2-3
2376,1,2022-5-23
1582,3,2022-10-26
1719,6,2022-6-21
1879,2,2022-2-25
2705,6,2022-11-18
1253,6,2022-6-13
2531,5,2022-10-17
2346,2,2022-9-6
1744,6,2022-4-26
2584,3,2022-3-17
1469,5,2022-8-7
1389,2,2022-1-23
2954,4,2022-9-3
2274,5,2022-2-28
1080,4,2022-10-14
1179,4,2022-11-2
1248,4,2022-2-15
1746,1,2022-7-1
1460,1,2022-3-7
1467,5,2022-5-16
1260,4,2022-3-21
1947,5,2022-7-8
1647,1,2022-4-22
2166,5,2022-10-23
2727,2,2022-11-21
2883,3,2022-12-21
1734,2,2022-6-8
1574,2,2022-4-17
1901,2,2022-11-2
2956,6,2022-1-9
2616,1,2022-8-10
2570,1,2022-3-21
1512,4,2022-3-2
2213,6,2022-1-18
1082,5,2022-4-3
2163,5,2022-3-13
2129,3,2022-10-11
2258,5,2022-10-19
1051,2,2022-2-26
1910,1,2022-12-2
2115,1,2022-2-8
1687,4,2022-11-2
2627,1,2022-4-4
2543,1,2022-11-12
1491,1,2022-11-15
1379,4,2022-2-27
2885,5,2022-12-24
2402,2,2022-9-17
1278,3,2022-5-11
2657,4,2022-11-22
2294,5,2022-2-10
2376,5,2022-6-4
1739,3,2022-4-2
2307,6,2022-6-16
2337,1,2022-2-10
2295,4,2022-7-12
1692,1,2022-10-20
1998,2,2022-8-25
2140,2,2022-6-24
2044,5,2022-12-13
2885,4,2022-1-22
1368,2,2022-9-10
2473,4,2022-10-16
2752,4,2022-7-27
1484,1,2022-11-24
1940,6,2022-3-23
1232,3,2022-2-21
1370,5,2022-8-5
1188,4,2022-11-17
2358,5,2022-1-22
2694,3,2022-11-15
1539,5,2022-7-24
2497,1,2022-3-3
2786,3,2022-1-4
2374,2,2022-5-10
1452,2,2022-7-13
1891,5,2022-6-5
1249,6,2022-11-21
2116,2,2022-9-12
1702,3,2022-3-23
1318,1,2022-8-26
1390,6,2022-10-24
1667,4,2022-7-9
2226,6,2022-10-21
2850,2,2022-4-25
2815,4,2022-5-13
2882,5,2022-6-23
2898,6,2022-3-8
1455,4,2022-2-27
1200,1,2022-10-18
1834,1,2022-8-4
2645,6,2022-2-6
1649,3,2022-9-5
2628,4,2022-7-18
1986,1,2022-9-24
2685,3,2022-4-11
1748,4,2022-5-8
2148,5,2022-5-19
1143,2,2022-5-18
2153,1,2022-2-2
2261,1,2022-12-25
1385,5,2022-12-14
2276,2,2022-4-24
1881,3,2022-8-20
1444,4,2022-8-26
1629,5,2022-7-9
1620,6,2022-9-17
1648,3,2022-6-10
1518,5,2022-3-14
1447,6,2022-8-20
2384,2,2022-2-23
2122,1,2022-11-14
2343,2,2022-11-11
1958,6,2022-4-22
2230,6,2022-12-23
2124,1,2022-12-24
1968,5,2022-5-1
2518,6,2022-11-9
1632,4,2022-6-23
2203,3,2022-8-16
1336,1,2022-6-6
2871,6,2022-1-26
2866,1,2022-8-9
2980,1,2022-12-20
1527,4,2022-1-4
2280,4,2022-3-16
1876,1,2022-1-12
2146,3,2022-11-20
2827,6,2022-7-4
1433,2,2022-12-10
1966,4,2022-5-4
2129,5,2022-2-5
1473,3,2022-5-17
2641,5,2022-10-8
2250,1,2022-1-4
1113,1,2022-6-3
1051,5,2022-1-23
2704,4,2022-4-1
1578,2,2022-5-24
1041,6,2022-7-19
1924,2,2022-10-23
1773,5,2022-11-23
1408,2,2022-2-27
2558,6,2022-8-4
2960,2,2022-4-13
2442,5,2022-3-17
1067,6,2022-8-20
1052,1,2022-11-7
2993,3,2022-7-20
2217,2,2022-11-27
1557,5,2022-12-3
1840,4,2022-4-15
2902,6,2022-1-25
2214,4,2022-1-20
1258,4,2022-10-9
1561,3,2022-2-3
2008,5,2022-9-25
2440,2,2022-4-10
1509,3,2022-7-20
2693,1,2022-9-27
1035,1,2022-10-8
1521,2,2022-6-27
1068,4,2022-10-24
1414,3,2022-8-11
2650,2,2022-10-5
2889,3,2022-4-3
1173,3,2022-5-6
2361,1,2022-2-6
1453,6,2022-9-2
2844,5,2022-6-8
2045,4,2022-2-15
2091,2,2022-9-16
2575,3,2022-2-11
2645,5,2022-11-18
1682,2,2022-10-1
1424,5,2022-7-18
1236,5,2022-1-24
1908,5,2022-3-1
1527,2,2022-10-23
1403,5,2022-11-8
2836,5,2022-4-6
1677,6,2022-1-22
2427,4,2022-7-22
1195,6,2022-3-22
1742,5,2022-9-24
1619,1,2022-1-9
2098,4,2022-2-19
1701,3,2022-11-17
2416,4,2022-5-28
1829,4,2022-1-2
2341,6,2022-4-7
2838,3,2022-9-4
2846,1,2022-8-13
2199,4,2022-10-5
2701,6,2022-3-21
1529,2,2022-2-13
1041,5,2022-2-20
2973,5,2022-1-28
1525,3,2022-2-26
2219,3,2022-7-14
1058,5,2022-3-20
1995,1,2022-10-7
2977,4,2022-1-27
1902,6,2022-9-5
2640,1,2022-3-3
2117,2,2022-11-13
2029,2,2022-12-24
1253,5,2022-6-7
1692,4,2022-8-14
1818,5,2022-4-18
2100,5,2022-3-10
1330,2,2022-5-25
2665,3,2022-10-20
1199,5,2022-4-22
1801,3,2022-7-11
1815,4,2022-5-26
2640,2,2022-10-2
1139,2,2022-12-10
1325,6,2022-3-3
1377,5,2022-7-4
1325,4,2022-2-26
2288,2,2022-9-21
1783,5,2022-2-11
1583,6,2022-11-1
2220,1,2022-3-26
2754,3,2022-9-6
2114,4,2022-5-28
2336,2,2022-7-27
1213,1,2022-9-3
2172,3,2022-5-25
2216,4,2022-5-28
1929,1,2022-9-17
2856,5,2022-4-13
1646,4,2022-7-19
1354,2,2022-1-5
1776,6,2022-10-1
2434,2,2022-1-5
2490,1,2022-6-20
2759,5,2022-5-15
1004,6,2022-7-17
2309,5,2022-11-11
1928,2,2022-10-27
1215,6,2022-5-12
1554,1,2022-11-4
1876,6,2022-10-8
2253,5,2022-7-19
1301,4,2022-11-21
1909,2,2022-1-23
2776,4,2022-8-7
2911,1,2022-3-21
1216,5,2022-7-8
2937,1,2022-9-28
2118,5,2022-2-2
1348,5,2022-4-22
1099,5,2022-7-6
1820,4,2022-11-12
2422,1,2022-5-14
1185,1,2022-10-5
2773,1,2022-8-9
1244,2,2022-7-3
1560,3,2022-8-25
2966,4,2022-2-4
1520,1,2022-3-2
1002,6,2022-2-28
2124,3,2022-2-6
2236,6,2022-8-28
1519,4,2022-11-3
1805,3,2022-8-15
1034,3,2022-7-20
2482,5,2022-11-24
1483,4,2022-7-14
2180,4,2022-1-13
1293,6,2022-4-4
1393,3,2022-12-8
1791,6,2022-7-8
1996,4,2022-1-28
2712,5,2022-7-2
1109,5,2022-9-12
2485,5,2022-11-4
1732,1,2022-7-5
1546,4,2022-10-1
1748,6,2022-12-26
2614,5,2022-1-24
1820,1,2022-5-5
1814,4,2022-8-12
2093,1,2022-11-17
2017,4,2022-11-28
2707,3,2022-10-25
1739,5,2022-2-27
1728,2,2022-7-1
2729,2,2022-10-23
1894,5,2022-1-13
1298,1,2022-7-23
1194,4,2022-7-11
2112,5,2022-4-1
2905,6,2022-9-8
2731,4,2022-10-12
1507,4,2022-6-16
2961,1,2022-6-8
1636,6,2022-10-3
1705,2,2022-2-11
1893,1,2022-5-17
2461,6,2022-9-16
2348,3,2022-3-23
1504,5,2022-1-21
1303,1,2022-6-6
1058,6,2022-6-18
1519,5,2022-5-15
1075,3,2022-5-3
1244,1,2022-1-15
2172,2,2022-9-20
2593,5,2022-6-26
2832,5,2022-11-16
2454,2,2022-7-26
1528,2,2022-8-25
2049,6,2022-10-14
1541,6,2022-5-13
2893,1,2022-10-5
1963,3,2022-2-18
2134,4,2022-2-11
1976,3,2022-1-3
1787,3,2022-6-17
2473,5,2022-3-27
1672,6,2022-5-20
1667,3,2022-6-27
2248,1,2022-11-13
1287,5,2022-11-9
1383,1,2022-12-16
2106,2,2022-4-1
2675,2,2022-6-22
1175,6,2022-11-13
2688,5,2022-2-2
1861,4,2022-9-1
1839,4,2022-9-8
2469,4,2022-2-6
1348,2,2022-10-1
1472,3,2022-8-21
1516,6,2022-1-21
2767,6,2022-12-17
1711,1,2022-9-8
2395,3,2022-3-26
1454,1,2022-12-2
2849,2,2022-2-2
2561,3,2022-9-17
2845,6,2022-7-20
2654,4,2022-3-18
2377,1,2022-9-22
2918,2,2022-5-26
2005,2,2022-4-15
2910,2,2022-11-28
2630,1,2022-8-10
1798,2,2022-2-18
1396,5,2022-2-8
1902,3,2022-8-18
1047,3,2022-12-22
1494,3,2022-4-28
1624,6,2022-4-8
2503,3,2022-1-14
1986,4,2022-7-22
1915,1,2022-11-24
2287,4,2022-6-1
1089,6,2022-8-8
1833,1,2022-8-5
1349,3,2022-8-12
2604,4,2022-4-5
2057,2,2022-10-1
1422,2,2022-10-25
2228,3,2022-7-16
2229,2,2022-1-20
2425,2,2022-1-16
1668,6,2022-6-2
2785,6,2022-9-21
2084,3,2022-10-25
2617,5,2022-10-19
2425,1,2022-6-12
1618,2,2022-10-28
1389,3,2022-3-10
2848,2,2022-12-23
2176,1,2022-12-23
1711,5,2022-6-7
1437,5,2022-6-23
2125,6,2022-5-2
2463,3,2022-5-17
1579,3,2022-5-13
2861,2,2022-11-18
2121,3,2022-6-11
2005,5,2022-2-21
2648,6,2022-2-10
1103,5,2022-12-11
1378,4,2022-3-7
1310,2,2022-8-7
1151,4,2022-2-4
1887,5,2022-2-11
1782,3,2022-2-7
2824,6,2022-2-20
2915,4,2022-9-7
1351,6,2022-10-19
2856,4,2022-11-16
2441,3,2022-6-12
1480,5,2022-8-25
2293,3,2022-3-22
1725,2,2022-5-6
1349,1,2022-6-26
1489,4,2022-5-6
2799,2,2022-1-12
2020,5,2022-2-3
2305,1,2022-7-11
2150,3,2022-9-13
2014,1,2022-9-26
1140,3,2022-9-23
2426,5,2022-12-23
2795,5,2022-6-6
1793,4,2022-7-28
1410,1,2022-8-17
1806,5,2022-9-27
2778,4,2022-3-18
2846,4,2022-8-27
1635,6,2022-8-11
2177,4,2022-4-26
2262,6,2022-5-2
1279,5,2022-5-22
1669,6,2022-4-22
2836,3,2022-5-15
2118,2,2022-12-13
2863,5,2022-6-12
2072,3,2022-10-8
2439,6,2022-1-17
2359,2,2022-6-20
1316,3,2022-4-11
1877,2,2022-6-4
2112,4,2022-3-6
1839,5,2022-11-24
1703,2,2022-5-22
2993,6,2022-4-22
1240,2,2022-7-11
2222,1,2022-3-25
1047,4,2022-8-6
2701,4,2022-6-20
2434,3,2022-5-10
1916,5,2022-4-13
1926,1,2022-5-2
2123,3,2022-1-6
1262,5,2022-9-25
1882,6,2022-2-13
2633,1,2022-5-13
2735,5,2022-9-19
2876,1,2022-8-1
2621,5,2022-9-6
2099,1,2022-8-4
2959,3,2022-2-7
1871,5,2022-1-9
2875,3,2022-9-6
1136,1,2022-6-16
2077,2,2022-7-15
1008,3,2022-3-13
2400,3,2022-1-10
1789,3,2022-6-9
2853,4,2022-8-27
2379,4,2022-12-23
2801,2,2022-8-1
1612,4,2022-6-7
1663,5,2022-9-16
2179,4,2022-5-1
2164,4,2022-7-8
2499,2,2022-5-23
2037,4,2022-3-3
1016,6,2022-3-5
1113,2,2022-7-19
1757,6,2022-7-5
2454,6,2022-10-10
1032,6,2022-6-11
1783,1,2022-1-26
1616,5,2022-2-23
1003,5,2022-5-7
2516,3,2022-4-11
2072,1,2022-10-8
2887,2,2022-1-19
2524,6,2022-7-6
2277,2,2022-8-20
2207,6,2022-11-11
2489,1,2022-12-4
1430,6,2022-6-7
2253,1,2022-11-12
1567,3,2022-5-5
1603,1,2022-12-16
2071,3,2022-2-7
1632,2,2022-6-25
2259,1,2022-10-14
1267,5,2022-7-22
1585,2,2022-4-11
1490,2,2022-4-19
1736,1,2022-4-6
1720,3,2022-2-4
1722,6,2022-4-27
1619,4,2022-9-13
1147,5,2022-5-24
2276,3,2022-8-8
2675,6,2022-1-2
1033,3,2022-3-5
1164,2,2022-6-7
2912,2,2022-5-21
1090,4,2022-1-10
1705,6,2022-11-19
2344,6,2022-10-7
1947,4,2022-6-20
1564,6,2022-6-12
2589,4,2022-2-3
1608,1,2022-2-10
1529,5,2022-12-14
2349,1,2022-11-25
1726,6,2022-8-20
2405,4,2022-11-20
1601,3,2022-5-6
2495,6,2022-2-11
2389,4,2022-11-18
2963,4,2022-4-21
2669,3,2022-7-7
1179,5,2022-10-28
1495,3,2022-11-23
1258,5,2022-4-28
2055,5,2022-10-10
1638,2,2022-8-4
2867,4,2022-10-4
1498,6,2022-1-20
1117,1,2022-5-5
1962,1,2022-8-12
1382,2,2022-4-7
2073,6,2022-4-28
2870,2,2022-8-11
2525,1,2022-1-8
2695,3,2022-10-20
1975,2,2022-3-21
1832,4,2022-2-13
2074,3,2022-4-11
1880,1,2022-12-9
1524,5,2022-6-17
1315,4,2022-8-11
2061,5,2022-6-11
2965,5,2022-11-11
1946,3,2022-11-5
2203,5,2022-11-14
2302,6,2022-3-8
1145,5,2022-12-24
2123,2,2022-9-22
2332,2,2022-9-26
2971,2,2022-9-15
1345,1,2022-10-21
2130,3,2022-2-21
1370,3,2022-8-21
1450,1,2022-8-13
1834,6,2022-7-18
2928,5,2022-5-8
1658,1,2022-10-28
1380,1,2022-5-16
2064,4,2022-11-12
1725,5,2022-2-11
1719,5,2022-11-19
2513,1,2022-11-23
1726,4,2022-12-28
1033,2,2022-4-2
2431,4,2022-6-7
2883,4,2022-3-24
2140,6,2022-7-28
1119,3,2022-1-24
2511,2,2022-6-24
1180,1,2022-11-15
2334,1,2022-3-10
2772,1,2022-10-19
2456,4,2022-5-14
2454,3,2022-10-11
2201,2,2022-7-9
2365,2,2022-9-28
2424,4,2022-3-12
1023,1,2022-11-15
1570,5,2022-10-17
2601,4,2022-7-16
2785,3,2022-11-3
2056,3,2022-7-1
1572,4,2022-6-23
2667,3,2022-4-10
2515,1,2022-1-28
2036,2,2022-12-20
1449,4,2022-12-26
2007,4,2022-5-18
2696,4,2022-4-23
1860,1,2022-4-23
1770,4,2022-10-12
2925,4,2022-1-13
1138,2,2022-8-12
1396,4,2022-5-11
2621,2,2022-6-13
2041,6,2022-2-16
1753,4,2022-10-2
2971,5,2022-4-13
2628,1,2022-7-22
2742,4,2022-5-13
2488,3,2022-12-23
2814,2,2022-3-17
2667,1,2022-6-2
1966,5,2022-5-15
1436,5,2022-8-3
2454,1,2022-11-7
1007,4,2022-11-17
1588,1,2022-10-12
2193,5,2022-12-17
2268,6,2022-3-12
1423,3,2022-10-4
1969,6,2022-2-24
1560,1,2022-5-3
2501,5,2022-4-6
1826,4,2022-3-12
1377,2,2022-4-18
1811,6,2022-7-18
2246,3,2022-7-14
1640,2,2022-1-21
2836,1,2022-5-7
1011,4,2022-8-19
2121,6,2022-9-11
2577,4,2022-5-13
2825,4,2022-8-28
2636,4,2022-12-19
1921,5,2022-7-9
2245,2,2022-3-2
2762,1,2022-4-28
1073,4,2022-4-23
2338,2,2022-7-4
2653,3,2022-3-4
1786,5,2022-2-6
2462,2,2022-1-26
2218,2,2022-7-8
1287,1,2022-5-26
1954,3,2022-11-27
2869,3,2022-11-19
1604,1,2022-12-9
2263,3,2022-2-1
2457,2,2022-5-6
1533,5,2022-1-15
2020,2,2022-1-11
1257,2,2022-4-16
1036,2,2022-7-27
1111,6,2022-4-26
2658,6,2022-10-27
2732,3,2022-9-10
1166,4,2022-5-14
1216,6,2022-1-23
2935,2,2022-12-22
1679,6,2022-11-28
1299,5,2022-11-15
2379,5,2022-3-11
2023,6,2022-12-16
2568,6,2022-4-12
1816,1,2022-6-17
1649,2,2022-5-9
1699,3,2022-2-21
2221,2,2022-8-23
1900,1,2022-5-10
1850,4,2022-8-8
2834,3,2022-12-7
1586,3,2022-7-21
1634,6,2022-4-13
2909,5,2022-9-16
1983,1,2022-8-12
2505,1,2022-2-7
1272,4,2022-8-8
2530,4,2022-12-9
2172,5,2022-5-4
2692,1,2022-10-20
1109,3,2022-10-12
2424,6,2022-1-4
1806,2,2022-12-24
2525,2,2022-2-2
1056,6,2022-12-5
1317,1,2022-10-23
2124,4,2022-12-7
2889,4,2022-3-26
1474,5,2022-7-9
2855,5,2022-2-15
2453,5,2022-11-16
2535,4,2022-5-24
1717,6,2022-12-19
2620,6,2022-5-12
1111,4,2022-6-24
1046,4,2022-5-5
2479,3,2022-12-12
2048,5,2022-5-2
1740,4,2022-9-24
1366,5,2022-9-12
1750,5,2022-11-20
2034,5,2022-11-13
1206,6,2022-2-21
1341,4,2022-2-24
2476,6,2022-5-7
1389,4,2022-9-6
1710,3,2022-7-25
2915,5,2022-12-26
2625,2,2022-9-9
2157,6,2022-11-14
1101,6,2022-10-15
2110,3,2022-3-1
1509,5,2022-9-1
1518,4,2022-11-22
2086,4,2022-12-24
2933,3,2022-2-1
1025,6,2022-10-24
2387,5,2022-4-20
2244,3,2022-1-20
1749,1,2022-10-15
1385,1,2022-8-22
2354,6,2022-8-26
2060,4,2022-2-17
2287,5,2022-3-25
2895,3,2022-5-9
1590,6,2022-5-17
1337,2,2022-11-10
1883,4,2022-2-4
2187,3,2022-8-17
2975,6,2022-10-25
1791,3,2022-10-5
1646,1,2022-4-2
1396,6,2022-3-2
1204,2,2022-7-3
2458,6,2022-12-11
1162,5,2022-2-23
2111,1,2022-4-20
1545,5,2022-2-11
2958,2,2022-5-24
2551,6,2022-6-14
1328,6,2022-11-9
2988,1,2022-2-14
2313,1,2022-11-16
1933,3,2022-9-22
2833,5,2022-2-17
2422,5,2022-10-10
1581,5,2022-7-28
2541,6,2022-11-26
2104,1,2022-11-14
1951,3,2022-6-2
1875,5,2022-10-3
2595,5,2022-3-17
1025,1,2022-11-28
1857,4,2022-12-3
1159,1,2022-9-11
2574,6,2022-4-12
2469,2,2022-2-20
2843,6,2022-10-22
1089,4,2022-5-23
1098,2,2022-6-12
2473,1,2022-12-12
2941,1,2022-9-5
2926,1,2022-6-1
2315,4,2022-2-19
2370,6,2022-9-2
1636,2,2022-6-3
1144,5,2022-12-28
1432,2,2022-6-23
1163,4,2022-3-2
2872,5,2022-10-27
1814,2,2022-8-14
1618,3,2022-5-27
1479,6,2022-10-23
1336,2,2022-2-15
2496,2,2022-11-21
1601,1,2022-8-12
2904,6,2022-2-10
2792,5,2022-8-12
2088,6,2022-1-25
1079,1,2022-4-25
1852,1,2022-6-2
1465,1,2022-5-27
1617,6,2022-8-13
1864,1,2022-11-6
1349,5,2022-4-22
1357,4,2022-8-16
2797,5,2022-11-22
2335,4,2022-8-28
1964,4,2022-8-13
2065,1,2022-1-16
2024,6,2022-5-25
1368,3,2022-11-24
2800,5,2022-9-5
2805,2,2022-5-9
2366,6,2022-7-7
2727,5,2022-6-16
2801,5,2022-8-3
1757,3,2022-11-1
2052,1,2022-9-4
2597,5,2022-5-23
1819,2,2022-11-22
1026,2,2022-8-25
2972,1,2022-1-9
2155,3,2022-6-4
2833,3,2022-1-12
1815,2,2022-4-16
1002,1,2022-8-2
1749,6,2022-11-26
2323,3,2022-12-3
2730,4,2022-4-19
2019,4,2022-11-7
1872,6,2022-7-20
1877,4,2022-6-18
1523,4,2022-5-27
2125,5,2022-11-14
1757,1,2022-5-18
2061,3,2022-2-14
1768,6,2022-8-7
1346,2,2022-9-9
2607,6,2022-6-15
1021,3,2022-3-25
2127,2,2022-4-8
1027,6,2022-6-6
2040,1,2022-1-24
1796,1,2022-3-3
2294,4,2022-12-22
2996,6,2022-7-23
2615,5,2022-2-1
2554,1,2022-10-18
1337,1,2022-5-15
1022,4,2022-8-5
2431,2,2022-12-3
1160,4,2022-12-3
2987,6,2022-1-22
1865,1,2022-10-7
1632,3,2022-6-7
2382,3,2022-6-14
2422,2,2022-12-7
1535,1,2022-11-22
1996,5,2022-4-17
2986,2,2022-6-11
2670,1,2022-9-11
2163,4,2022-1-22
2552,2,2022-9-17
2178,4,2022-5-3
2852,4,2022-8-5
1053,3,2022-10-13
1175,3,2022-9-8
1437,1,2022-4-13
2716,3,2022-9-23
2521,6,2022-9-25
1136,4,2022-7-16
2510,4,2022-5-24
1030,1,2022-8-24
2147,1,2022-7-16
2585,3,2022-8-11
2277,4,2022-6-11
2779,6,2022-11-8
2718,5,2022-5-18
2354,5,2022-10-8
2465,3,2022-6-5
2300,4,2022-11-22
2682,1,2022-12-20
2377,4,2022-11-16
2517,1,2022-1-15
1662,6,2022-3-11
2444,3,2022-3-18
1627,3,2022-5-2
2897,4,2022-3-1
1816,2,2022-3-10
1503,2,2022-8-12
1643,3,2022-3-22
1120,2,2022-3-21
2493,3,2022-8-20
2610,6,2022-2-12
2588,2,2022-2-24
1812,3,2022-10-14
2771,5,2022-5-3
1241,6,2022-5-4
2477,1,2022-9-10
2574,5,2022-10-23
2817,5,2022-11-2
1076,2,2022-10-19
2473,6,2022-11-23
1345,3,2022-9-15
2811,4,2022-1-23
2395,5,2022-11-20
2193,1,2022-9-23
1539,6,2022-8-22
2319,1,2022-12-17
2018,6,2022-3-5
1535,3,2022-2-16
1039,1,2022-4-21
1068,6,2022-11-26
2859,1,2022-9-10
2021,2,2022-8-16
1834,3,2022-4-12
2780,2,2022-3-2
1852,3,2022-5-9
2698,3,2022-12-1
1857,5,2022-3-19
2418,3,2022-3-25
2038,6,2022-5-17
2714,1,2022-2-23
1457,4,2022-10-10
1995,3,2022-7-19
1577,1,2022-4-25
2961,3,2022-10-10
2850,5,2022-1-23
2243,1,2022-2-28
2460,3,2022-12-22
1344,6,2022-12-16
1088,4,2022-1-22
1493,3,2022-3-19
1773,6,2022-12-15
1227,6,2022-4-25
2434,5,2022-5-24
1698,2,2022-12-11
2491,6,2022-9-5
2165,4,2022-2-20
1335,5,2022-3-5
2301,5,2022-12-10
1584,6,2022-9-24
1204,1,2022-3-15
1881,6,2022-10-21
2138,2,2022-4-1
1970,6,2022-9-13
2638,1,2022-5-28
2087,2,2022-7-3
1817,2,2022-8-11
2208,1,2022-9-9
2324,2,2022-9-25
2578,6,2022-9-23
2021,1,2022-9-24
1184,6,2022-12-18
2170,3,2022-6-3
2944,3,2022-10-21
2534,5,2022-9-18
2120,1,2022-11-1
2684,4,2022-3-25
1989,6,2022-4-25
1266,2,2022-5-18
2950,4,2022-8-15
1187,1,2022-8-4
2110,6,2022-1-26
2317,3,2022-2-25
1799,6,2022-4-18
2417,3,2022-12-24
1889,6,2022-4-10
1630,2,2022-6-11
2009,6,2022-8-19
2187,1,2022-3-20
1575,1,2022-2-2
2542,3,2022-9-15
1398,3,2022-10-9
1149,2,2022-3-3
1552,1,2022-7-26
2484,5,2022-7-7
2510,5,2022-4-2
1310,3,2022-4-28
1730,4,2022-8-1
1442,3,2022-1-9
1764,3,2022-5-9
1481,6,2022-8-14
1686,2,2022-6-13
1943,6,2022-1-5
2123,5,2022-2-6
1322,4,2022-11-28
2006,6,2022-12-4
2668,2,2022-7-11
1369,6,2022-1-13
1454,4,2022-10-27
1273,5,2022-12-21
2797,6,2022-2-7
2552,1,2022-1-9
2150,4,2022-3-25
2721,5,2022-11-24
2682,6,2022-8-4
2256,4,2022-7-16
1513,4,2022-1-15
1828,1,2022-6-13
2422,4,2022-12-8
1680,1,2022-5-7
2627,3,2022-6-23
2949,6,2022-6-4
1197,1,2022-12-13
2264,6,2022-7-25
1665,2,2022-11-5
1270,6,2022-6-3
2319,4,2022-10-25
1214,1,2022-10-21
2570,2,2022-10-3
2471,3,2022-8-21
2336,5,2022-11-17
2694,5,2022-8-24
1850,5,2022-11-19
2382,6,2022-10-22
2120,5,2022-5-27
1291,1,2022-6-7
1123,1,2022-11-13
2530,3,2022-3-7
1799,4,2022-12-28
1121,3,2022-1-15
2419,5,2022-3-25
1761,6,2022-5-26
1756,6,2022-5-14
2612,5,2022-12-22
2214,2,2022-8-8
1207,6,2022-6-26
1718,2,2022-2-24
2965,1,2022-1-16
1629,6,2022-2-14
1868,6,2022-3-1
1508,6,2022-2-8
2926,4,2022-4-1
2450,6,2022-7-25
1032,5,2022-5-6
1610,5,2022-11-9
1753,5,2022-4-28
1251,3,2022-7-18
1554,3,2022-5-2
2794,3,2022-9-16
1506,4,2022-9-1
2697,2,2022-10-16
1811,2,2022-4-8
2675,4,2022-3-8
1853,1,2022-5-18
1041,3,2022-4-9
2055,6,2022-7-9
2148,6,2022-7-24
2523,1,2022-6-9
1370,1,2022-9-3
2190,2,2022-7-4
2583,1,2022-10-14
2962,5,2022-8-20
1592,6,2022-10-10
2146,4,2022-8-10
2598,3,2022-10-27
1675,5,2022-3-23
2494,4,2022-6-25
2425,3,2022-8-23
1761,2,2022-5-7
2409,1,2022-4-10
2480,2,2022-2-21
1420,3,2022-5-28
1390,2,2022-6-16
1913,2,2022-7-17
2835,2,2022-2-22
2895,6,2022-8-15
1780,6,2022-2-23
1569,4,2022-1-20
1311,3,2022-5-23
2630,3,2022-9-7
2577,6,2022-2-10
1121,1,2022-4-25
2527,4,2022-9-28
1447,5,2022-3-24
2371,5,2022-2-16
1583,5,2022-7-3
1239,4,2022-1-10
1855,2,2022-6-17
1170,3,2022-1-4
1173,2,2022-6-23
2478,4,2022-7-6
2562,4,2022-12-4
2466,5,2022-2-2
2985,5,2022-11-27
1741,2,2022-7-6
1513,2,2022-11-17
1555,3,2022-5-14
1612,1,2022-12-16
2778,6,2022-7-13
2348,2,2022-2-13
2081,6,2022-11-22
1591,5,2022-10-6
1194,1,2022-3-20
2287,6,2022-7-23
1830,5,2022-8-2
2787,5,2022-5-23
2508,5,2022-11-22
1334,1,2022-8-5
1910,6,2022-9-28
1059,4,2022-5-24
1552,3,2022-5-28
2578,3,2022-5-28
1089,5,2022-6-4
1670,4,2022-11-17
1293,3,2022-7-7
2348,1,2022-2-16
2570,3,2022-6-4
2710,1,2022-12-12
2973,6,2022-6-6
2599,1,2022-3-11
2621,4,2022-3-5
2632,5,2022-2-6
2776,5,2022-9-19
2279,2,2022-2-1
1702,6,2022-5-23
1926,6,2022-3-23
1317,4,2022-7-9
1845,2,2022-12-3
1649,4,2022-8-13
2618,3,2022-12-3
1867,4,2022-7-9
1237,5,2022-7-16
2419,6,2022-3-24
2581,2,2022-8-1
2430,5,2022-1-15
1503,4,2022-8-13
2610,5,2022-8-2
1833,5,2022-8-14
2198,4,2022-7-11
2156,5,2022-9-17
2939,5,2022-2-4
2189,2,2022-12-16
2536,3,2022-10-22
2717,5,2022-9-1
2630,5,2022-9-5
1129,4,2022-2-23
2990,6,2022-6-5
2547,6,2022-6-9
2136,6,2022-5-9
2919,6,2022-10-25
1922,6,2022-6-27
1722,3,2022-7-12
1433,1,2022-8-10
1448,4,2022-6-9
2116,4,2022-2-27
2809,2,2022-11-16
1613,5,2022-11-11
1759,4,2022-12-19
1960,6,2022-12-20
2404,4,2022-3-27
2944,2,2022-11-22
1880,5,2022-6-13
1792,2,2022-12-17
1927,4,2022-1-22
1285,5,2022-9-21
2822,4,2022-6-26
1859,4,2022-11-4
2278,4,2022-6-28
2716,2,2022-5-8
1741,5,2022-9-22
1414,1,2022-11-8
2703,1,2022-9-9
1937,5,2022-5-9
2260,6,2022-6-6
2301,2,2022-5-12
2032,6,2022-6-26
1455,5,2022-1-2
2636,6,2022-10-16
1677,5,2022-2-23
2375,5,2022-12-11
2097,4,2022-7-16
1405,5,2022-5-14
1874,3,2022-7-16
1325,2,2022-6-12
1969,1,2022-6-25
1867,6,2022-6-27
2486,6,2022-4-17
2565,3,2022-4-1
2156,3,2022-5-28
2513,3,2022-7-19
1659,3,2022-10-19
2358,2,2022-2-7
2855,3,2022-11-24
1427,6,2022-2-20
1979,5,2022-9-18
2364,2,2022-2-11
1429,5,2022-2-20
2007,6,2022-6-5
1747,5,2022-9-10
2690,4,2022-4-4
1608,4,2022-1-20
2755,6,2022-4-23
2101,2,2022-1-3
1918,2,2022-1-16
1793,3,2022-6-3
2168,4,2022-6-1
1202,1,2022-11-16
2761,6,2022-6-25
1626,3,2022-3-2
1723,5,2022-1-10
2135,6,2022-1-25
1921,3,2022-4-2
1642,5,2022-4-22
1778,2,2022-4-3
1959,4,2022-6-14
2730,5,2022-5-26
1138,6,2022-1-18
2914,3,2022-4-28
2363,1,2022-11-20
1146,5,2022-10-7
1484,3,2022-12-1
2869,2,2022-12-15
1623,3,2022-12-26
1954,1,2022-11-25
2702,5,2022-7-7
1603,2,2022-9-26
1476,1,2022-10-25
2679,1,2022-2-12
1181,3,2022-10-24
1738,2,2022-1-13
1119,1,2022-10-27
2783,5,2022-10-7
1207,2,2022-11-6
2248,6,2022-6-10
1628,5,2022-12-27
1769,6,2022-11-23
1114,2,2022-10-19
1318,6,2022-5-1
1354,6,2022-5-26
1409,6,2022-9-16
2601,6,2022-3-14
1074,3,2022-8-16
1955,3,2022-6-18
2806,1,2022-9-9
1385,6,2022-11-12
2276,5,2022-1-22
1203,5,2022-12-23
2514,5,2022-11-13
1950,5,2022-9-20
1521,5,2022-8-2
2519,5,2022-10-15
2566,4,2022-6-13
1855,6,2022-2-8
2327,5,2022-6-24
1365,6,2022-3-3
2528,3,2022-7-12
2273,3,2022-6-20
1456,5,2022-6-12
2235,3,2022-1-26
1621,1,2022-6-23
2345,3,2022-4-10
1412,4,2022-12-22
2847,4,2022-8-27
2043,4,2022-2-15
1542,5,2022-5-6
2163,2,2022-6-5
1431,5,2022-11-26
2015,5,2022-3-3
2590,6,2022-10-21
1339,5,2022-12-19
2991,3,2022-3-5
2507,2,2022-6-6
2433,5,2022-6-21
1715,3,2022-11-3
1589,6,2022-5-9
1786,4,2022-10-28
2913,5,2022-2-7
2715,1,2022-10-4
1048,5,2022-9-28
1988,6,2022-9-11
2004,3,2022-1-28
1835,5,2022-9-12
2318,2,2022-6-21
2173,6,2022-8-7
1004,5,2022-9-25
2500,6,2022-3-20
1591,3,2022-5-26
2281,1,2022-3-8
2057,3,2022-6-12
2064,3,2022-8-1
2573,1,2022-3-19
2704,2,2022-8-3
2269,5,2022-7-2
2774,2,2022-9-22
1812,5,2022-4-20
1313,1,2022-6-1
1990,3,2022-11-20
1421,4,2022-1-9
2486,2,2022-8-21
1736,3,2022-12-4
2631,6,2022-12-12
1066,4,2022-6-19
1537,5,2022-1-16
2462,4,2022-2-5
1372,2,2022-7-20
2460,2,2022-4-9
1066,6,2022-11-10
2224,3,2022-7-9
1574,5,2022-12-12
2593,1,2022-12-10
1347,5,2022-12-23
2300,2,2022-2-11
2695,5,2022-3-25
2038,1,2022-12-21
1298,2,2022-11-25
2436,6,2022-5-21
2479,2,2022-7-15
2067,4,2022-5-12
1871,2,2022-9-27
1576,5,2022-1-7
1727,3,2022-1-2
2544,2,2022-10-9
1386,2,2022-5-20
1106,2,2022-8-2
2144,1,2022-10-4
2602,3,2022-8-16
1619,5,2022-9-19
2935,3,2022-11-8
2597,3,2022-9-21
1451,2,2022-5-10
2360,6,2022-8-7
1514,6,2022-8-8
1981,5,2022-4-10
2917,2,2022-8-18
1953,1,2022-6-3
2129,6,2022-8-21
1207,4,2022-3-17
1278,2,2022-6-5
2335,2,2022-4-10
2370,2,2022-5-8
1101,5,2022-8-23
2913,1,2022-12-14
2678,4,2022-4-1
2191,2,2022-3-21
2002,4,2022-12-15
2812,6,2022-2-24
2740,2,2022-11-3
2848,4,2022-6-28
2609,3,2022-9-28
2728,1,2022-3-10
2120,4,2022-11-8
1342,3,2022-10-18
1032,1,2022-10-3
2400,6,2022-2-27
1945,5,2022-7-28
2591,5,2022-4-10
2594,1,2022-3-15
1053,6,2022-9-21
1231,1,2022-3-9
1205,5,2022-10-10
2001,5,2022-5-23
1672,2,2022-12-24
1775,2,2022-7-26
1333,3,2022-12-23
2277,3,2022-9-16
2474,2,2022-1-27
1507,1,2022-12-1
1896,2,2022-7-18
1309,6,2022-3-14
1036,3,2022-4-27
2758,1,2022-6-19
1413,5,2022-1-19
1342,6,2022-9-19
1726,1,2022-3-2
2919,2,2022-4-6
2855,6,2022-4-26
1416,5,2022-2-27
2453,3,2022-7-20
2643,4,2022-1-5
2723,3,2022-6-15
2684,6,2022-1-12
2544,6,2022-11-21
1639,6,2022-2-12
1949,3,2022-2-14
2001,6,2022-5-11
2934,6,2022-12-26
2666,3,2022-1-17
1338,3,2022-10-26
2450,1,2022-8-18
2990,3,2022-9-10
2369,5,2022-2-26
2790,3,2022-4-3
2065,2,2022-2-23
1653,4,2022-4-15
1696,3,2022-4-27
1587,3,2022-11-26
2243,5,2022-2-27
1610,6,2022-10-21
2285,3,2022-10-23
1393,2,2022-3-14
2868,4,2022-10-25
2428,4,2022-12-22
2542,1,2022-6-20
2385,6,2022-11-3
1837,2,2022-6-21
2503,1,2022-9-19
1871,3,2022-4-7
2421,6,2022-4-12
2623,5,2022-11-10
2679,2,2022-12-2
1604,5,2022-11-24
2932,5,2022-12-28
1436,2,2022-5-1
2412,6,2022-7-14
2955,4,2022-9-21
2465,2,2022-7-24
1699,5,2022-7-18
2354,4,2022-4-24
1202,6,2022-5-2
2188,6,2022-10-16
1516,5,2022-5-9
1044,4,2022-8-6
2690,5,2022-3-27
1460,2,2022-5-28
1669,2,2022-3-12
1331,1,2022-1-3
2907,6,2022-1-7
2976,2,2022-12-6
2481,6,2022-4-19
2991,2,2022-11-3
2055,1,2022-7-6
1480,3,2022-1-14
2859,5,2022-8-17
1263,1,2022-10-15
1704,2,2022-9-24
1992,2,2022-9-9
1756,3,2022-11-1
1689,6,2022-6-20
2025,5,2022-1-19
1588,6,2022-1-17
2484,3,2022-6-8
2310,6,2022-7-25
1299,2,2022-6-27
2186,4,2022-3-12
1012,1,2022-4-26
2441,1,2022-7-23
1999,6,2022-8-9
2256,3,2022-11-1
2094,4,2022-3-24
1370,2,2022-5-3
2684,2,2022-12-15
2692,3,2022-7-4
2443,6,2022-12-28
1372,1,2022-3-22
2180,6,2022-2-13
2089,2,2022-10-2
1465,3,2022-7-16
1182,3,2022-5-25
2148,1,2022-5-3
2039,2,2022-4-16
2204,3,2022-1-27
2559,5,2022-11-12
1977,2,2022-3-19
2721,6,2022-9-19
1625,6,2022-7-22
1913,4,2022-10-1
1239,2,2022-5-17
2349,6,2022-12-6
1943,5,2022-7-25
1294,4,2022-11-7
1526,2,2022-8-4
2371,1,2022-1-22
1535,4,2022-12-12
2304,1,2022-2-19
2801,1,2022-6-14
1733,1,2022-11-3
2622,4,2022-12-8
2420,2,2022-5-6
1304,4,2022-3-11
2537,2,2022-5-1
2251,6,2022-1-21
2980,5,2022-8-6
1455,1,2022-4-6
1406,4,2022-1-20
1390,4,2022-12-7
2799,4,2022-5-14
2247,5,2022-9-12
1207,5,2022-6-9
2874,4,2022-11-21
2381,5,2022-11-27
1217,4,2022-12-16
2644,6,2022-4-2
1262,2,2022-5-15
1946,5,2022-1-9
2499,6,2022-6-21
2183,1,2022-10-13
1168,2,2022-9-5
1935,6,2022-4-28
2462,6,2022-3-26
2848,3,2022-8-6
2644,3,2022-3-15
1271,3,2022-10-13
2880,6,2022-1-27
1367,1,2022-6-21
1589,2,2022-11-26
1101,3,2022-10-28
1834,5,2022-9-19
2934,4,2022-4-7
2339,2,2022-10-10
2984,1,2022-11-20
2834,4,2022-10-19
1703,6,2022-9-11
2743,4,2022-4-24
2230,5,2022-8-23
1233,3,2022-1-9
1314,2,2022-4-8
1772,5,2022-6-15
2660,3,2022-7-13
2189,4,2022-5-8
2938,6,2022-2-8
1148,6,2022-2-18
1647,2,2022-5-22
1040,6,2022-4-6
2218,6,2022-5-11
1645,2,2022-5-16
2543,3,2022-11-9
2915,3,2022-4-7
1177,2,2022-7-1
2964,2,2022-12-3
1003,1,2022-9-27
1649,5,2022-6-6
1995,5,2022-4-15
2155,2,2022-10-19
2791,2,2022-12-14
1105,6,2022-3-23
2688,4,2022-2-22
2800,2,2022-3-12
1124,3,2022-6-13
1677,1,2022-8-17
2535,6,2022-4-2
2532,1,2022-4-12
1885,3,2022-1-20
1187,6,2022-11-11
2533,4,2022-6-7
1242,3,2022-4-5
1877,1,2022-1-26
2018,3,2022-10-5
1035,6,2022-5-15
1160,5,2022-6-5
1685,4,2022-1-5
2355,2,2022-12-16
2941,4,2022-9-27
2384,3,2022-12-13
2799,6,2022-2-2
1127,1,2022-2-11
1400,4,2022-6-26
2870,4,2022-11-8
2584,2,2022-3-23
1884,2,2022-9-10
1034,6,2022-6-8
2750,2,2022-7-8
1085,4,2022-7-26
2804,4,2022-2-16
2740,1,2022-4-6
2404,2,2022-12-15
2658,5,2022-9-24
2804,5,2022-4-11
2020,3,2022-10-18
2713,2,2022-4-23
2499,5,2022-3-15
1324,5,2022-8-18
1547,4,2022-10-10
2689,6,2022-2-14
2937,2,2022-12-26
2109,3,2022-4-23
1960,1,2022-2-14
2426,2,2022-2-9
1429,1,2022-10-19
2177,3,2022-1-4
2070,3,2022-1-27
2946,2,2022-9-8
1368,6,2022-9-27
1942,4,2022-3-10
1418,1,2022-6-1
1479,3,2022-8-12
1717,5,2022-1-11
1896,1,2022-7-26
1685,6,2022-9-16
1164,5,2022-4-26
1031,1,2022-3-8
1064,4,2022-9-8
1711,2,2022-1-20
2597,6,2022-7-8
1428,3,2022-7-3
1324,3,2022-10-4
1838,4,2022-11-25
2969,6,2022-6-28
1633,4,2022-3-24
1432,6,2022-3-6
2543,4,2022-6-21
1958,5,2022-3-21
1507,3,2022-11-20
1305,6,2022-7-17
1502,2,2022-1-12
1168,1,2022-8-27
1272,2,2022-1-4
1900,3,2022-6-20
2889,5,2022-8-17
1762,6,2022-12-27
2401,3,2022-6-2
1155,6,2022-6-17
2735,1,2022-6-18
1694,1,2022-9-23
1798,3,2022-4-17
2999,4,2022-5-25
1954,5,2022-3-9
1774,4,2022-12-6
1941,4,2022-8-13
1933,2,2022-4-11
1963,2,2022-8-1
2616,2,2022-1-26
2957,2,2022-1-2
1020,6,2022-5-27
1289,2,2022-10-22
2540,4,2022-8-5
2038,2,2022-2-24
1310,5,2022-2-9
2715,4,2022-5-11
2445,6,2022-11-14
1950,2,2022-5-3
2920,2,2022-4-27
1353,6,2022-2-28
1962,6,2022-9-17
1332,3,2022-7-3
2018,5,2022-12-14
2070,1,2022-9-6
2206,2,2022-6-15
1389,6,2022-8-17
1381,1,2022-2-18
2526,2,2022-5-23
2916,2,2022-9-20
2171,4,2022-7-15
2805,1,2022-9-18
1567,1,2022-1-12
2378,5,2022-5-25
2260,3,2022-6-28
1893,3,2022-1-4
1044,2,2022-4-21
2329,1,2022-5-11
1762,3,2022-8-28
1960,3,2022-11-5
2953,5,2022-8-6
1615,2,2022-3-26
2676,3,2022-5-13
2545,4,2022-11-8
1729,1,2022-5-25
2129,1,2022-12-4
1177,4,2022-4-12
2307,4,2022-5-24
2671,4,2022-10-4
2700,5,2022-12-28
1959,3,2022-11-28
1384,2,2022-6-27
1141,5,2022-7-15
2306,3,2022-10-15
1346,4,2022-4-3
1905,5,2022-12-23
1927,2,2022-8-20
2941,6,2022-11-10
1647,6,2022-5-7
1620,5,2022-3-16
2406,6,2022-3-7
1018,5,2022-10-19
1426,4,2022-5-25
1813,5,2022-1-19
1365,4,2022-12-21
1218,2,2022-6-8
1825,4,2022-12-2
2285,5,2022-4-10
1751,1,2022-8-21
1633,3,2022-8-8
1353,5,2022-7-7
1488,3,2022-12-12
1395,5,2022-10-11
2488,6,2022-11-19
1337,5,2022-9-3
2974,1,2022-10-23
2617,3,2022-6-9
1833,3,2022-6-8
1331,4,2022-2-27
2269,4,2022-11-22
1332,1,2022-6-18
1897,2,2022-9-8
1755,4,2022-4-24
1503,5,2022-7-16
1344,4,2022-5-6
2427,6,2022-1-19
1204,3,2022-4-2
2546,5,2022-12-25
2489,3,2022-3-10
1199,6,2022-1-6
2416,6,2022-4-23
2056,6,2022-8-28
2228,5,2022-1-2
2606,2,2022-6-22
1525,6,2022-3-21
2646,1,2022-5-5
2304,5,2022-10-5
1611,4,2022-5-2
2603,3,2022-10-28
2845,5,2022-1-19
2931,4,2022-12-11
2365,1,2022-2-18
2396,3,2022-10-27
2704,6,2022-10-17
1319,4,2022-6-18
1519,3,2022-10-16
2470,5,2022-11-27
1006,6,2022-2-11
2399,6,2022-12-20
2438,3,2022-11-6
1656,4,2022-1-15
1444,2,2022-8-11
2057,4,2022-11-28
1189,1,2022-10-28
2660,5,2022-6-28
1703,3,2022-4-12
2170,2,2022-10-22
2404,1,2022-12-8
2783,4,2022-10-3
1969,5,2022-4-5
1094,1,2022-4-8
1399,3,2022-1-25
1158,3,2022-2-12
1274,2,2022-8-15
2874,6,2022-10-7
1988,3,2022-5-13
2415,4,2022-11-14
1359,6,2022-7-10
1466,3,2022-10-24
1347,4,2022-5-17
1501,5,2022-3-7
1898,3,2022-6-26
2829,2,2022-10-12
2484,2,2022-10-21
2207,3,2022-1-17
1215,3,2022-4-4
2211,4,2022-11-23
1690,5,2022-10-4
2589,2,2022-5-23
2008,6,2022-10-13
2815,6,2022-7-7
1545,4,2022-4-3
1272,1,2022-8-6
1858,4,2022-6-17
2215,6,2022-9-23
2720,6,2022-1-27
1247,5,2022-11-9
1106,5,2022-5-15
2896,1,2022-10-11
2708,1,2022-7-8
1163,1,2022-1-7
2707,5,2022-11-9
2668,6,2022-5-19
2954,5,2022-6-17
1539,2,2022-9-28
1424,4,2022-12-7
1229,1,2022-11-15
2097,1,2022-12-16
1588,5,2022-4-6
1912,6,2022-12-19
2748,2,2022-4-17
1792,3,2022-5-20
1068,1,2022-10-21
2307,2,2022-11-12
1253,4,2022-9-18
2781,2,2022-11-26
1891,3,2022-12-14
1515,5,2022-10-24
1928,6,2022-11-12
2433,4,2022-7-23
2260,2,2022-7-10
2838,4,2022-10-28
1508,4,2022-2-28
2551,5,2022-7-12
2266,5,2022-1-1
2528,1,2022-1-5
1257,1,2022-12-11
2083,5,2022-11-18
1675,1,2022-8-27
2368,6,2022-9-22
2002,2,2022-10-3
1949,1,2022-10-9
1531,3,2022-7-15
1783,3,2022-11-1
2520,1,2022-12-19
1689,4,2022-11-3
1316,5,2022-12-17
1999,1,2022-2-2
1012,5,2022-8-25
2310,5,2022-1-10
2192,5,2022-8-8
2923,5,2022-12-18
1591,2,2022-4-3
1715,4,2022-11-20
1779,4,2022-1-5
1088,5,2022-7-17
1627,1,2022-8-24
1616,3,2022-9-21
2232,2,2022-3-2
1230,1,2022-2-14
2139,3,2022-6-20
1746,3,2022-8-9
2988,6,2022-11-5
2972,2,2022-8-10
2875,6,2022-10-4
2535,2,2022-9-26
2391,4,2022-6-12
2804,6,2022-3-24
1515,1,2022-9-3
2697,5,2022-7-4
2320,1,2022-4-2
2324,1,2022-5-19
1672,4,2022-7-10
1476,6,2022-10-9
2843,3,2022-11-1
1084,3,2022-7-3
2737,5,2022-1-11
2914,5,2022-4-7
2203,6,2022-9-7
1133,4,2022-11-7
2545,6,2022-6-24
2432,4,2022-1-24
1258,2,2022-9-3
2869,5,2022-8-2
1544,3,2022-5-8
1657,5,2022-5-1
2143,6,2022-2-14
2560,1,2022-10-6
2042,1,2022-7-6
2350,4,2022-10-26
2003,2,2022-8-19
1229,2,2022-7-19
1218,6,2022-3-23
2078,3,2022-3-6
2558,5,2022-4-6
1318,5,2022-12-1
2375,3,2022-6-5
1956,1,2022-9-6
1311,6,2022-1-25
1831,2,2022-5-20
2563,4,2022-11-11
1462,3,2022-10-16
2781,1,2022-6-15
1605,1,2022-6-8
1915,3,2022-1-22
1300,5,2022-10-9
1360,2,2022-8-27
1847,1,2022-6-24
1915,2,2022-12-7
1417,3,2022-11-24
2660,2,2022-6-12
1963,1,2022-2-7
2468,1,2022-1-11
2308,5,2022-3-20
1667,5,2022-6-25
2218,5,2022-7-28
2169,3,2022-11-7
1784,5,2022-5-8
2764,4,2022-7-9
1394,4,2022-5-12
2154,6,2022-3-18
1542,4,2022-1-3
2759,1,2022-3-15
1018,1,2022-12-26
1299,6,2022-8-17
1165,5,2022-11-6
1233,6,2022-11-22
2417,2,2022-6-18
1208,1,2022-9-26
1220,2,2022-4-9
1277,5,2022-12-14
2370,5,2022-2-23
1886,1,2022-2-8
2030,4,2022-4-25
1211,4,2022-10-7
2633,3,2022-12-3
1907,3,2022-3-27
2591,6,2022-3-2
2976,3,2022-9-7
1994,4,2022-7-16
2309,3,2022-6-1
1572,1,2022-5-23
1162,1,2022-10-24
2992,4,2022-8-16
2668,4,2022-8-28
2196,4,2022-1-8
1538,4,2022-10-20
2367,2,2022-7-13
2307,3,2022-7-17
1502,5,2022-12-3
1640,1,2022-8-13
1248,6,2022-6-25
2773,3,2022-7-26
2662,5,2022-11-18
1566,1,2022-4-17
2877,5,2022-5-13
1869,3,2022-1-3
2888,3,2022-7-11
2852,6,2022-8-12
1421,1,2022-1-4
2938,1,2022-5-11
2300,1,2022-3-15
1097,2,2022-10-20
2729,4,2022-9-23
1653,6,2022-4-16
1517,6,2022-1-24
1814,6,2022-2-22
1226,4,2022-8-21
1995,2,2022-2-4
1424,3,2022-4-24
1439,6,2022-2-26
2214,5,2022-12-20
2871,2,2022-5-25
2111,6,2022-5-15
1721,5,2022-7-9
2136,4,2022-4-23
1043,4,2022-9-4
2553,1,2022-5-14
1640,4,2022-1-18
1664,4,2022-5-27
1529,4,2022-11-4
1049,3,2022-3-17
2152,3,2022-11-22
1605,6,2022-4-2
1360,1,2022-4-2
1678,4,2022-12-26
2608,6,2022-12-21
1172,5,2022-12-26
2298,5,2022-5-3
1116,5,2022-4-14
1250,5,2022-6-19
1751,3,2022-8-14
2271,1,2022-9-12
2134,2,2022-2-18
1130,5,2022-3-1
2862,5,2022-4-20
1482,5,2022-7-23
2423,1,2022-1-7
2657,1,2022-1-28
1815,5,2022-4-11
1201,1,2022-10-2
1878,2,2022-3-7
1448,3,2022-9-4
1473,2,2022-11-21
1300,2,2022-7-14
1794,1,2022-5-17
1555,4,2022-5-9
1248,2,2022-6-16
2018,2,2022-7-18
1755,6,2022-2-20
1799,1,2022-2-3
2441,6,2022-6-24
1510,4,2022-9-11
1403,2,2022-2-20
2631,1,2022-5-23
1693,1,2022-6-17
1489,1,2022-3-2
2424,1,2022-5-14
2661,1,2022-4-13
1270,1,2022-5-5
1099,3,2022-11-2
1383,3,2022-1-9
1312,4,2022-9-18
2569,4,2022-6-4
2419,3,2022-5-16
2438,2,2022-8-16
2381,6,2022-7-4
2860,4,2022-11-20
1271,5,2022-5-4
1142,3,2022-5-18
1394,2,2022-10-20
1009,1,2022-11-20
1471,5,2022-3-22
1102,1,2022-11-1
2297,2,2022-8-15
2722,6,2022-10-11
2865,5,2022-7-17
2131,3,2022-3-1
1571,5,2022-7-25
1001,3,2022-11-25
1043,1,2022-10-27
1440,4,2022-2-3
2927,6,2022-9-24
2334,4,2022-2-1
1992,5,2022-7-20
1405,1,2022-6-25
2294,1,2022-2-23
2392,2,2022-3-16
2795,6,2022-3-21
1549,4,2022-6-13
1097,4,2022-12-26
2045,3,2022-5-8
2899,1,2022-7-22
2304,2,2022-6-4
2840,3,2022-4-15
2673,5,2022-8-21
1934,5,2022-4-12
1127,3,2022-9-27
2019,2,2022-5-13
1664,6,2022-10-13
2546,2,2022-2-15
2199,2,2022-2-16
2421,4,2022-10-9
2298,6,2022-2-3
1458,6,2022-1-3
1120,4,2022-3-9
2360,2,2022-5-24
1472,2,2022-5-9
2270,4,2022-12-16
2539,6,2022-4-12
2174,4,2022-7-7
1906,5,2022-1-25
1780,2,2022-6-24
2818,5,2022-9-8
1705,4,2022-7-12
2282,2,2022-7-25
2205,5,2022-3-20
1403,6,2022-9-17
2914,1,2022-8-23
2436,3,2022-5-19
1837,3,2022-2-24
1110,2,2022-1-4
2415,1,2022-11-8
2782,2,2022-4-11
1319,3,2022-9-21
2210,1,2022-2-1
2006,3,2022-9-10
2176,4,2022-10-6
2782,6,2022-12-19
2494,5,2022-3-6
2087,1,2022-10-15
2173,3,2022-7-28
1077,2,2022-4-14
1958,3,2022-3-24
1019,3,2022-3-2
1289,6,2022-11-7
2634,2,2022-11-11
2122,3,2022-12-18
1015,6,2022-9-7
1061,2,2022-3-23
2884,2,2022-11-15
2004,4,2022-8-13
1699,1,2022-6-26
2144,2,2022-9-2
1239,5,2022-6-26
1814,3,2022-6-26
2390,1,2022-11-8
2327,1,2022-8-4
2483,5,2022-11-14
1932,6,2022-5-3
2467,2,2022-4-27
1702,4,2022-12-13
2970,2,2022-11-15
2593,4,2022-1-16
2284,2,2022-4-17
1147,1,2022-12-20
1571,2,2022-10-2
1245,5,2022-10-16
1615,6,2022-1-1
1087,4,2022-2-10
1474,2,2022-10-13
1775,6,2022-6-27
2260,1,2022-6-14
2429,3,2022-10-1
2805,6,2022-8-4
1469,1,2022-6-26
1467,1,2022-8-2
1733,6,2022-10-13
2845,2,2022-8-23
2612,2,2022-10-11
1071,1,2022-7-27
2814,6,2022-5-8
2519,4,2022-6-1
1453,4,2022-5-18
1083,4,2022-12-7
2338,6,2022-3-27
2206,6,2022-11-11
2942,1,2022-2-9
2741,3,2022-9-16
1712,6,2022-11-15
2284,3,2022-12-18
1746,2,2022-9-23
1125,6,2022-1-8
2169,5,2022-1-26
1347,1,2022-7-26
2057,1,2022-8-4
2734,2,2022-10-26
2757,6,2022-6-6
2326,5,2022-1-24
2837,6,2022-9-8
1512,5,2022-2-18
2166,1,2022-7-3
1566,3,2022-9-27
2749,2,2022-6-20
1353,1,2022-12-11
2616,6,2022-5-1
2322,1,2022-9-9
1222,4,2022-12-17
1723,6,2022-12-8
2829,5,2022-4-5
1257,6,2022-5-2
1855,4,2022-11-3
1687,2,2022-8-4
1971,5,2022-2-6
1716,6,2022-11-13
1795,4,2022-4-18
2499,4,2022-7-9
1592,5,2022-2-13
2921,1,2022-6-3
1866,2,2022-6-22
2252,1,2022-3-4
2208,5,2022-4-16
2175,3,2022-10-20
2927,1,2022-7-12
2383,5,2022-5-2
1247,1,2022-2-11
2253,2,2022-8-4
2334,3,2022-1-26
2051,3,2022-11-6
1285,1,2022-6-20
1104,5,2022-4-7
1104,4,2022-4-14
1835,6,2022-10-6
1433,4,2022-3-17
1012,2,2022-2-21
2131,5,2022-9-14
1304,3,2022-4-19
2984,6,2022-1-2
1862,3,2022-8-9
1927,5,2022-11-12
1703,5,2022-10-27
2860,5,2022-1-13
2296,4,2022-12-24
2281,4,2022-6-24
1571,4,2022-6-23
2247,4,2022-4-21
2823,4,2022-1-24
1586,1,2022-1-5
2739,5,2022-9-20
1142,5,2022-12-21
2580,1,2022-5-2
2719,2,2022-11-5
2806,4,2022-12-9
2995,2,2022-11-22
2679,6,2022-12-22
2909,4,2022-1-20
1746,5,2022-5-5
1221,5,2022-11-24
1645,5,2022-10-28
1483,1,2022-1-19
1018,4,2022-2-3
1914,3,2022-2-10
1886,4,2022-5-26
2648,4,2022-12-17
1252,6,2022-11-19
2726,3,2022-11-1
2141,2,2022-8-23
2012,1,2022-5-17
1367,4,2022-10-10
1854,4,2022-12-25
2795,4,2022-8-17
2444,1,2022-6-11
1571,3,2022-2-1
1518,2,2022-5-10
1615,3,2022-12-20
2985,4,2022-3-13
2839,3,2022-1-3
2696,5,2022-3-1
1428,5,2022-7-12
2061,1,2022-11-1
2041,2,2022-7-28
2455,6,2022-4-16
1082,1,2022-1-15
2177,2,2022-5-13
2877,6,2022-2-10
1352,4,2022-9-7
2443,4,2022-10-5
2190,1,2022-1-17
2358,1,2022-7-28
1222,6,2022-9-21
1326,5,2022-10-13
2392,1,2022-2-17
2845,1,2022-10-25
1877,5,2022-11-18
1030,3,2022-7-6
1177,5,2022-10-20
2958,1,2022-5-14
2533,1,2022-10-15
1584,4,2022-3-27
2141,3,2022-11-13
2898,5,2022-8-28
2257,2,2022-9-1
2132,1,2022-10-22
2483,6,2022-4-20
2185,1,2022-11-7
2338,5,2022-6-15
1496,3,2022-8-11
1548,6,2022-12-7
1170,6,2022-1-6
1040,1,2022-3-11
2288,4,2022-8-5
2851,1,2022-1-2
1598,6,2022-7-23
2822,6,2022-4-14
2708,6,2022-8-5
2581,6,2022-6-28
2673,4,2022-8-20
2215,5,2022-3-17
1206,2,2022-9-6
1201,5,2022-8-9
2503,4,2022-11-2
2436,1,2022-9-4
1321,6,2022-11-19
1114,3,2022-12-11
1254,6,2022-10-26
2162,4,2022-3-23
2888,6,2022-7-18
2994,3,2022-6-5
1986,3,2022-1-1
1162,4,2022-10-12
1670,2,2022-11-3
1213,2,2022-8-7
1181,4,2022-3-16
1526,6,2022-9-12
2864,3,2022-9-23
2938,4,2022-6-7
1919,2,2022-11-19
1662,3,2022-1-8
2606,6,2022-10-12
1447,3,2022-10-1
2611,6,2022-8-7
2963,3,2022-2-16
2175,5,2022-2-11
1914,2,2022-8-1
1777,4,2022-10-26
2137,1,2022-7-22
1073,6,2022-5-6
1845,6,2022-6-14
1501,4,2022-9-20
2565,4,2022-9-4
2828,6,2022-1-23
1223,5,2022-12-10
2117,5,2022-6-14
1492,6,2022-9-5
2860,2,2022-5-17
2044,2,2022-2-10
1172,2,2022-11-13
2512,1,2022-11-22
2464,2,2022-10-13
2218,3,2022-6-9
2788,6,2022-5-16
2864,4,2022-5-5
2856,3,2022-4-16
1973,2,2022-5-16
1138,3,2022-8-9
1628,3,2022-9-23
1977,1,2022-3-8
1011,5,2022-11-22
2953,1,2022-4-3
1233,2,2022-7-15
1873,3,2022-10-1
1713,2,2022-4-28
2170,1,2022-10-17
2750,4,2022-9-14
2451,1,2022-12-5
1484,6,2022-7-23
1740,2,2022-7-25
2185,6,2022-5-6
2159,5,2022-3-14
1050,2,2022-10-18
1204,4,2022-10-10
1727,5,2022-9-24
2156,2,2022-11-14
1997,2,2022-2-14
2299,1,2022-11-5
1212,3,2022-6-17
2029,5,2022-7-27
1107,4,2022-12-18
2396,6,2022-7-10
1458,2,2022-7-3
1589,5,2022-9-11
1714,4,2022-2-19
1102,3,2022-12-21
2808,2,2022-8-2
2694,6,2022-3-15
2339,5,2022-11-13
1147,3,2022-5-2
2692,4,2022-9-20
1224,1,2022-6-24
2270,5,2022-6-4
1470,1,2022-7-15
2359,1,2022-10-9
2465,4,2022-9-24
2759,3,2022-2-7
2179,2,2022-12-18
2994,4,2022-8-17
2075,3,2022-5-23
1351,5,2022-6-25
1661,4,2022-1-10
2549,2,2022-7-3
1267,1,2022-8-15
1697,3,2022-6-12
2866,4,2022-8-27
1069,5,2022-8-27
1396,2,2022-5-25
2258,2,2022-8-2
2053,6,2022-4-23
1379,5,2022-3-22
2809,4,2022-8-21
2041,1,2022-6-2
2141,4,2022-5-7
1951,1,2022-6-15
1916,2,2022-12-23
1068,5,2022-2-12
1793,5,2022-12-25
1769,1,2022-9-25
2035,2,2022-8-19
2938,3,2022-7-7
1108,4,2022-5-26
2995,4,2022-12-11
2149,2,2022-8-19
1050,6,2022-5-4
1520,6,2022-11-13
1577,2,2022-10-24
1803,2,2022-12-17
2653,5,2022-4-5
1575,6,2022-3-21
2536,1,2022-4-17
1406,5,2022-7-18
1758,5,2022-11-5
1071,3,2022-9-17
1261,3,2022-10-2
1686,1,2022-2-8
1298,5,2022-11-18
2740,4,2022-2-2
2634,1,2022-11-2
2900,2,2022-11-16
2232,6,2022-4-22
1247,6,2022-2-26
1550,1,2022-11-28
1032,3,2022-5-20
2579,3,2022-6-8
1711,4,2022-5-17
2624,4,2022-1-8
1334,3,2022-6-1
2751,6,2022-5-14
2634,5,2022-3-12
1470,3,2022-2-20
1768,2,2022-5-21
1043,2,2022-5-14
2161,5,2022-11-3
1530,1,2022-8-5
1760,5,2022-8-16
2484,4,2022-11-7
1747,1,2022-6-1
1422,5,2022-10-11
2706,2,2022-3-22
2457,4,2022-2-13
2127,4,2022-5-6
1150,4,2022-7-15
1730,5,2022-7-5
2605,5,2022-4-3
1398,1,2022-4-11
2182,5,2022-12-13
2387,1,2022-5-9
1857,1,2022-3-10
1717,4,2022-7-9
1798,6,2022-10-27
2521,5,2022-1-19
2525,4,2022-3-8
2191,4,2022-2-24
1052,4,2022-8-27
2190,6,2022-2-25
2912,5,2022-2-4
1732,6,2022-10-4
1221,4,2022-5-22
2722,2,2022-9-15
2625,1,2022-12-11
1594,4,2022-5-13
2703,3,2022-5-3
2843,1,2022-12-16
1430,4,2022-1-6
1146,4,2022-8-7
1923,4,2022-12-18
2899,5,2022-6-25
2010,6,2022-1-21
2937,5,2022-2-27
2344,5,2022-7-27
2334,6,2022-5-3
1759,2,2022-1-13
2999,3,2022-1-14
1215,5,2022-9-21
1190,5,2022-4-27
1581,4,2022-8-13
2655,6,2022-8-28
1211,6,2022-3-13
1048,6,2022-2-26
1794,3,2022-10-27
2677,3,2022-8-3
1771,5,2022-2-19
1183,6,2022-11-12
1209,4,2022-10-2
2556,4,2022-7-11
2149,5,2022-10-26
1875,4,2022-8-6
1686,6,2022-8-17
1822,2,2022-5-27
2289,3,2022-6-16
1821,5,2022-8-20
1700,3,2022-7-19
2529,4,2022-10-4
2351,4,2022-10-11
1478,3,2022-6-1
2547,1,2022-10-12
1393,1,2022-1-11
1852,5,2022-1-18
2069,2,2022-6-1
1916,3,2022-7-26
2127,5,2022-7-22
1118,6,2022-12-9
1556,6,2022-12-20
1060,4,2022-2-23
2257,4,2022-4-2
2491,5,2022-6-25
2978,6,2022-1-4
1642,1,2022-9-26
1484,2,2022-2-15
1054,5,2022-12-24
2046,3,2022-6-8
1538,3,2022-11-8
2153,5,2022-10-8
2067,2,2022-1-18
1692,3,2022-3-11
2418,5,2022-5-7
1086,1,2022-5-25
1402,4,2022-3-11
1383,5,2022-10-10
2026,5,2022-4-9
2646,5,2022-3-17
1426,3,2022-12-28
1822,4,2022-11-14
2945,4,2022-3-6
2960,5,2022-5-16
2652,4,2022-3-10
1269,1,2022-6-7
2053,2,2022-4-9
2068,3,2022-12-17
1526,4,2022-8-11
1895,2,2022-4-6
1508,3,2022-5-8
2372,2,2022-9-17
1424,1,2022-11-1
1613,1,2022-11-27
1923,6,2022-4-4
1115,2,2022-2-20
2724,3,2022-1-9
2619,3,2022-10-18
2258,6,2022-2-15
2848,1,2022-3-20
2640,5,2022-10-10
1594,2,2022-5-5
2966,2,2022-10-19
2445,5,2022-9-19
2952,6,2022-7-13
1081,3,2022-5-3
1055,2,2022-1-27
1909,3,2022-5-23
1802,5,2022-5-8
1120,1,2022-2-23
1581,3,2022-2-17
1284,6,2022-6-8
2534,4,2022-1-21
2086,6,2022-6-10
1169,6,2022-10-5
1493,2,2022-11-2
1738,4,2022-8-17
1079,6,2022-1-12
2429,5,2022-3-19
2540,1,2022-10-25
1760,4,2022-5-21
2501,6,2022-7-22
1786,2,2022-12-16
2314,6,2022-10-5
1845,5,2022-1-5
2038,4,2022-8-1
2305,2,2022-9-18
1373,2,2022-1-12
1655,3,2022-6-26
2944,1,2022-12-28
2158,3,2022-7-9
1838,5,2022-11-17
2340,5,2022-7-28
2012,2,2022-2-8
2248,4,2022-7-18
2693,4,2022-4-16
1238,6,2022-5-15
1122,5,2022-10-25
2744,5,2022-12-8
2475,2,2022-6-25
2112,6,2022-2-16
2545,1,2022-9-27
2848,6,2022-5-11
1508,2,2022-9-26
1473,4,2022-8-17
2840,1,2022-10-27
1135,4,2022-7-22
2852,5,2022-12-7
2113,4,2022-3-18
2352,2,2022-9-12
1887,6,2022-4-25
2125,1,2022-4-15
1631,6,2022-6-11
2415,3,2022-10-18
1936,6,2022-12-8
2586,2,2022-1-13
1070,4,2022-11-16
2654,1,2022-4-11
2419,2,2022-6-20
1784,6,2022-7-21
1879,6,2022-4-3
2793,1,2022-3-1
1974,6,2022-10-24
1882,3,2022-12-17
2210,3,2022-12-10
2898,1,2022-7-13
1709,3,2022-10-15
1487,4,2022-9-17
2596,6,2022-1-14
2361,6,2022-11-25
2014,3,2022-1-23
1810,4,2022-5-19
2810,2,2022-6-4
1212,4,2022-4-22
2959,6,2022-4-13
2397,2,2022-2-15
1049,5,2022-9-22
1899,6,2022-6-3
1939,6,2022-7-25
2818,1,2022-7-2
2644,4,2022-3-14
2233,2,2022-11-6
2977,5,2022-11-2
1117,3,2022-10-4
2393,1,2022-2-16
2503,6,2022-2-23
1280,6,2022-8-19
2563,2,2022-5-11
2757,1,2022-12-26
2661,3,2022-2-20
2828,3,2022-12-19
2588,5,2022-11-14
2626,1,2022-11-21
2280,3,2022-11-15
1557,6,2022-9-7
1523,2,2022-4-22
2056,1,2022-9-24
2288,5,2022-2-26
1932,1,2022-6-11
1282,3,2022-12-15
2989,3,2022-4-23
1525,1,2022-12-8
1212,2,2022-9-25
2261,3,2022-12-28
1586,2,2022-6-18
2455,1,2022-10-9
1431,6,2022-6-4
2619,4,2022-8-10
2753,4,2022-11-21
2375,4,2022-11-17
1169,3,2022-7-8
2863,6,2022-2-24
2564,5,2022-11-27
2576,3,2022-3-19
2408,6,2022-11-27
2483,4,2022-11-11
1788,5,2022-9-8
2610,2,2022-2-26
1470,5,2022-11-25
2317,2,2022-7-17
2639,3,2022-7-19
2460,4,2022-7-10
2283,6,2022-11-5
1850,3,2022-4-1
2011,2,2022-4-5
2537,3,2022-7-28
2676,2,2022-7-2
2870,1,2022-7-3
1896,3,2022-10-8
2847,6,2022-9-4
2048,6,2022-6-14
2809,1,2022-10-20
2024,5,2022-11-2
1462,2,2022-4-3
1139,5,2022-9-6
2285,2,2022-1-6
1292,6,2022-3-23
1559,3,2022-3-11
2082,4,2022-4-10
2807,2,2022-3-28
2779,1,2022-10-22
1925,2,2022-4-11
1055,3,2022-11-20
1354,4,2022-7-26
2233,3,2022-1-12
1418,2,2022-6-18
1607,2,2022-10-16
1023,6,2022-6-3
2351,6,2022-3-6
2247,3,2022-12-14
2521,4,2022-12-15
2066,4,2022-3-19
2107,1,2022-3-12
2209,5,2022-3-24
2661,6,2022-6-24
1869,1,2022-6-24
1026,6,2022-8-19
1543,5,2022-7-21
1641,5,2022-11-16
1294,2,2022-1-7
2284,5,2022-3-27
1575,2,2022-11-2
2582,3,2022-9-6
1260,5,2022-10-22
1476,2,2022-8-3
1734,1,2022-12-2
2152,5,2022-12-18
2941,5,2022-11-17
2249,3,2022-4-17
1245,3,2022-9-20
2848,5,2022-11-1
1718,1,2022-6-1
1250,6,2022-7-16
2736,6,2022-11-20
1298,6,2022-12-23
2395,2,2022-7-17
2775,2,2022-5-5
1296,1,2022-11-7
1634,5,2022-11-9
1033,1,2022-4-8
2524,2,2022-12-4
2737,6,2022-2-6
2436,4,2022-5-14
1957,4,2022-9-3
2826,4,2022-3-5
1559,4,2022-8-4
2929,1,2022-12-13
2728,2,2022-7-13
2346,3,2022-2-16
1789,2,2022-10-11
2188,5,2022-11-17
1844,4,2022-11-25
1981,2,2022-6-10
2428,3,2022-3-22
2427,5,2022-9-3
1129,1,2022-7-12
2482,1,2022-6-3
2854,6,2022-11-28
2647,4,2022-5-22
2974,6,2022-11-26
2039,6,2022-10-9
2117,1,2022-9-10
1312,3,2022-3-24
1920,5,2022-4-11
2415,5,2022-5-17
2964,1,2022-1-2
2399,1,2022-6-23
2738,1,2022-4-13
1706,6,2022-8-20
2011,1,2022-12-18
1353,3,2022-12-12
1934,3,2022-5-24
2080,5,2022-2-18
2770,2,2022-3-1
2512,3,2022-11-24
2291,6,2022-5-19
2891,1,2022-7-4
1277,1,2022-10-6
1005,6,2022-8-1
2663,6,2022-7-25
1320,6,2022-5-11
2025,3,2022-4-3
2054,1,2022-4-21
1341,3,2022-2-21
1388,6,2022-6-6
2403,5,2022-1-13
2432,3,2022-12-18
2352,3,2022-1-25
2448,3,2022-11-21
1269,5,2022-2-6
2715,3,2022-3-9
2762,3,2022-12-18
1806,1,2022-1-12
1594,5,2022-11-11
1585,5,2022-12-27
2921,4,2022-5-13
2444,2,2022-8-20
1279,3,2022-9-6
1248,1,2022-1-12
1576,4,2022-6-2
1018,6,2022-9-16
1344,5,2022-12-25
1056,1,2022-10-2
1925,3,2022-12-5
1079,4,2022-10-17
2902,3,2022-10-13
2246,6,2022-8-24
1003,3,2022-7-18
2329,6,2022-6-28
1582,1,2022-9-18
2457,6,2022-6-26
2673,2,2022-8-21
2402,1,2022-8-24
2297,3,2022-7-15
1166,3,2022-8-21
2555,1,2022-1-18
1458,5,2022-7-17
1843,1,2022-11-14
2985,3,2022-5-23
2617,2,2022-1-21
2592,4,2022-4-19
1430,2,2022-8-20
1808,2,2022-7-3
2547,5,2022-11-3
1260,1,2022-6-27
1160,6,2022-11-7
1275,1,2022-11-24
1813,3,2022-10-4
2580,3,2022-12-27
1531,4,2022-1-12
1940,5,2022-8-2
1093,1,2022-2-9
2719,6,2022-1-27
1678,6,2022-4-28
1491,5,2022-5-7
1071,4,2022-9-28
1630,6,2022-7-11
1449,6,2022-7-25
2831,4,2022-5-18
2586,1,2022-2-18
2906,5,2022-7-13
2448,4,2022-6-2
2599,4,2022-9-24
1444,3,2022-4-17
1326,1,2022-5-25
1831,4,2022-2-11
1882,5,2022-7-18
2935,6,2022-5-18
2336,4,2022-11-12
1684,4,2022-8-25
1333,4,2022-3-12
1886,3,2022-7-11
1865,5,2022-5-26
2686,1,2022-10-12
1286,5,2022-6-3
1541,2,2022-4-28
1457,5,2022-9-4
1114,5,2022-3-18
2290,2,2022-1-15
2888,1,2022-3-3
1707,1,2022-12-9
2925,6,2022-12-16
2994,1,2022-2-17
1786,6,2022-1-3
2592,6,2022-2-5
1684,5,2022-3-20
1935,3,2022-3-19
1363,6,2022-6-8
1767,2,2022-10-9
2705,1,2022-4-18
2878,3,2022-7-8
1005,3,2022-10-12
1854,2,2022-3-10
2879,2,2022-1-17
2613,5,2022-11-22
1811,5,2022-12-23
1273,3,2022-4-19
2234,6,2022-6-11
1171,1,2022-1-28
2102,1,2022-2-16
1486,6,2022-11-2
2817,1,2022-1-28
2090,5,2022-12-9
1918,6,2022-12-16
2022,2,2022-12-16
1990,2,2022-3-8
1226,6,2022-4-3
1417,5,2022-5-9
2076,2,2022-3-6
2901,2,2022-3-19
2934,1,2022-10-8
