user_id,song_id,song_plays
1552,332,16
1001,565,13
1432,803,19
1793,869,10
1908,507,17
1379,34,18
1110,108,15
1302,423,16
1217,205,4
1543,600,12
1089,992,10
1407,607,15
1702,880,14
1676,861,13
1130,543,16
1117,683,6
1799,402,18
1525,827,13
1610,918,9
1976,285,13
1335,440,11
1459,97,3
1826,253,18
1767,781,4
1230,823,17
1274,924,12
1396,477,2
1774,371,7
1492,143,11
1324,723,8
1273,686,14
1379,263,6
1309,420,3
1138,157,11
1893,324,18
1569,211,3
1813,159,7
1705,124,16
1864,495,6
1831,83,4
1315,239,9
1970,673,6
1107,570,18
1482,56,12
1983,442,18
1405,73,12
1321,145,4
1075,532,7
1436,614,14
1720,240,6
1505,478,15
1337,794,16
1154,664,13
1735,588,6
1902,97,14
1501,464,13
1733,477,16
1618,30,1
1635,974,12
1089,5,10
1842,150,9
1215,895,6
1197,687,10
1865,159,9
1350,499,19
1571,6,19
1739,668,1
1802,855,4
1242,171,19
1908,503,3
1378,896,9
1489,794,15
1438,615,13
1695,602,13
1250,328,16
1632,639,10
1093,422,9
1039,535,6
1015,642,5
1623,43,15
1180,959,9
1993,877,4
1184,564,14
1124,853,9
1963,299,16
1801,445,5
1484,431,14
1563,220,1
1297,214,14
1507,506,3
1677,128,18
1729,152,7
1726,129,19
1317,789,8
1826,626,1
1788,584,8
1755,482,16
1787,861,5
1949,189,6
1432,434,3
1749,604,15
1926,806,4
1605,656,3
1413,670,12
1097,669,17
1248,869,3
1629,273,17
1595,983,4
1608,311,17
1655,268,2
1838,958,3
1729,484,3
1164,77,16
1049,14,9
1345,562,1
1282,954,7
1719,481,15
1830,551,18
1413,245,5
1560,795,10
1769,294,19
1743,403,19
1224,426,10
1632,91,14
1541,884,9
1551,167,2
1713,163,1
1480,220,15
1197,103,11
1672,912,14
1522,686,4
1221,937,3
1500,237,4
1073,847,12
1807,378,18
1783,720,9
1888,323,3
1971,974,9
1881,2,7
1803,803,2
1535,43,14
1940,722,15
1662,110,12
1314,994,16
1965,187,15
1762,108,13
1439,816,2
1726,393,15
1459,647,19
1328,19,10
1349,760,3
1430,245,8
1687,919,2
1944,722,12
1174,687,8
1462,609,19
1160,834,7
1019,5,7
1998,604,9
1731,942,10
1044,768,2
1792,874,7
1361,209,9
1769,139,6
1038,760,5
1991,915,10
1692,931,13
1842,366,17
1994,828,4
1498,776,12
1735,120,11
1705,698,13
1603,527,7
1099,733,12
1746,810,10
1611,495,17
1854,724,15
1346,697,2
1747,48,5
1724,420,19
1724,764,13
1526,840,5
1446,38,3
1299,40,16
1716,393,2
1843,248,3
1034,430,7
1335,937,12
1006,361,8
1965,889,9
1832,674,12
1799,507,10
1700,991,17
1014,929,17
1763,603,5
1340,730,4
1917,709,7
1996,232,8
1929,154,3
1579,830,13
1069,699,7
1930,713,11
1711,482,1
1753,737,18
1928,385,2
1490,657,14
1079,492,10
1382,33,8
1092,767,7
1245,151,19
1599,626,10
1173,909,1
1638,927,18
1821,79,15
1597,858,11
1083,595,16
1893,189,12
1710,42,18
1408,317,4
1724,753,1
1819,584,8
1565,223,8
1647,967,17
1067,80,4
1770,776,4
1806,870,13
1610,431,6
1679,605,15
1178,701,10
1266,406,3
1888,340,16
1851,344,2
1562,303,10
1388,286,13
1204,771,6
1426,311,6
1506,559,1
1569,989,9
1833,381,7
1633,752,6
1110,688,1
1887,873,11
1722,230,17
1703,159,16
1402,158,11
1261,430,15
1872,261,10
1288,847,10
1390,212,11
1675,302,11
1051,613,7
1147,339,4
1671,620,15
1912,917,4
1593,5,12
1444,176,6
1708,508,5
1277,399,14
1836,849,12
1616,470,19
1325,183,16
1868,495,2
1315,952,2
1146,879,7
1698,935,8
1108,73,3
1110,667,2
1838,874,4
1002,607,8
1890,863,18
1491,938,11
1790,705,13
1580,779,1
1539,595,7
1815,689,17
1373,893,13
1202,126,8
1397,778,17
1050,164,15
1603,506,10
1401,715,8
1693,356,6
1849,610,6
1306,829,6
1149,583,18
1313,636,12
1033,42,19
1305,773,6
1606,368,5
1501,886,13
1766,424,6
1667,3,5
1106,970,12
1826,413,10
1004,171,3
1764,700,10
1550,379,4
1332,8,10
1008,493,17
1144,122,9
1944,284,15
1130,420,3
1923,862,16
1355,592,16
1263,929,10
1486,837,5
1384,993,19
1554,216,11
1042,935,2
1091,567,8
1082,251,8
1354,823,9
1851,218,5
1814,867,12
1082,675,15
1360,917,13
1747,161,18
1977,537,16
1706,892,8
1936,520,4
1689,99,14
1259,7,3
1583,661,8
1121,265,18
1390,636,17
1428,567,17
1269,876,19
1067,854,9
1051,426,3
1907,542,15
1161,592,8
1414,802,18
1986,525,18
1289,495,14
1533,530,14
1555,425,11
1544,832,19
1099,777,1
1653,456,9
1545,838,13
1964,15,4
1903,610,14
1519,667,4
1439,385,15
1372,751,19
1982,404,16
1990,984,7
1058,687,8
1527,609,1
1408,737,7
1197,27,2
1441,745,13
1546,134,19
1711,982,15
1652,447,11
1322,979,4
1704,487,13
1657,5,2
1430,710,16
1916,155,8
1708,730,17
1480,861,15
1628,245,13
1622,215,7
1728,596,11
1368,85,19
1065,719,13
1687,740,6
1609,532,12
1725,737,18
1522,896,5
1575,175,10
1207,732,18
1231,179,8
1932,629,13
1615,624,11
1459,968,4
1611,27,18
1443,1,13
1195,900,6
1403,537,4
1398,258,5
1561,878,8
1149,355,16
1982,994,14
1637,363,12
1770,6,5
1096,690,14
1487,664,19
1594,469,11
1849,304,11
1553,366,3
1012,418,6
1530,617,18
1775,716,5
1978,480,2
1638,930,11
1223,567,12
1646,859,11
1902,123,6
1147,116,5
1182,876,4
1608,317,17
1275,343,7
1020,569,15
1484,117,3
1611,77,11
1990,837,7
1028,418,12
1417,892,2
1593,511,2
1285,245,1
1112,473,14
1676,285,3
1870,698,6
1197,862,3
1285,966,12
1069,179,3
1576,645,9
1359,26,7
1563,447,17
1754,99,16
1143,879,10
1255,825,5
1324,812,17
1476,649,19
1143,811,19
1905,565,3
1339,194,12
1241,995,12
1402,228,17
1774,772,11
1660,350,18
1357,552,10
1169,269,11
1526,834,7
1825,265,15
1105,657,8
1738,219,19
1719,448,11
1827,969,7
1023,372,14
1722,496,11
1990,164,7
1289,765,8
1721,143,5
1815,726,9
1729,531,1
1288,156,13
1845,804,8
1226,104,11
1186,242,1
1205,917,9
1757,298,9
1343,280,7
1111,989,19
1190,319,17
1695,844,11
1485,718,19
1258,944,1
1608,548,15
1696,372,4
1055,874,9
1011,995,1
1366,29,9
1433,702,19
1272,348,18
1484,859,16
1264,811,19
1886,811,16
1983,644,18
1830,59,10
1903,899,8
1509,230,12
1344,77,11
1003,448,18
1873,250,3
1251,640,16
1747,416,8
1210,525,11
1120,47,19
1856,645,18
1201,207,2
1421,770,18
1495,700,14
1839,62,1
1762,275,6
1172,545,5
1797,89,19
1200,238,9
1321,703,15
1668,118,9
1086,107,14
1867,768,6
1893,112,15
1745,111,1
1532,996,12
1765,816,4
1775,365,19
1561,57,16
1297,828,4
1755,519,2
1045,99,17
1778,184,10
1172,339,16
1989,226,4
1669,453,16
1086,256,9
1476,2,6
1308,416,2
1629,584,18
1370,924,8
1365,336,3
1592,537,11
1167,773,3
1413,238,1
1046,493,5
1922,983,19
1191,678,6
1563,871,19
1042,567,5
1680,734,6
1050,944,9
1102,213,3
1600,76,8
1224,917,1
1459,575,5
1731,561,2
1069,689,2
1179,946,16
1651,23,3
1740,479,1
1746,360,15
1121,552,5
1718,830,9
1888,700,4
1379,862,3
1439,77,2
1246,531,14
1599,440,19
1569,571,2
1187,805,6
1893,962,14
1030,36,17
1945,683,17
1157,474,5
1275,233,14
1611,605,17
1725,444,4
1067,731,5
1418,767,16
1227,100,12
1447,63,1
1116,185,7
1919,726,16
1153,884,11
1372,270,6
1296,209,3
1835,124,5
1676,377,2
1377,460,10
1042,112,2
1711,634,16
1533,798,12
1385,344,17
1000,641,10
1409,280,8
1592,17,8
1748,565,17
1272,598,8
1147,844,9
1574,168,14
1558,863,15
1371,739,19
1320,964,4
1149,142,6
1027,326,5
1153,465,12
1744,746,7
1161,127,8
1309,83,19
1422,89,18
1847,711,10
1067,385,7
1417,902,14
1405,921,11
1481,476,13
1567,648,13
1541,968,13
1036,472,14
1538,182,2
1397,555,13
1946,67,6
1316,215,8
1012,694,14
1613,382,11
1095,930,3
1612,742,9
1668,14,11
1084,454,3
1261,709,7
1684,512,12
1322,619,10
1146,691,14
1300,831,1
1599,623,7
1433,332,10
1634,470,17
1067,265,17
1055,562,19
1582,616,4
1008,513,4
1049,55,19
1126,44,1
1688,951,17
1188,880,11
1359,505,12
1979,130,19
1855,70,17
1896,534,4
1678,102,18
1076,297,16
1696,342,10
1432,64,18
1651,269,18
1208,829,10
1552,52,8
1937,975,19
1174,356,16
1841,735,14
1736,97,3
1822,429,17
1256,78,8
1256,717,19
1107,986,14
1012,735,4
1931,710,7
1519,268,11
1634,744,2
1318,881,7
1565,83,3
1598,958,9
1788,418,4
1721,438,6
1140,164,7
1452,588,15
1498,100,7
1994,913,18
1488,640,19
1233,818,6
1511,598,11
1147,161,9
1892,233,14
1381,925,8
1256,140,14
1986,219,11
1107,87,13
1458,643,11
1667,706,5
1571,495,4
1331,732,12
1181,161,8
1983,278,4
1182,720,12
1649,306,5
1841,783,2
1824,937,12
1646,329,5
1885,450,18
1187,755,2
1859,354,2
1428,637,8
1904,943,16
1341,192,15
1531,497,3
1420,354,16
1877,966,3
1290,843,10
1639,18,14
1675,777,5
1268,641,16
1251,154,12
1488,781,16
1780,313,12
1092,409,18
1735,829,19
1399,7,6
1010,995,6
1510,206,4
1142,376,13
1782,828,11
1401,308,14
1334,743,17
1518,308,3
1988,739,15
1031,397,4
1925,517,1
1857,34,17
1252,566,11
1602,918,17
1020,75,6
1840,895,17
1990,732,9
1917,661,12
1821,74,3
1961,398,14
1454,734,17
1147,597,14
1155,584,13
1111,899,18
1775,438,8
1269,276,8
1578,852,11
1135,184,13
1157,64,9
1949,510,16
1938,246,3
1845,407,15
1208,203,7
1541,368,3
1847,390,17
1115,303,7
1877,59,15
1408,543,6
1765,651,18
1956,188,8
1268,4,19
1338,440,9
1529,405,12
1577,620,6
1883,80,18
1233,584,2
1077,12,15
1932,371,11
1574,488,6
1830,402,17
1387,674,14
1955,710,11
1882,484,7
1107,166,18
1445,749,17
1135,84,10
1718,481,15
1184,52,12
1555,947,1
1087,100,1
1331,725,1
1169,365,8
1062,407,1
1181,276,16
1907,105,17
1460,716,17
1200,167,1
1741,893,14
1934,696,15
1093,504,6
1516,926,18
1082,351,7
1837,481,19
1428,941,11
1298,591,18
1593,415,16
1465,191,4
1820,737,14
1359,977,1
1618,678,15
1386,520,6
1266,265,15
1163,398,9
1495,771,10
1228,939,1
1303,188,14
1260,941,7
1722,685,13
1447,619,7
1113,31,3
1311,8,14
1615,390,1
1629,483,10
1225,750,8
1629,575,11
1321,97,4
1144,54,4
1517,606,7
1512,47,1
1167,829,4
1768,63,16
1038,0,19
1489,256,8
1668,293,18
1921,647,11
1347,480,4
1460,265,1
1089,804,18
1599,254,19
1995,186,7
1316,506,6
1760,166,4
1052,175,2
1720,722,8
1925,433,2
1259,969,8
1326,858,9
1000,308,12
1759,425,8
1567,586,14
1374,208,5
1911,872,17
1906,955,4
1553,9,15
1884,86,5
1185,365,14
1170,503,19
1192,942,14
1451,682,11
1092,659,1
1099,997,11
1705,241,14
1617,790,5
1791,132,11
1298,351,3
1270,757,3
1728,878,12
1952,3,14
1634,174,8
1767,915,12
1240,177,17
1543,949,10
1595,90,13
1945,651,12
1965,353,3
1226,265,8
1325,242,1
1182,844,13
1542,635,14
1889,393,6
1397,899,15
1202,226,12
1100,82,11
1513,412,15
1786,538,17
1410,279,18
1258,805,14
1122,181,8
1359,446,2
1254,358,3
1201,143,4
1504,26,13
1690,99,7
1727,162,10
1271,148,16
1387,888,3
1662,202,11
1047,198,9
1565,974,19
1571,482,16
1000,583,11
1816,662,14
1198,470,1
1253,534,4
1762,203,5
1655,267,9
1546,941,8
1557,249,10
1250,6,16
1385,123,9
1669,667,11
1580,303,10
1232,482,10
1653,387,9
1578,153,9
1756,657,17
1713,502,10
1788,76,15
1490,549,14
1524,450,10
1906,368,17
1650,266,9
1066,354,11
1910,967,13
1918,626,17
1304,527,11
1774,118,7
1148,445,10
1191,771,10
1512,214,1
1837,904,12
1565,362,4
1608,863,9
1346,855,15
1082,807,11
1017,206,14
1127,65,5
1049,890,2
1226,996,5
1976,968,19
1399,228,14
1818,159,11
1301,19,12
1157,632,1
1384,722,6
1510,713,19
1286,4,3
1695,974,18
1042,842,5
1606,496,15
1033,926,6
1510,350,8
1385,437,11
1701,698,10
1361,327,7
1727,828,4
1931,38,6
1069,369,16
1809,350,9
1038,38,2
1722,716,5
1854,937,14
1068,103,17
1205,142,3
1238,669,2
1087,317,2
1428,6,8
1761,52,2
1982,618,11
1612,551,11
1953,104,12
1191,1,12
1465,104,17
1428,837,17
1725,985,6
1941,780,11
1667,282,16
1670,177,8
1405,439,4
1117,325,11
1307,201,16
1784,717,4
1793,353,6
1623,381,11
1081,199,6
1374,5,14
1208,660,5
1499,662,13
1151,690,15
1247,384,19
1165,702,11
1210,682,10
1761,77,4
1835,292,10
1347,629,19
1404,828,13
1638,501,11
1448,487,5
1989,599,10
1609,467,8
1813,951,6
1853,939,15
1082,311,3
1069,787,14
1440,630,5
1434,295,4
1649,472,9
1955,797,14
1387,505,13
1986,343,7
1438,312,7
1930,786,12
1566,636,7
1368,247,15
1114,62,19
1047,572,18
1948,839,19
1576,620,16
1591,25,12
1017,86,18
1865,490,16
1146,998,3
1336,661,3
1928,712,18
1842,928,1
1643,884,13
1490,76,2
1836,814,18
1645,625,8
1200,808,14
1407,739,6
1367,252,3
1796,62,3
1248,238,15
1614,308,9
1717,929,5
1556,986,16
1360,118,10
1542,598,13
1822,280,9
1364,375,5
1005,373,5
1852,345,14
1591,42,15
1669,211,12
1415,92,13
1029,485,7
1087,101,4
1332,891,7
1927,124,5
1423,240,3
1177,466,14
1800,649,5
1516,313,5
1655,765,13
1712,632,12
1820,54,5
1042,416,17
1217,437,11
1041,669,11
1846,259,2
1114,786,4
1213,113,15
1026,520,1
1726,195,6
1997,185,9
1913,633,1
1081,556,15
1536,555,10
1997,526,17
1568,993,18
1568,244,19
1919,840,3
1568,641,15
1674,821,13
1270,768,6
1617,412,6
1891,686,7
1038,69,9
1326,773,17
1581,779,15
1724,56,18
1464,479,15
1091,795,14
1616,559,14
1902,416,2
1357,439,13
1269,49,11
1912,766,16
1978,173,7
1123,241,16
1096,185,12
1645,209,3
1459,805,7
1210,636,17
1119,764,14
1584,855,13
1541,585,14
1193,521,16
1297,568,17
1801,780,17
1742,788,11
1267,763,10
1420,521,15
1772,939,5
1994,873,14
1237,283,19
1056,909,10
1491,550,2
1946,271,12
1498,180,18
1679,430,19
1411,325,6
1191,781,16
1342,70,3
1154,350,19
1902,459,16
1889,404,18
1319,356,15
1059,880,3
1274,607,3
1909,364,4
1352,537,16
1726,784,12
1365,55,7
1144,431,18
1660,999,8
1177,50,9
1993,407,17
1134,994,19
1512,426,6
1289,852,7
1331,560,2
1008,537,12
1523,281,17
1542,694,7
1430,135,4
1629,87,12
1953,221,18
1277,554,6
1633,613,2
1479,479,12
1995,923,16
1041,447,15
1924,264,9
1509,319,15
1005,208,13
1855,765,18
1058,251,7
1884,131,3
1239,960,17
1389,145,7
1016,785,19
1247,303,4
1918,672,11
1349,591,13
1497,503,7
1007,136,2
1715,551,10
1063,681,9
1009,72,11
1589,554,9
1901,760,3
1262,248,6
1414,62,11
1199,853,10
1845,270,13
1993,168,3
1055,532,11
1932,992,17
1837,81,3
1095,23,9
1672,6,6
1458,215,13
1519,29,7
1623,795,18
1023,570,9
1324,885,4
1111,285,8
1141,121,17
1630,778,12
1857,649,14
1985,250,14
1103,565,17
1454,185,7
1783,356,19
1186,975,16
1904,566,17
1015,296,6
1203,324,5
1407,876,4
1191,232,6
1953,584,14
1589,830,5
1023,421,3
1032,573,12
1528,319,10
1598,721,9
1913,652,4
1756,108,10
1069,146,1
1039,488,17
1452,54,2
1028,7,2
1628,902,5
1885,609,4
1306,447,7
1162,983,10
1996,616,19
1195,739,13
1024,532,8
1405,233,17
1965,57,12
1852,963,18
1436,656,17
1244,171,9
1362,563,12
1362,306,9
1619,766,3
1327,451,19
1676,64,16
1756,727,13
1129,799,5
1938,823,5
1237,206,16
1633,822,16
1797,824,18
1386,536,6
1921,147,16
1661,605,7
1118,921,19
1830,481,17
1842,785,11
1959,667,7
1325,936,19
1310,156,1
1464,775,17
1965,457,19
1536,118,14
1947,823,9
1054,360,6
1419,950,18
1323,900,10
1663,297,19
1922,934,8
1312,711,16
1983,97,11
1408,960,11
1294,247,2
1918,168,9
1098,237,6
1851,197,15
1428,979,13
1980,941,5
1327,57,12
1087,116,15
1283,877,17
1687,274,1
1411,987,13
1650,615,5
1378,76,4
1450,21,7
1051,342,11
1696,478,12
1962,155,17
1997,209,15
1607,953,8
1428,133,6
1193,685,8
1416,186,18
1343,429,18
1156,860,14
1606,374,17
1674,241,16
1794,85,11
1563,480,13
1447,796,8
1877,36,17
1887,377,6
1924,904,15
1369,969,15
1479,212,2
1673,439,18
1497,20,17
1286,101,8
1160,845,7
1687,875,4
1797,460,10
1029,638,13
1989,84,11
1019,229,19
1356,718,14
1146,880,1
1109,997,12
1934,281,3
1942,435,4
1720,415,8
1985,20,4
1860,327,9
1068,67,17
1733,548,15
1302,444,18
1903,56,5
1377,130,11
1903,802,8
1160,624,8
1065,157,13
1516,984,10
1569,719,15
1810,551,9
1568,889,9
1356,917,12
1949,799,1
1780,748,7
1905,673,2
1314,1,4
1299,915,2
1698,686,3
1893,332,14
1848,424,1
1936,909,14
1522,234,5
1453,111,2
1674,170,6
1238,539,6
1181,946,5
1132,680,16
1682,466,9
1717,43,18
1424,828,7
1978,590,3
1553,408,3
1054,185,2
1084,803,15
1677,947,18
1703,535,4
1490,405,5
1490,406,15
1429,619,17
1550,825,4
1082,620,6
1562,677,6
1310,423,9
1177,381,19
1939,520,8
1448,606,8
1736,381,6
1092,905,10
1255,299,11
1842,469,13
1195,703,9
1603,272,11
1101,183,5
1274,398,3
1759,699,16
1190,828,12
1378,399,8
1539,639,10
1448,228,13
1613,893,18
1644,985,6
1657,550,18
1149,323,9
1436,888,10
1051,231,2
1508,643,14
1030,243,12
1625,430,4
1886,324,6
1676,447,9
1558,904,6
1099,440,2
1327,273,6
1623,808,7
1650,837,19
1372,945,5
1943,805,1
1729,138,14
1652,757,15
1360,711,2
1164,724,3
1450,927,8
1731,658,18
1035,422,13
1479,274,19
1136,504,17
1365,344,1
1233,359,4
1572,271,8
1818,697,3
1517,154,15
1684,248,8
1378,735,5
1411,99,14
1532,439,14
1375,586,19
1817,187,16
1424,756,18
1393,512,16
1452,90,14
1422,214,16
1175,258,5
1953,461,14
1599,702,1
1886,829,7
1692,924,9
1646,245,4
1664,265,15
1692,986,7
1696,223,2
1528,364,19
1716,132,16
1119,622,10
1334,249,10
1159,610,14
1828,561,17
1837,389,19
1550,941,5
1951,288,5
1626,508,14
1574,676,17
1112,12,19
1862,590,5
1141,935,14
1623,239,10
1398,571,12
1416,150,8
1185,94,15
1011,868,16
1746,16,8
1767,839,9
1239,448,11
1633,826,18
1116,119,19
1937,1,17
1394,885,16
1378,481,18
1054,352,2
1061,933,13
1136,288,4
1832,569,1
1657,244,6
1627,964,8
1501,263,14
1042,111,12
1306,441,6
1600,71,5
1381,502,4
1175,245,11
1491,547,12
1872,657,16
1718,717,2
1486,940,11
1037,333,18
1117,604,8
1181,308,8
1893,326,18
1640,290,12
1180,4,1
1991,276,3
1186,840,13
1255,736,12
1221,281,5
1454,842,1
1894,426,17
1690,731,1
1921,28,7
1111,762,5
1878,459,10
1225,245,5
1074,41,18
1407,309,5
1699,71,5
1190,924,17
1368,628,10
1075,825,15
1736,310,17
1359,810,6
1993,147,5
1221,348,15
1507,433,4
1065,826,19
1778,891,10
1468,102,9
1265,424,9
1391,972,2
1037,685,12
1502,922,8
1605,368,4
1587,963,9
1420,246,19
1372,94,7
1283,324,8
1533,23,8
1324,609,1
1336,395,14
1596,563,17
1417,96,2
1053,937,18
1355,717,6
1467,310,9
1561,324,3
1502,810,6
1209,722,7
1271,504,6
1878,925,2
1700,796,9
1481,988,5
1383,137,19
1486,569,8
1270,695,19
1812,352,10
1775,402,1
1399,356,15
1869,444,2
1677,890,13
1583,25,6
1391,579,12
1487,716,2
1410,385,14
1561,235,8
1888,159,15
1567,761,4
1793,27,6
1737,18,15
1382,146,2
1970,41,3
1486,356,9
1111,816,1
1378,149,8
1070,238,5
1182,760,9
1298,444,7
1584,665,17
1274,149,8
1684,241,18
1784,25,2
1895,393,18
1520,53,13
1598,951,7
1772,425,17
1062,486,17
1418,49,7
1117,646,10
1439,962,17
1271,283,5
1984,977,2
1627,763,12
1694,94,5
1293,325,10
1934,362,13
1348,581,7
1528,458,6
1522,191,10
1167,820,6
1452,64,18
1805,885,2
1089,362,7
1344,728,15
1925,218,9
1628,395,1
1871,694,3
1798,218,17
1949,125,9
1854,568,4
1731,589,10
1387,569,4
1158,749,14
1007,114,10
1578,382,4
1767,940,13
1718,523,11
1877,465,15
1722,586,6
1103,310,1
1765,243,3
1986,172,12
1647,220,3
1791,48,16
1381,166,18
1649,880,18
1431,410,14
1347,598,2
1751,24,15
1981,543,11
1623,328,12
1252,877,13
1837,755,1
1320,350,4
1059,439,19
1458,324,9
1084,828,18
1746,691,15
1061,294,19
1396,592,3
1299,577,2
1997,746,14
1764,484,7
1820,8,15
1253,994,19
1729,988,5
1894,706,8
1177,851,15
1806,646,9
1491,259,16
1615,483,16
1316,311,18
1838,239,3
1924,922,16
1557,920,12
1490,832,17
1803,179,10
1863,598,5
1893,87,14
1256,710,6
1570,799,8
1626,983,15
1482,880,10
1614,420,7
1591,196,19
1438,662,11
1368,717,17
1914,46,13
1429,140,2
1649,123,19
1769,329,16
1455,806,1
1447,672,9
1838,593,8
1342,926,19
1223,568,13
1751,900,13
1202,454,12
1295,215,4
1175,323,17
1533,448,3
1651,303,10
1503,497,3
1163,39,1
1587,949,4
1623,910,5
1116,113,1
1532,744,14
1161,886,14
1521,636,4
1158,356,4
1956,481,14
1843,695,1
1013,467,16
1057,129,4
1035,935,10
1058,358,4
1568,333,4
1823,386,17
1826,512,16
1514,61,5
1521,17,13
1725,965,9
1902,765,13
1825,98,1
1393,367,7
1878,134,10
1179,549,14
1161,432,1
1380,301,16
1778,92,9
1209,964,18
1650,326,3
1957,534,19
1693,313,7
1050,990,11
1999,758,12
1777,933,6
1317,345,17
1582,607,13
1727,142,14
1933,968,10
1076,606,10
1740,617,16
1578,272,3
1140,375,5
1235,458,4
1316,463,6
1259,803,7
1346,58,13
1589,327,5
1194,366,17
1225,324,3
1982,200,11
1340,60,9
1607,924,19
1903,169,1
1074,868,8
1784,842,12
1433,294,19
1062,108,3
1576,475,15
1462,458,15
1141,673,16
1934,793,1
1665,293,18
1687,540,5
1331,488,19
1127,793,12
1598,282,2
1387,582,12
1086,77,18
1182,435,1
1163,574,15
1882,872,19
1469,789,18
1716,358,3
1053,774,19
1967,149,8
1791,202,11
1178,398,1
1894,399,17
1654,650,12
1963,341,9
1413,506,1
1130,928,1
1112,650,5
1280,751,10
1189,592,3
1241,959,4
1722,965,9
1049,423,4
1292,234,18
1796,465,19
1146,160,15
1259,645,9
1815,460,12
1655,479,1
1759,264,9
1511,94,4
1491,480,17
1318,507,13
1705,655,7
1643,53,15
1641,161,1
1795,507,18
1751,49,12
1371,95,6
1895,342,13
1346,137,14
1729,546,17
1494,161,4
1393,349,17
1574,247,11
1958,979,18
1009,313,5
1297,82,7
1948,773,5
1485,835,15
1743,654,16
1881,544,19
1781,162,7
1618,697,18
1924,855,16
1375,767,13
1894,867,7
1772,618,11
1901,184,12
1973,993,8
1400,396,11
1921,766,15
1634,196,2
1773,467,3
1639,5,6
1927,48,11
1551,978,2
1902,665,5
1008,539,11
1349,326,8
1811,566,14
1140,193,11
1158,109,19
1426,743,7
1174,119,17
1774,35,9
1041,769,10
1633,517,17
1955,119,19
1002,160,2
1224,215,14
1101,482,12
1022,622,19
1007,630,14
1653,275,8
1040,608,1
1847,137,5
1117,552,7
1803,851,13
1226,204,10
1273,475,4
1713,948,4
1248,480,1
1071,349,1
1303,133,15
1870,723,13
1781,696,3
1834,90,3
1809,498,3
1725,242,11
1428,403,10
1567,129,1
1570,943,4
1660,324,4
1154,976,10
1745,53,5
1655,531,12
1609,819,8
1555,719,12
1944,816,9
1618,574,14
1811,946,11
1507,614,19
1629,564,13
1393,525,5
1154,372,17
1219,338,15
1567,251,18
1702,903,19
1037,674,3
1972,764,16
1951,67,15
1846,738,3
1096,471,6
1913,328,8
1412,357,8
1557,255,15
1188,512,3
1811,394,14
1111,145,14
1558,824,17
1743,6,10
1314,814,19
1647,576,4
1308,512,18
1630,103,13
1219,943,16
1768,749,4
1128,183,10
1443,412,1
1232,510,18
1095,866,9
1482,565,17
1681,667,19
1926,679,2
1181,360,3
1123,530,18
1735,914,6
1853,619,5
1109,320,14
1491,409,11
1548,75,4
1832,996,17
1644,953,17
1078,768,8
1305,925,9
1652,359,5
1144,320,7
1421,99,15
1920,312,10
1745,490,8
1941,198,14
1675,602,12
1581,972,15
1315,897,16
1578,516,15
1664,753,16
1943,581,11
1247,834,15
1291,356,13
1936,136,3
1781,526,5
1011,387,19
1749,761,2
1700,137,2
1538,461,8
1403,85,17
1394,437,17
1055,515,15
1799,755,11
1775,936,14
1837,330,3
1194,866,19
1193,357,19
1318,671,7
1247,732,19
1182,750,4
1638,172,9
1718,167,13
1287,861,19
1210,544,17
1122,865,4
1871,398,18
1817,252,6
1098,859,16
1395,348,3
1629,51,11
1154,688,19
1931,318,7
1046,469,15
1253,684,9
1418,410,8
1722,607,12
1403,322,13
1666,339,7
1764,451,7
1628,384,13
1828,228,15
1167,707,16
1445,605,17
1961,249,13
1821,484,7
1305,203,18
1887,370,17
1508,798,5
1415,789,14
1456,457,12
1304,725,4
1440,177,8
1330,362,8
1738,248,4
1722,966,4
1863,652,16
1762,551,19
1280,291,17
1719,305,12
1985,165,15
1558,948,3
1659,701,7
1220,81,14
1989,957,1
1047,193,9
1613,28,4
1152,2,6
1497,814,10
1948,669,11
1379,647,19
1263,978,8
1687,818,6
1772,191,5
1370,239,4
1043,685,7
1246,320,1
1881,392,10
1500,545,19
1075,215,3
1631,901,15
1175,821,11
1715,272,1
1844,198,7
1634,699,6
1551,596,7
1277,530,13
1604,278,18
1826,371,9
1108,731,19
1953,169,9
1649,220,12
1549,673,3
1116,260,13
1909,790,8
1413,633,18
1560,980,4
1981,841,17
1497,713,15
1790,840,3
1215,434,13
1679,386,10
1619,409,10
1796,698,16
1224,799,7
1049,397,5
1437,898,1
1441,435,8
1374,350,2
1327,820,13
1236,155,8
1625,81,7
1379,495,4
1031,906,15
1219,191,2
1522,582,2
1534,972,12
1967,619,3
1075,749,11
1309,519,15
1992,920,2
1089,963,10
1529,212,17
1454,709,19
1691,926,10
1045,605,9
1265,517,12
1510,703,6
1015,389,10
1067,879,12
1005,540,3
1777,542,6
1537,708,4
1014,956,4
1164,954,3
1882,860,12
1467,502,16
1455,633,9
1031,968,13
1187,212,10
1745,655,10
1299,57,5
1075,627,17
1684,929,13
1506,15,19
1793,609,14
1907,399,7
1392,467,11
1132,889,4
1085,271,10
1917,389,14
1743,329,12
1578,419,15
1054,270,5
1378,699,2
1196,364,18
1257,258,11
1504,64,10
1233,751,13
1530,705,16
1080,158,12
1558,175,8
1128,717,9
1878,432,16
1096,475,19
1597,1,14
1387,959,17
1162,571,5
1056,949,7
1533,490,8
1626,195,12
1931,695,10
1673,160,18
1873,13,7
1150,627,14
1584,59,19
1580,385,5
1092,636,11
1441,186,2
1902,823,3
1800,312,19
1870,502,7
1255,959,3
1156,496,15
1139,262,13
1055,474,8
1503,655,11
1280,829,7
1907,649,3
1974,920,19
1103,17,17
1182,778,3
1502,334,1
1583,374,18
1817,786,3
1875,833,7
1646,691,15
1494,678,10
1841,890,3
1362,41,3
1548,487,10
1551,737,4
1907,422,10
1264,920,16
1112,771,13
1120,876,13
1419,817,4
1385,208,13
1899,327,5
1469,435,8
1103,1,12
1986,470,4
1972,833,11
1628,757,16
1411,687,8
1217,573,16
1845,1,17
1562,577,4
1403,536,9
1732,190,12
1109,112,9
1150,653,15
1885,405,7
1935,956,6
1162,338,8
1147,141,10
1910,797,17
1391,709,9
1522,486,9
1977,395,10
1940,144,10
1193,356,11
1108,235,17
1002,612,14
1730,274,11
1866,15,14
1475,20,16
1592,472,9
1232,173,18
1374,602,12
1384,563,9
1769,984,6
1328,225,10
1006,573,7
1214,511,12
1336,374,10
1324,729,13
1913,295,11
1174,682,13
1322,426,6
1320,678,4
1397,266,10
1911,100,16
1655,975,15
1630,648,15
1038,758,9
1285,257,6
1254,371,4
1311,617,12
1171,674,7
1940,905,4
1411,470,5
1055,596,17
1488,414,7
1664,182,7
1486,324,11
1074,962,4
1712,457,12
1085,583,14
1047,571,9
1228,442,15
1778,387,14
1022,482,7
1030,101,6
1917,23,6
1831,625,12
1980,591,1
1998,48,11
1407,750,10
1480,463,13
1000,836,6
1112,695,4
1914,689,5
1565,986,12
1110,880,8
1873,517,19
1736,836,19
1590,520,18
1695,568,1
1747,976,19
1788,509,14
1798,247,2
1424,986,3
1011,967,5
1042,178,10
1759,440,4
1806,218,18
1949,740,3
1846,816,15
1366,20,4
1287,516,17
1120,606,19
1089,944,12
1577,998,2
1156,506,10
1040,108,17
1380,410,1
1180,232,18
1136,771,10
1774,305,18
1111,555,5
1229,550,6
1056,438,1
1162,474,2
1340,703,19
1690,915,10
1616,437,7
1456,316,17
1731,221,5
1011,458,14
1363,823,9
1347,505,19
1152,818,12
1017,441,1
1147,882,3
1193,583,14
1534,30,17
1886,993,7
1040,626,13
1483,585,13
1857,958,10
1058,786,11
1703,132,6
1969,744,5
1032,698,16
1366,195,19
1240,168,3
1653,208,9
1841,754,18
1778,6,15
1641,107,18
1855,512,8
1225,506,5
1345,425,18
1416,143,2
1714,864,12
1452,352,1
1266,839,6
1345,596,12
1024,145,14
1136,839,1
1240,337,11
1897,608,8
1905,704,8
1493,574,19
1461,103,10
1656,727,15
1908,577,7
1909,373,1
1158,913,7
1869,257,4
1317,119,8
1898,346,16
1767,843,15
1465,226,8
1781,854,3
1669,764,18
1516,596,9
1297,904,9
1815,621,6
1303,995,7
1472,717,19
1398,301,15
1696,683,6
1913,99,3
1029,569,4
1626,915,2
1234,361,4
1986,225,7
1993,37,13
1072,228,6
1151,373,13
1876,522,10
1958,16,12
1300,251,17
1918,383,6
1832,54,18
1186,381,10
1014,808,10
1698,678,17
1483,559,17
1358,50,5
1874,538,15
1565,543,3
1283,798,14
1385,903,9
1133,198,8
1639,495,18
1760,231,5
1934,103,4
1708,233,9
1205,258,16
1904,423,3
1825,599,12
1572,86,4
1183,439,4
1642,42,9
1828,24,1
1378,622,17
1335,454,5
1596,204,7
1559,920,8
1633,478,13
1281,470,17
1489,350,9
1383,415,8
1791,54,14
1739,862,11
1499,392,8
1703,425,10
1632,556,2
1600,86,16
1636,816,2
1530,248,12
1722,834,10
1027,456,2
1193,932,2
1599,450,15
1069,592,7
1218,515,8
1757,777,18
1635,565,17
1435,888,13
1419,357,10
1789,986,7
1465,620,15
1266,26,8
1317,110,18
1084,820,16
1766,44,16
1958,360,14
1797,466,6
1791,238,11
1879,170,15
1597,187,11
1170,928,2
1241,352,16
1334,104,18
1590,86,1
1980,119,18
1304,172,10
1656,547,8
1912,446,13
1811,455,16
1637,639,10
1330,952,18
1452,302,3
1800,58,1
1066,52,15
1697,999,13
1355,833,14
1373,181,2
1777,804,17
1553,976,11
1798,929,3
1997,4,13
1226,206,16
1036,213,7
1694,20,9
1904,473,17
1346,595,11
1823,122,19
1180,176,11
1936,474,9
1324,19,3
1055,984,8
1857,328,13
1121,496,18
1009,418,1
1811,765,4
1944,493,10
1665,762,17
1068,988,19
1362,721,14
1637,793,15
1161,703,12
1145,206,4
1967,519,4
1911,30,3
1425,99,9
1979,68,12
1714,833,12
1325,833,15
1687,413,2
1599,510,19
1952,454,9
1899,12,6
1869,927,3
1812,25,15
1099,742,15
1677,393,5
1201,8,1
1384,879,3
1486,652,1
1065,548,2
1177,441,10
1201,766,7
1973,251,13
1781,865,18
1975,340,6
1371,590,10
1857,144,19
1355,843,3
1934,630,3
1533,145,1
1712,679,19
1904,976,11
1443,784,8
1873,858,10
1317,150,17
1177,437,13
1037,78,6
1330,406,14
1739,824,8
1119,130,8
1005,862,16
1882,313,10
1321,682,18
1863,199,7
1180,570,16
1093,578,9
1339,520,7
1479,806,7
1652,776,5
1172,549,15
1318,310,4
1927,109,2
1071,436,10
1404,287,6
1809,388,16
1243,358,7
1280,130,17
1083,76,9
1297,273,15
1607,450,19
1809,228,5
1695,65,15
1745,844,12
1811,75,5
1274,776,14
1420,192,15
1007,437,11
1209,695,4
1361,929,16
1027,426,17
1133,566,5
1370,419,9
1505,694,6
1000,811,9
1363,148,11
1540,842,1
1569,739,4
1189,172,3
1899,513,16
1884,262,5
1893,429,7
1036,634,18
1705,35,18
1820,469,4
1478,897,8
1072,613,14
1572,220,19
1168,280,18
1136,577,7
1925,496,12
1011,825,3
1146,843,3
1147,150,5
1250,21,1
1518,359,10
1500,346,7
1878,430,11
1234,206,9
1982,933,3
1724,98,11
1193,89,2
1852,613,4
1395,629,6
1017,929,18
1227,175,4
1449,21,14
1113,662,14
1533,660,5
1577,647,18
1797,526,5
1281,916,1
1039,652,1
1771,812,15
1043,91,3
1713,241,15
1040,737,17
1905,701,13
1573,896,6
1828,405,8
1412,706,10
1226,191,16
1582,334,13
1074,994,8
1556,105,8
1559,156,3
1921,415,7
1678,816,6
1228,103,2
1019,753,5
1942,813,2
1532,603,6
1212,747,2
1763,391,4
1717,932,17
1454,865,13
1390,944,9
1569,543,2
1039,401,1
1895,944,17
1481,265,18
1904,659,3
1269,257,11
1826,58,11
1121,607,16
1440,239,1
1301,331,17
1870,814,9
1842,325,13
1973,864,7
1391,763,13
1284,688,1
1588,810,11
1043,211,15
1180,998,14
1511,785,1
1730,955,11
1224,105,15
1145,336,9
1355,832,19
1488,783,6
1715,227,12
1444,697,5
1846,125,8
1386,580,2
1647,461,7
1411,916,4
1545,709,7
1263,533,12
1018,252,12
1375,428,3
1897,912,7
1571,725,12
1688,255,12
1043,429,13
1754,31,14
1880,507,8
1592,4,10
1829,181,5
1532,342,11
1968,939,14
1203,530,14
1656,152,12
1458,573,3
1142,116,4
1828,681,5
1071,890,3
1760,57,6
1968,313,9
1104,776,8
1762,57,4
1493,588,13
1102,668,6
1708,72,4
1330,28,17
1509,866,4
1518,763,10
1446,855,12
1764,467,18
1739,640,14
1475,980,7
1664,763,13
1923,643,15
1824,957,17
1660,121,10
1259,802,16
1232,439,6
1477,111,2
1999,402,10
1668,921,15
1401,297,1
1933,673,3
1701,968,19
1053,971,15
1897,714,11
1805,540,9
1457,568,19
1214,57,7
1518,404,16
1023,862,5
1056,604,17
1428,462,3
1039,770,15
1371,888,13
1502,601,15
1328,457,17
1067,349,16
1804,822,17
1662,954,11
1960,819,15
1498,133,13
1621,26,11
1706,490,14
1976,844,13
1995,990,8
1906,736,7
1236,572,5
1380,444,6
1731,609,6
1034,173,16
1675,670,14
1682,947,7
1249,706,19
1772,996,17
1877,232,11
1723,963,3
1261,766,2
1097,473,11
1523,366,16
1393,705,7
1530,378,7
1399,72,4
1245,821,14
1839,587,14
1184,885,19
1603,449,1
1014,524,6
1595,51,5
1488,818,19
1645,47,7
1310,46,9
1234,845,18
1129,369,10
1329,82,2
1505,908,14
1712,357,13
1839,55,10
1470,641,11
1238,805,1
1415,765,19
1789,330,8
1383,813,19
1637,577,9
1796,338,10
1633,629,17
1843,172,1
1268,448,1
1267,788,14
1558,389,14
1735,462,11
1533,337,2
1324,500,11
1562,285,3
1753,988,5
1674,986,19
1539,333,19
1466,932,5
1378,248,3
1264,569,2
1989,526,8
1665,938,14
1031,402,1
1076,372,5
1747,356,13
1311,327,16
1267,167,12
1799,693,18
1556,239,3
1419,246,13
1741,931,1
1839,379,9
1989,389,14
1591,851,19
1542,22,19
1626,810,17
1821,860,7
1576,438,15
1654,191,19
1894,99,8
1583,531,2
1830,581,10
1454,143,3
1994,866,19
1525,505,13
1153,412,12
1529,420,9
1386,887,3
1095,204,1
1894,28,13
1216,516,11
1031,304,19
1583,504,16
1280,546,1
1435,39,14
1799,544,4
1076,802,3
1384,19,14
1332,365,13
1664,156,13
1967,645,3
1302,91,9
1240,111,15
1444,302,15
1997,143,12
1212,508,7
1788,185,4
1825,498,10
1086,33,16
1163,420,13
1078,739,10
1012,110,8
1531,21,3
1044,662,19
1696,486,19
1493,701,16
1953,38,18
1021,495,2
1172,555,13
1675,818,8
1375,254,10
1918,351,7
1695,195,17
1999,669,9
1375,167,14
1425,23,16
1665,726,5
1728,29,16
1589,1,12
1135,154,10
1112,410,12
1208,56,7
1215,898,8
1270,282,11
1017,58,14
1386,502,7
1481,951,13
1584,202,15
1558,703,3
1876,74,17
1569,28,10
1117,906,12
1770,786,6
1472,758,14
1766,419,6
1777,830,15
1754,313,12
1707,711,6
1135,631,10
1430,612,5
1197,877,3
1725,971,17
1533,280,8
1400,157,11
1385,713,3
1295,250,6
1008,519,5
1648,162,16
1929,107,2
1492,6,9
1372,965,11
1792,325,16
1190,250,4
1786,451,8
1113,734,16
1950,522,10
1334,440,14
1746,163,18
1301,665,17
1889,914,2
1454,110,9
1400,140,19
1408,597,3
1391,611,2
1052,345,8
1353,528,4
1641,720,5
1458,186,18
1003,673,6
1160,433,5
1884,497,2
1711,478,8
1587,778,9
1324,96,3
1106,160,5
1446,675,18
1307,887,14
1314,259,10
1341,14,13
1172,812,9
1326,899,11
1694,313,15
1607,133,17
1395,617,17
1570,647,1
1291,132,11
1154,568,13
1663,962,6
1622,205,5
1940,245,2
1900,732,3
1894,669,4
1299,994,15
1215,352,17
1940,274,8
1939,779,5
1789,378,17
1067,800,16
1041,954,16
1906,178,10
1804,639,9
1632,312,17
1764,138,13
1111,400,4
1284,420,10
1753,923,2
1792,819,2
1172,676,14
1808,667,7
1173,818,7
1175,2,17
1870,104,4
1230,808,2
1679,604,2
1599,482,9
1649,598,13
1567,860,18
1263,615,9
1941,214,2
1282,674,7
1104,505,17
1068,624,5
1668,123,1
1260,38,10
1480,827,4
1571,929,19
1500,720,2
1079,164,16
1018,34,5
1355,411,17
1513,501,8
1665,230,15
1576,144,10
1866,210,8
1634,571,16
1868,442,17
1232,408,6
1291,137,5
1503,407,3
1103,969,1
1170,328,3
1381,603,3
1660,892,1
1698,280,6
1257,794,1
1952,199,10
1660,33,13
1722,430,18
1567,228,14
1543,449,19
1527,911,10
1603,955,4
1129,56,19
1606,632,14
1227,576,11
1044,116,14
1644,79,17
1712,468,2
1261,901,11
1769,608,17
1208,749,7
1173,651,8
1812,140,13
1546,361,18
1787,858,18
1927,82,17
1017,288,9
1200,649,7
1848,40,5
1111,355,12
1196,908,3
1737,323,16
1879,104,4
1830,246,3
1181,147,17
1425,188,4
1525,95,9
1252,866,7
1984,223,4
1308,490,11
1465,533,1
1969,122,9
1968,610,10
1002,186,10
1281,359,16
1064,638,3
1507,986,1
1781,656,19
1382,95,2
1521,615,2
1691,533,18
1149,165,2
1241,316,7
1781,563,16
1867,24,4
1532,522,6
1330,577,1
1826,517,18
1380,815,16
1322,186,9
1519,674,2
1183,62,10
1463,437,3
1984,660,9
1913,100,19
1151,799,8
1770,260,10
1861,705,18
1341,24,4
1510,353,7
1707,718,19
1690,281,10
1049,851,1
1809,62,15
1645,336,15
1253,494,1
1784,699,19
1469,500,5
1997,522,17
1565,455,12
1760,633,19
1768,432,6
1732,923,15
1198,30,1
1498,611,2
1839,557,13
1275,769,8
1161,67,5
1040,313,4
1205,666,1
1042,264,18
1326,792,6
1618,980,14
1995,645,17
1438,124,14
1641,773,19
1609,37,15
1164,378,5
1626,363,10
1618,790,19
1868,571,15
1947,163,8
1964,446,16
1195,11,10
1749,930,12
1292,506,3
1732,240,3
1248,200,3
1645,7,15
1883,361,4
1137,611,4
1369,782,13
1831,332,17
1011,423,2
1803,133,16
1844,725,9
1592,172,19
1355,493,11
1819,387,19
1840,65,1
1378,524,4
1732,0,1
1127,517,12
1036,220,12
1031,514,4
1013,84,16
1730,952,3
1742,104,18
1341,441,19
1547,522,1
1659,522,7
1397,876,19
1161,618,11
1698,766,13
1385,304,17
1062,501,3
1580,408,17
1262,556,8
1791,709,12
1780,403,18
1257,967,13
1327,322,4
1538,733,17
1769,262,8
1094,738,12
1381,855,8
1248,222,7
1462,776,13
1653,129,14
1320,901,2
1421,723,18
1856,716,8
1790,202,7
1770,184,5
1977,562,1
1963,133,7
1580,713,16
1846,831,1
1919,960,1
1913,935,6
1982,77,11
1537,839,9
1157,834,4
1567,152,8
1647,126,13
1978,288,11
1270,31,4
1864,894,8
1862,86,8
1375,594,11
1594,693,15
1669,302,5
1033,605,18
1379,46,1
1480,199,11
1468,838,5
1220,655,3
1511,26,9
1238,619,13
1795,38,5
1704,872,12
1972,727,2
1760,558,18
1618,913,15
1799,183,15
1203,898,14
1522,719,2
1630,298,7
1864,309,14
1796,200,8
1010,86,2
1336,876,8
1369,230,13
1438,414,1
1782,105,16
1598,591,11
1073,104,15
1612,67,6
1125,727,13
1992,3,11
1040,684,16
1244,854,18
1659,680,9
1668,300,2
1482,21,17
1293,789,19
1921,621,19
1875,771,9
1981,891,15
1762,758,10
1145,477,18
1240,161,18
1793,203,6
1456,592,19
1631,800,3
1276,861,19
1350,461,16
1795,426,5
1766,300,9
1972,51,7
1407,341,14
1290,832,18
1076,130,3
1555,143,13
1576,863,9
1459,637,15
1915,694,12
1038,709,4
1727,859,4
1240,483,4
1366,676,1
1344,124,8
1504,485,1
1926,333,8
1525,282,8
1133,178,2
1152,331,9
1065,474,9
1076,596,11
1390,739,3
1307,587,3
1540,114,8
1516,352,13
1902,327,19
1526,553,18
1529,384,13
1343,870,9
1499,292,8
1649,951,6
1907,903,11
1727,765,8
1755,774,13
1370,130,5
1887,94,14
1515,759,16
1453,596,11
1812,663,11
1909,831,7
1307,402,18
1759,293,9
1261,980,13
1150,770,15
1371,492,7
1083,986,8
1061,949,3
1503,49,18
1948,792,3
1367,683,3
1933,175,7
1164,588,2
1716,197,19
1616,157,13
1708,130,19
1885,926,17
1316,61,13
1260,67,10
1337,606,12
1172,476,11
1240,605,2
1889,562,18
1906,448,13
1975,144,3
1517,64,17
1763,237,11
1939,62,15
1854,948,2
1823,834,19
1583,770,7
1884,671,9
1607,338,1
1102,851,11
1337,188,5
1502,331,15
1904,713,14
1217,339,8
1330,127,16
1221,332,12
1784,24,9
1549,639,13
1373,272,9
1419,751,19
1497,523,3
1774,702,12
1114,852,7
1787,60,15
1390,935,14
1345,569,17
1475,121,6
1356,990,7
1554,30,19
1462,7,18
1326,191,9
1601,172,8
1188,549,18
1962,380,5
1027,781,14
1760,634,15
1652,161,10
1314,980,4
1583,861,2
1912,390,4
1667,292,7
1160,837,4
1881,533,14
1063,639,14
1688,647,18
1398,335,10
1998,747,18
1812,609,7
1745,185,18
1571,877,19
1239,482,7
1150,795,2
1542,794,19
1708,726,11
1028,675,1
1950,953,11
1117,964,2
1166,836,1
1565,121,9
1335,762,16
1395,572,5
1376,256,17
1482,251,16
1999,754,8
1445,495,17
1599,826,12
1079,577,7
1026,936,18
1986,188,17
1241,800,18
1781,962,15
1302,344,4
1509,109,9
1754,69,15
1452,51,14
1696,253,14
1022,777,12
1723,469,5
1564,30,18
1366,319,7
1160,30,16
1218,857,4
1792,40,13
1361,307,2
1781,342,7
1213,341,6
1963,848,7
1458,724,17
1454,113,18
1595,585,10
1829,740,7
1642,888,1
1375,882,10
1822,208,14
1969,473,13
1609,700,19
1595,291,17
1253,15,15
1507,841,4
1275,790,12
1372,114,3
1450,198,5
1592,527,6
1970,141,17
1551,370,14
1924,752,11
1209,784,11
1605,187,14
1557,564,13
1898,931,16
1275,50,11
1511,553,8
1679,180,7
1251,34,6
1123,160,17
1230,354,11
1012,652,9
1741,74,4
1648,787,2
1982,721,7
1612,775,13
1029,870,15
1406,849,14
1667,996,3
1366,940,17
1545,379,4
1948,141,14
1016,511,9
1631,180,1
1467,344,3
1923,374,15
1046,259,13
1939,906,12
1974,564,14
1773,867,13
1557,561,13
1712,803,7
1225,217,10
1659,586,5
1943,408,14
1465,209,1
1913,285,9
1105,398,12
1669,738,17
1348,976,16
1282,170,12
1891,365,8
1734,721,17
1704,367,7
1546,17,17
1578,957,11
1771,415,5
1068,389,1
1005,956,10
1645,528,17
1578,42,8
1253,344,11
1039,778,5
1878,662,16
1610,563,18
1328,919,19
1741,703,1
1700,492,11
1947,853,11
1101,382,17
1081,859,17
1359,27,13
1568,45,11
1208,663,6
1757,597,3
1864,141,1
1588,402,7
1759,148,10
1347,744,1
1429,917,13
1325,128,11
1379,379,3
1901,174,18
1500,808,3
1616,556,3
1252,131,2
1322,486,5
1810,765,8
1779,585,16
1029,170,4
1865,87,15
1532,475,15
1682,413,13
1552,570,13
1922,283,12
1091,605,4
1462,269,13
1117,719,2
1406,870,18
1403,587,7
1238,942,9
1508,832,9
1358,663,7
1778,86,19
1981,945,5
1309,741,4
1214,884,3
1008,735,1
1706,344,6
1227,470,11
1823,787,13
1853,521,1
1959,391,7
1861,790,15
1805,75,5
1871,821,4
1117,316,15
1147,158,7
1862,290,1
1448,105,7
1928,611,6
1626,274,5
1788,636,15
1844,79,19
1705,362,9
1826,988,19
1074,527,13
1087,590,6
1973,115,7
1475,90,14
1468,821,9
1581,491,18
1108,899,3
1847,30,11
1728,275,9
1616,316,4
1161,371,7
1674,775,15
1968,405,5
1687,313,1
1979,694,13
1709,503,5
1917,835,18
1833,509,4
1670,317,14
1600,874,2
1991,458,11
1141,426,18
1087,623,2
1010,859,16
1869,674,19
1915,330,8
1526,108,16
1322,998,14
1508,704,4
1328,937,18
1045,305,17
1683,151,8
1193,493,18
1509,181,18
1550,695,12
1567,69,15
1487,192,4
1606,61,10
1623,502,15
1427,197,3
1531,551,14
1998,704,3
1905,165,19
1063,733,14
1004,918,18
1102,95,13
1380,376,5
1556,152,15
1455,639,2
1489,726,1
1650,533,18
1606,918,16
1926,306,13
1201,89,11
1107,552,7
1610,630,10
1201,231,11
1486,799,5
1392,884,2
1624,563,19
1514,316,19
1741,995,19
1510,448,8
1824,864,17
1419,11,1
1349,165,19
1077,173,15
1556,865,7
1773,977,2
1871,16,6
1471,190,8
1496,761,5
1991,917,4
1924,401,1
1187,131,9
1084,984,14
1721,620,19
1794,795,9
1198,773,16
1229,349,9
1533,994,10
1021,594,4
1772,376,15
1031,861,15
1697,217,18
1766,318,11
1131,415,15
1890,312,19
1315,625,1
1772,891,16
1374,554,14
1195,780,12
1166,969,13
1126,471,8
1552,135,16
1352,600,16
1808,234,12
1061,146,13
1970,641,1
1949,653,6
1613,124,2
1830,262,4
1313,187,1
1819,745,14
1630,898,17
1518,549,9
1652,556,11
1628,427,14
1236,969,7
1193,341,15
1600,291,1
1453,153,17
1823,89,19
1907,205,7
1801,322,9
1433,615,15
1247,809,6
1501,323,11
1141,459,18
1797,476,1
1481,669,1
1844,280,5
1565,21,16
1862,730,7
1769,279,7
1249,494,18
1608,272,9
1532,730,5
1238,625,17
1154,236,17
1099,420,3
1557,102,17
1802,908,2
1751,62,9
1670,273,12
1180,797,8
1693,214,18
1632,462,14
1536,279,14
1952,478,5
1141,67,3
1597,109,10
1102,933,10
1188,56,8
1101,472,7
1786,939,3
1631,788,18
1921,511,2
1615,25,6
1041,678,8
1449,790,8
1711,807,3
1752,792,1
1511,569,2
1635,364,17
1032,480,18
1265,237,4
1838,596,8
1952,285,13
1882,940,8
1027,148,14
1400,722,9
1699,969,2
1405,639,14
1133,760,5
1118,211,8
1042,951,3
1828,716,11
1806,738,8
1092,381,3
1139,887,17
1354,514,17
1914,756,11
1798,339,16
1229,340,9
1771,269,11
1913,558,13
1724,602,11
1350,958,15
1355,185,13
1209,342,13
1151,271,3
1391,553,12
1073,406,12
1458,500,16
1497,532,18
1776,281,3
1827,35,1
1741,771,6
1428,512,3
1307,124,2
1253,45,17
1545,524,10
1681,575,15
1686,488,4
1393,587,15
1123,709,14
1621,664,8
1215,762,1
1877,998,6
1783,478,16
1991,321,18
1988,873,14
1002,882,18
1590,599,17
1060,353,10
1300,649,17
1819,351,16
1467,939,4
1835,3,18
1044,359,15
1114,322,8
1016,984,6
1412,627,4
1879,560,19
1423,495,11
1380,473,10
1308,262,18
1755,309,17
1510,877,19
1521,305,4
1451,658,6
1924,687,11
1174,546,16
1852,162,7
1753,879,11
1588,541,4
1386,100,18
1005,707,11
1979,245,16
1957,764,19
1058,315,17
1886,239,6
1977,849,17
1570,824,19
1000,871,13
1707,406,11
1948,202,4
1165,441,15
1212,577,16
1255,85,4
1407,519,7
1704,901,16
1011,936,6
1588,131,1
1434,971,19
1193,988,18
1930,962,17
1190,979,14
1088,845,16
1885,549,17
1416,310,3
1685,268,4
1446,140,15
1907,668,5
1904,609,5
1449,191,3
1979,507,9
1608,190,15
1390,54,15
1929,56,14
1239,818,3
1127,447,18
1879,842,15
1832,581,14
1375,891,10
1255,876,1
1117,893,10
1155,34,15
1446,565,12
1577,81,18
1646,934,19
1893,12,9
1500,32,3
1689,131,11
1570,337,11
1198,257,19
1865,779,2
1575,349,2
1905,751,8
1251,817,14
1055,102,2
1956,216,2
1160,434,19
1491,132,7
1918,237,16
1388,70,18
1508,141,3
1746,751,16
1585,606,19
1352,674,18
1917,200,10
1789,287,19
1607,539,15
1179,475,2
1003,483,18
1217,668,8
1984,187,17
1127,209,1
1870,227,10
1830,65,19
1789,406,17
1311,180,11
1002,221,17
1786,633,8
1219,261,15
1730,702,15
1432,172,5
1297,259,13
1794,8,7
1305,254,19
1176,308,15
1816,77,7
1671,732,17
1663,392,4
1092,698,6
1445,888,6
1975,653,11
1749,498,7
1358,11,10
1178,69,11
1542,900,5
1176,292,11
1917,666,7
1055,969,17
1483,203,10
1431,720,5
1699,224,1
1123,590,3
1763,553,9
1308,961,8
1948,495,3
1394,798,10
1121,470,14
1272,869,8
1621,491,11
1694,878,6
1353,784,8
1599,213,16
1068,711,10
1655,798,17
1859,373,9
1283,963,2
1834,235,1
1528,296,10
1167,378,7
1077,190,7
1075,101,16
1498,799,9
1961,623,16
1805,653,15
1953,819,18
1192,963,3
1409,147,13
1212,176,11
1954,150,14
1457,634,3
1718,920,19
1812,72,8
1615,244,18
1141,600,5
1697,529,17
1173,270,7
1843,648,19
1481,917,7
1252,265,8
1064,386,14
1192,603,7
1698,859,11
1582,123,13
1156,547,1
1330,802,19
1164,760,8
1010,651,17
1863,116,4
1404,846,2
1185,332,17
1201,762,2
1678,855,11
1549,553,8
1761,78,18
1187,745,5
1164,436,5
1988,892,8
1983,642,2
1926,356,13
1207,588,19
1886,741,17
1923,366,1
1405,348,9
1073,308,16
1158,391,14
1054,105,11
1790,860,12
1912,978,15
1944,662,1
1704,554,17
1648,17,16
1809,975,12
1514,171,12
1407,820,15
1221,489,1
1598,504,14
1852,964,13
1067,170,11
1995,173,11
1264,396,11
1069,260,1
1006,976,19
1585,303,14
1768,547,5
1269,673,18
1162,434,1
1482,22,1
1969,155,4
1393,960,8
1054,989,17
1805,597,14
1918,906,12
1734,572,17
1894,989,6
1981,536,1
1338,693,7
1883,62,18
1221,149,12
1379,770,3
1482,164,6
1339,891,15
1380,957,19
1338,45,6
1968,159,9
1238,353,5
1067,585,7
1144,461,8
1054,167,3
1277,695,18
1136,511,11
1287,525,2
1206,177,1
1955,18,15
1255,888,6
1302,95,1
1778,828,5
1800,845,4
1277,894,10
1920,351,7
1648,402,8
1697,92,2
1903,127,7
1446,594,9
1893,89,11
1649,113,1
1119,20,16
1147,984,1
1869,494,4
1553,234,7
1183,530,4
1427,603,18
1395,56,18
1308,937,13
1539,449,8
1154,353,3
1161,314,8
1960,402,2
1585,173,7
1596,290,12
1315,785,14
1299,234,2
1107,11,3
1087,153,12
1309,786,9
1657,400,4
1641,596,5
1726,326,7
1207,721,17
1122,723,13
1676,295,2
1428,381,9
1963,815,10
1284,220,19
1659,315,5
1253,795,8
1734,655,16
1593,356,1
1526,706,7
1661,350,12
1479,709,12
1571,647,6
1964,39,9
1243,424,3
1846,863,14
1116,548,2
1192,478,3
1960,400,9
1553,3,18
1472,702,4
1054,740,1
1731,857,8
1453,571,5
1572,538,7
1993,641,6
1144,809,4
1226,507,3
1897,625,1
1848,775,2
1865,306,8
1744,961,17
1897,671,9
1957,373,1
1234,959,4
1669,837,1
1705,230,7
1467,358,1
1842,782,3
1484,835,7
1419,975,5
1927,609,15
1414,387,16
1727,408,12
1480,711,19
1770,655,8
1615,255,4
1577,404,12
1965,667,14
1737,121,6
1478,825,10
1293,49,15
1335,965,3
1116,568,19
1554,859,4
1782,997,17
1647,413,8
1284,327,14
1681,732,6
1756,951,6
1361,206,14
1080,940,15
1241,753,4
1861,777,11
1160,337,19
1512,723,17
1562,891,11
1527,363,4
1539,363,19
1955,900,18
1233,795,5
1361,258,12
1464,223,2
1595,881,16
1474,370,3
1093,850,5
1339,851,3
1455,598,15
1030,203,7
1355,875,7
1248,615,5
1267,346,11
1482,569,1
1554,957,5
1395,280,13
1480,688,1
1996,990,13
1402,663,16
1958,994,3
1551,818,12
1625,11,6
1343,645,12
1775,699,19
1436,903,1
1800,838,6
1980,18,3
1698,950,4
1733,369,7
1536,641,13
1525,861,17
1423,654,5
1447,962,2
1146,308,6
1273,307,15
1737,694,13
1418,520,2
1114,895,14
1879,508,2
1041,560,8
1252,280,9
1147,132,6
1884,508,13
1405,507,6
1597,303,3
1075,785,18
1197,364,14
1932,417,10
1962,850,16
1973,894,17
1860,244,11
1361,0,8
1876,777,11
1591,481,17
1932,165,10
1000,236,14
1707,244,11
1433,777,13
1525,503,10
1316,652,6
1498,461,16
1475,748,18
1187,272,16
1707,983,8
1500,825,11
1598,552,3
1930,482,12
1380,147,9
1975,99,7
1789,352,7
1196,943,14
1635,908,19
1684,393,16
1300,662,7
1631,552,19
1874,486,16
1909,145,3
1987,295,16
1286,661,3
1063,921,8
1691,215,2
1776,739,16
1961,845,13
1297,953,18
1814,550,17
1213,559,18
1940,170,7
1893,21,6
1528,661,6
1249,929,10
1725,16,8
1578,303,6
1018,101,9
1384,948,4
1354,876,15
1990,586,8
1922,747,12
1593,910,5
1478,859,10
1444,524,8
1255,836,2
1067,631,18
1134,249,2
1139,840,2
1914,975,5
1480,746,14
1276,370,1
1098,43,7
1921,162,4
1330,800,8
1896,881,8
1483,891,5
1070,721,8
1237,536,17
1182,186,8
1899,15,3
1632,659,4
1675,961,11
1867,355,1
1430,22,8
1620,666,4
1180,573,5
1480,818,8
1008,895,2
1177,83,16
1304,85,5
1867,734,15
1331,982,7
1954,184,5
1360,749,12
1234,815,16
1960,190,5
1619,347,18
1053,54,3
1797,782,18
1326,70,5
1968,166,19
1087,2,8
1458,260,16
1383,780,11
1875,262,6
1942,919,15
1392,744,7
1725,598,13
1322,591,13
1435,373,3
1923,250,8
1440,319,9
1637,905,5
1008,202,18
1202,380,12
1100,743,2
1967,721,6
1301,374,12
1650,219,6
1252,900,5
1157,902,11
1526,587,1
1510,480,16
1906,934,8
1715,597,2
1563,601,3
1845,687,6
1731,625,12
1409,518,11
