listen_id,user_id,listen_time
GB45FWJG44006503379431,1949,2022-11-9 15:00:00
GB28AXXW47034039050999,1800,2022-11-7 5:00:00
GB86CXZU42872703253784,1489,2022-11-12 20:00:00
GB42GVRD37816832844290,1032,2022-11-12 17:00:00
GB23VLZT43009394633630,1798,2022-11-10 9:00:00
GB70CSAH62016835591405,1157,2022-11-10 11:00:00
GB97PTNS38306158059858,1185,2022-11-13 14:00:00
GB08XIUR59473941601637,1012,2022-11-10 18:00:00
GB56YILL09093973729428,1709,2022-11-13 21:00:00
GB42NHBD05682249716885,1841,2022-11-11 7:00:00
GB21PYMU62562801701511,1655,2022-11-10 13:00:00
GB80GEHP80185981310782,1693,2022-11-8 4:00:00
GB60GUEX29905262027700,1482,2022-11-12 18:00:00
GB18RLWV75005878155415,1284,2022-11-13 11:00:00
GB08SYZB04446605549448,1561,2022-11-10 16:00:00
GB30JMEE32344303959260,1586,2022-11-9 10:00:00
GB26BWVP04309562127807,1713,2022-11-12 17:00:00
GB46HOFY57115362325956,1129,2022-11-10 17:00:00
GB35SRSB00482280858858,1092,2022-11-11 9:00:00
GB47IALM22870833453892,1396,2022-11-11 5:00:00
GB75VZFR01081537594635,1469,2022-11-8 7:00:00
GB23YFIO69531656648233,1596,2022-11-9 6:00:00
GB09DCRZ89332566877239,1891,2022-11-11 5:00:00
GB34WFMZ39061451754658,1993,2022-11-8 11:00:00
GB17IJES43212830251468,1342,2022-11-7 7:00:00
GB10GAVT94285833368250,1262,2022-11-11 4:00:00
GB05RXBB74537212382412,1090,2022-11-12 14:00:00
GB07HCIU37977652465147,1978,2022-11-11 17:00:00
GB70HXFR72924967067976,1311,2022-11-7 18:00:00
GB94RMBJ64505704542426,1990,2022-11-11 19:00:00
GB70RJMX92473442227490,1499,2022-11-11 10:00:00
GB43LCJC09643418737731,1740,2022-11-9 11:00:00
GB50HFAN72151985493956,1296,2022-11-12 8:00:00
GB62AQST48062811819892,1004,2022-11-7 8:00:00
GB35GMSV51141548542573,1555,2022-11-8 19:00:00
GB92OUKH51197001915194,1411,2022-11-7 5:00:00
GB05ZODD75654239135142,1601,2022-11-12 7:00:00
GB80BZLA21763352425827,1189,2022-11-9 14:00:00
GB53LIMI30143571561122,1170,2022-11-13 4:00:00
GB96RIEB96658417734245,1669,2022-11-7 16:00:00
GB10UQNN27398037095842,1127,2022-11-7 17:00:00
GB40QOKG51105856441199,1324,2022-11-9 20:00:00
GB38GTGH65804989196087,1172,2022-11-10 8:00:00
GB58RTON71774306369053,1396,2022-11-12 12:00:00
GB31SRXI19271683860188,1916,2022-11-11 19:00:00
GB30KFVF00054070153894,1406,2022-11-7 11:00:00
GB74VTSP89166641948430,1916,2022-11-7 9:00:00
GB59NCOB95644750282004,1900,2022-11-12 4:00:00
GB37XTVR76187967934942,1524,2022-11-10 18:00:00
GB13CKXQ47721149653957,1647,2022-11-8 4:00:00
GB95PBXX81167820324964,1905,2022-11-9 12:00:00
GB29WLOB36388029241397,1497,2022-11-13 13:00:00
GB92KKIA22137842761369,1595,2022-11-10 6:00:00
GB14XMJC18014285680310,1186,2022-11-11 13:00:00
GB02BMOF86007885781999,1359,2022-11-10 21:00:00
GB23IRSW41752112450126,1918,2022-11-7 5:00:00
GB28RLHR77229713672551,1679,2022-11-11 21:00:00
GB25VCZE62747007737161,1736,2022-11-8 18:00:00
GB84AZZA77235770883853,1070,2022-11-11 13:00:00
GB30ISKR76404171411340,1269,2022-11-9 17:00:00
GB60QFYY90691309750679,1205,2022-11-8 5:00:00
GB10SLMW54730812907907,1186,2022-11-13 17:00:00
GB11IEAV01071775607361,1448,2022-11-10 11:00:00
GB62RLIL38200324810570,1460,2022-11-11 8:00:00
GB44WIHK97013070447630,1074,2022-11-11 10:00:00
GB25MKGG06434457191905,1867,2022-11-13 14:00:00
GB54YRWC54937131107206,1728,2022-11-9 7:00:00
GB20CBWV12869401100755,1480,2022-11-8 17:00:00
GB89SLNA51758535937643,1082,2022-11-7 14:00:00
GB87NSWQ33973455695376,1241,2022-11-8 13:00:00
GB78PZLM91060397531565,1926,2022-11-8 7:00:00
GB57XGTI20571941975189,1497,2022-11-12 12:00:00
GB87ISAZ36188411113256,1291,2022-11-11 4:00:00
GB26FKKC04459331240410,1634,2022-11-13 18:00:00
GB61LKYE81334061858613,1000,2022-11-10 18:00:00
GB24VARV25671080577037,1535,2022-11-13 7:00:00
GB07HNUD36352341124937,1179,2022-11-8 12:00:00
GB33DXKT48046515798340,1152,2022-11-7 10:00:00
GB68EFNN25863356176024,1183,2022-11-11 21:00:00
GB50YTVM81993962248363,1249,2022-11-12 9:00:00
GB84PBUI46306271073180,1690,2022-11-7 8:00:00
GB56BTYB65301353126202,1502,2022-11-7 20:00:00
GB19LZFK97749833198654,1289,2022-11-10 11:00:00
GB51ISFE79544358445652,1811,2022-11-9 12:00:00
GB04WUBH71410922893731,1926,2022-11-13 17:00:00
GB12FOSE62794752329380,1209,2022-11-13 16:00:00
GB91ESAI19176839719641,1976,2022-11-11 5:00:00
GB63CWHR49651455018580,1084,2022-11-12 5:00:00
GB74YOLX66608319729694,1825,2022-11-9 10:00:00
GB67UYHX41254920072458,1571,2022-11-7 10:00:00
GB07YSWP68711545137418,1240,2022-11-9 8:00:00
GB03MRIO40879907741919,1465,2022-11-7 10:00:00
GB33AXXN69649688703463,1374,2022-11-7 10:00:00
GB97EPPL15217124472982,1953,2022-11-11 5:00:00
GB03XQST56524864965666,1028,2022-11-12 20:00:00
GB58MJTB70813852138985,1604,2022-11-10 8:00:00
GB69INMT29426054021503,1643,2022-11-8 16:00:00
GB62LTHH76973137437073,1773,2022-11-13 17:00:00
GB12XXOV48514607803437,1363,2022-11-10 14:00:00
GB60BIIG56892768919450,1453,2022-11-9 15:00:00
GB35IGZR62076217187937,1039,2022-11-12 20:00:00
GB78EYPP08584781173754,1188,2022-11-10 19:00:00
GB10XGPR66598296369979,1302,2022-11-13 21:00:00
GB50TFGJ52216615508199,1499,2022-11-12 20:00:00
GB65OBSY66457079070175,1416,2022-11-7 12:00:00
GB79KMQR86610075405077,1692,2022-11-13 8:00:00
GB07FJYP91413033968261,1203,2022-11-10 7:00:00
GB12JXGQ01597861728341,1986,2022-11-10 12:00:00
GB32MNPD84891275751605,1471,2022-11-10 8:00:00
GB65MQKU38322811761401,1583,2022-11-10 9:00:00
GB45BYWP93799710829231,1169,2022-11-8 21:00:00
GB39DJWW04065043058989,1381,2022-11-12 10:00:00
GB34DUNX46149357904785,1200,2022-11-8 8:00:00
GB46VACU89758273643370,1800,2022-11-10 19:00:00
GB13HIMB52845991492344,1237,2022-11-8 12:00:00
GB71JUKE06722240695775,1311,2022-11-8 9:00:00
GB79YJCG21228785127555,1976,2022-11-10 5:00:00
GB45FGCZ72078604631145,1956,2022-11-9 7:00:00
GB91XCDM21035035608621,1317,2022-11-12 7:00:00
GB75SXSU20505472918016,1187,2022-11-12 4:00:00
GB74QDGH08398888881419,1467,2022-11-8 17:00:00
GB30RRAM64656343041309,1289,2022-11-7 15:00:00
GB43SAUN92950707708407,1387,2022-11-8 4:00:00
GB55FNZS95779220333856,1612,2022-11-10 13:00:00
GB92JCQQ20500308362473,1295,2022-11-11 15:00:00
GB49KZLR85864205596859,1633,2022-11-13 19:00:00
GB08FQCZ83089980119131,1637,2022-11-12 12:00:00
GB80EQXF28095748427952,1594,2022-11-7 21:00:00
GB06KNNP32691382964731,1806,2022-11-9 11:00:00
GB88CTZY32748938767236,1495,2022-11-12 18:00:00
GB96GOYJ76628145034114,1637,2022-11-7 8:00:00
GB03UHAW27610941226405,1797,2022-11-11 9:00:00
GB18YLHQ67140341990617,1809,2022-11-11 19:00:00
GB61TEPH18581552677594,1899,2022-11-12 12:00:00
GB82YCFB49644793922490,1537,2022-11-10 14:00:00
GB78XGTC73922605378790,1703,2022-11-11 14:00:00
GB28TIJY36793913404920,1842,2022-11-8 13:00:00
GB88RBNG84684917942050,1483,2022-11-12 19:00:00
GB64LHBJ37635416595309,1415,2022-11-12 8:00:00
GB67EPQY15860052930481,1777,2022-11-8 19:00:00
GB36TFDI66206496687016,1123,2022-11-11 14:00:00
GB80PPZQ22229942190154,1939,2022-11-7 11:00:00
GB51OFOA49466638959142,1178,2022-11-11 8:00:00
GB59SZGI15100751737134,1627,2022-11-10 9:00:00
GB43XPDI13055485143217,1926,2022-11-11 12:00:00
GB65FFCV41699853179939,1035,2022-11-10 4:00:00
GB43SEGC27061119443022,1403,2022-11-11 6:00:00
GB84MZYB25436156523917,1919,2022-11-10 14:00:00
GB50YQAV15347819917422,1268,2022-11-9 17:00:00
GB25STUO28371216736146,1750,2022-11-13 11:00:00
GB14DPOL21404768651743,1984,2022-11-7 8:00:00
GB35LCOI78393173611657,1951,2022-11-10 11:00:00
GB49LCAV38061146088318,1779,2022-11-7 7:00:00
GB95RCPQ37414471954277,1003,2022-11-11 16:00:00
GB38BSFK22637667239447,1046,2022-11-9 18:00:00
GB85UOQX80424616920530,1028,2022-11-13 6:00:00
GB63DVSO90282555644341,1235,2022-11-12 13:00:00
GB21ILJX65199391634609,1583,2022-11-7 15:00:00
GB11DUBT25876165677472,1524,2022-11-11 10:00:00
GB80EGWQ61482262951890,1949,2022-11-7 18:00:00
GB67QKVI07480503382808,1920,2022-11-7 18:00:00
GB39HISM85437878484466,1144,2022-11-12 8:00:00
GB84DEYS02194721438282,1250,2022-11-8 7:00:00
GB83YYSE23128110822004,1554,2022-11-8 15:00:00
GB41LKQL49948725506741,1227,2022-11-8 17:00:00
GB76KNGS14915692895989,1178,2022-11-11 17:00:00
GB30UTGN54397231097146,1331,2022-11-10 21:00:00
GB65WYHK42376339813287,1684,2022-11-10 5:00:00
GB80QJEZ03647547609920,1135,2022-11-13 5:00:00
GB48AWEV34677539685674,1308,2022-11-12 7:00:00
GB75PPET25674589276333,1387,2022-11-8 16:00:00
GB03GBXE51812291521375,1712,2022-11-10 11:00:00
GB59AKOO46222338870134,1614,2022-11-10 14:00:00
GB19TVAK99408379852406,1190,2022-11-9 19:00:00
GB02WNFC81100217308017,1131,2022-11-10 15:00:00
GB68IOJI76965217302577,1543,2022-11-9 12:00:00
GB07KLZD78805518067870,1918,2022-11-10 8:00:00
GB67UTVB14230658747958,1547,2022-11-7 14:00:00
GB59HFJQ66141327407499,1576,2022-11-12 14:00:00
GB60QLXY94340959374530,1550,2022-11-7 14:00:00
GB69WLYB26510812038340,1100,2022-11-10 15:00:00
GB39DFDL35312234321190,1536,2022-11-7 10:00:00
GB08VEAV48262346980618,1985,2022-11-12 15:00:00
GB95XGOC62836584865992,1372,2022-11-10 5:00:00
GB48SHSO49151893016781,1024,2022-11-10 21:00:00
GB73BEMY03110210895744,1436,2022-11-12 9:00:00
GB84JVTR78130272739163,1913,2022-11-9 4:00:00
GB15WTSG18847934956525,1238,2022-11-12 18:00:00
GB76CBON43371811780002,1622,2022-11-9 4:00:00
GB89PCQE37409472561428,1696,2022-11-7 21:00:00
GB19NKHM41893455091905,1614,2022-11-10 16:00:00
GB92JFLE17679845623823,1501,2022-11-12 21:00:00
GB15EGKK51726699805905,1758,2022-11-8 14:00:00
GB86NEJK68829498947681,1163,2022-11-13 4:00:00
GB49QWJC35160669234476,1657,2022-11-12 7:00:00
GB84YHCS15871026333033,1670,2022-11-11 5:00:00
GB75SIIN69435313698361,1183,2022-11-10 8:00:00
GB55VWHV70510562970617,1872,2022-11-9 11:00:00
GB77ZKGG63151009692142,1123,2022-11-9 6:00:00
GB21QEHH26098771694182,1359,2022-11-10 9:00:00
GB11RPVR15321704641681,1498,2022-11-12 17:00:00
GB61GRZB35399764116911,1133,2022-11-12 6:00:00
GB22KHHC80645775779409,1296,2022-11-9 17:00:00
GB76DHHQ60122076919748,1303,2022-11-13 7:00:00
GB70ATTF77096344410639,1711,2022-11-11 15:00:00
GB84KRQZ77538414568098,1179,2022-11-12 9:00:00
GB15YKCY51031349007379,1548,2022-11-10 16:00:00
GB97DWJB60912312792839,1702,2022-11-11 14:00:00
GB64YPDK20016417287383,1153,2022-11-8 10:00:00
GB51WAVF26034217525438,1069,2022-11-8 19:00:00
GB57WBJV49701910726747,1415,2022-11-7 8:00:00
GB79LWLS90978924927747,1139,2022-11-11 12:00:00
GB55KKXC18060492659583,1486,2022-11-11 10:00:00
GB37YPMH34825983583676,1725,2022-11-13 9:00:00
GB66MOJT11701508531341,1975,2022-11-10 13:00:00
GB45ZMSL94038317986983,1550,2022-11-8 11:00:00
GB95NWUQ62004466587877,1206,2022-11-7 14:00:00
GB90WWQI72178327904158,1179,2022-11-12 4:00:00
GB74IHYD33797637537763,1578,2022-11-12 18:00:00
GB10GLCF50336205817487,1891,2022-11-7 14:00:00
GB83OOBN25527745505106,1282,2022-11-8 7:00:00
GB19IJYF92640948502099,1004,2022-11-13 20:00:00
GB04HVRT40493889460593,1935,2022-11-12 18:00:00
GB55EBEQ76887716146661,1100,2022-11-7 8:00:00
GB27MHWV43399697759680,1715,2022-11-13 14:00:00
GB77WOJM87092673363203,1388,2022-11-12 16:00:00
GB29LVDB84803321614037,1519,2022-11-7 17:00:00
GB41UICN69274712201237,1997,2022-11-8 21:00:00
GB25DFUR74145324779596,1703,2022-11-12 15:00:00
GB24MGTY78041343927949,1391,2022-11-9 19:00:00
GB53RYBT04916292690320,1781,2022-11-12 14:00:00
GB31JVXM21970614678127,1696,2022-11-13 13:00:00
GB08VVCS13128096171576,1144,2022-11-9 11:00:00
GB41MBFZ01343140541227,1528,2022-11-8 12:00:00
GB77FZZC72221564562227,1095,2022-11-7 4:00:00
GB75VIZC11892592774985,1513,2022-11-13 5:00:00
GB09ONIT14014997551301,1874,2022-11-7 15:00:00
GB14WNXD34115768059437,1815,2022-11-8 18:00:00
GB07ZAZO39617411733152,1436,2022-11-7 18:00:00
GB22IAIJ01824506270384,1853,2022-11-12 11:00:00
GB27PQVK93038520290604,1402,2022-11-10 6:00:00
GB45UTNQ39385081744504,1607,2022-11-7 8:00:00
GB13PRBX68405329073011,1449,2022-11-11 14:00:00
GB42TPQB10084086022370,1388,2022-11-12 11:00:00
GB41MWQW12699666090223,1303,2022-11-12 10:00:00
GB35YKEZ12291390980970,1838,2022-11-9 21:00:00
GB04QXRH58272185298903,1766,2022-11-9 16:00:00
GB08WSMV73027986504549,1625,2022-11-8 18:00:00
GB64OOSU88902248068922,1066,2022-11-12 7:00:00
GB18HLXP24533852884915,1368,2022-11-8 11:00:00
GB09SWWY60643406410978,1651,2022-11-11 19:00:00
GB55ASSC53322720499052,1183,2022-11-7 17:00:00
GB36YJHY50342805437710,1773,2022-11-11 13:00:00
GB58EDNP88484045583088,1230,2022-11-10 11:00:00
GB29JIDL61040245912353,1409,2022-11-12 10:00:00
GB08PJWU97891399626561,1701,2022-11-10 4:00:00
GB70DFUS48311220651485,1586,2022-11-8 8:00:00
GB77SIXL13607677260444,1070,2022-11-9 16:00:00
GB04MSZC22118748440139,1645,2022-11-9 15:00:00
GB41SJPT19194062806007,1027,2022-11-7 7:00:00
GB86CJWD12632665722800,1704,2022-11-9 19:00:00
GB35OWXI91526089972662,1637,2022-11-7 19:00:00
GB52XDAW93359455155649,1861,2022-11-13 4:00:00
GB20EQWU86890040246474,1081,2022-11-8 15:00:00
GB32IEQF20413128576325,1456,2022-11-11 14:00:00
GB85BGCL85418829254759,1076,2022-11-10 4:00:00
GB74HISQ88988963570212,1966,2022-11-7 14:00:00
GB91JYFV09357385584473,1516,2022-11-12 11:00:00
GB74BJMK55903635015160,1358,2022-11-10 15:00:00
GB84CKVC21349180283894,1393,2022-11-7 9:00:00
GB39PBHJ12832678824540,1669,2022-11-10 6:00:00
GB49QHTR49311583693380,1819,2022-11-11 13:00:00
GB54ALPP62577688292666,1246,2022-11-12 10:00:00
GB03SGQG17448419205761,1857,2022-11-13 15:00:00
GB91KMWZ32641801069113,1376,2022-11-12 11:00:00
GB44DANB58093396119192,1116,2022-11-12 11:00:00
GB19YHPW38888053196286,1888,2022-11-7 6:00:00
GB98OLDR84331732317839,1015,2022-11-12 15:00:00
GB96QPZH26479492521483,1724,2022-11-10 21:00:00
GB23AAXF65701261065496,1651,2022-11-12 13:00:00
GB78FWTF53400583891787,1680,2022-11-12 18:00:00
GB63LKRN25537077882033,1590,2022-11-13 18:00:00
GB50WZNI52911574513075,1749,2022-11-8 9:00:00
GB95GBQZ07001673527151,1789,2022-11-12 8:00:00
GB09PAJV84412616389787,1770,2022-11-7 16:00:00
GB85MHYC95426920048573,1961,2022-11-7 11:00:00
GB52HLFE14893739715808,1591,2022-11-12 16:00:00
GB32XDDY45527717033199,1795,2022-11-8 9:00:00
GB41SKZV59194547262999,1615,2022-11-11 15:00:00
GB17XJVD62138828644972,1010,2022-11-8 12:00:00
GB06AVPQ80603406135166,1905,2022-11-10 17:00:00
GB58HJHU90436021765333,1017,2022-11-7 16:00:00
GB66VQCZ77705648116782,1719,2022-11-7 19:00:00
GB58SPWR33264178081118,1836,2022-11-11 10:00:00
GB37YXGN80079236753030,1776,2022-11-9 12:00:00
GB64OVNS75464320812723,1935,2022-11-12 10:00:00
GB63ZHII52397961603138,1249,2022-11-10 19:00:00
GB88KCRF31560474070741,1857,2022-11-9 9:00:00
GB16DBLR28473794645543,1999,2022-11-7 16:00:00
GB96XISG32084901703134,1565,2022-11-9 21:00:00
GB73EGZL14348968836052,1017,2022-11-12 4:00:00
GB02NLMC00635749081549,1999,2022-11-10 18:00:00
GB29UDQT88161787918409,1921,2022-11-11 11:00:00
GB31RNSU20196945893547,1507,2022-11-8 13:00:00
GB56BMWZ95577995399226,1904,2022-11-8 10:00:00
GB60EIIE03330778170354,1695,2022-11-13 14:00:00
GB24SVPN46314077521920,1404,2022-11-13 14:00:00
GB93NJGR09319321936298,1483,2022-11-8 9:00:00
GB89VTHF79137720434237,1691,2022-11-11 6:00:00
GB67AMLC20932856061785,1939,2022-11-10 7:00:00
GB26CMNF81017714804125,1958,2022-11-12 18:00:00
GB50SFQL76595185631946,1906,2022-11-12 17:00:00
GB28WGYW63002831093380,1162,2022-11-11 9:00:00
GB72WKEO34944891329515,1302,2022-11-13 19:00:00
GB16IUVD19911438469126,1113,2022-11-10 4:00:00
GB06RGJW45835534606161,1449,2022-11-13 20:00:00
GB25EVBV18494035328498,1946,2022-11-7 11:00:00
GB74DTLI01287853487562,1324,2022-11-10 4:00:00
GB43WUZO60022608303163,1232,2022-11-8 7:00:00
GB19YKHI91079834018084,1644,2022-11-13 15:00:00
GB65OCIZ79518867220671,1389,2022-11-10 18:00:00
GB02CGBV68027664645918,1310,2022-11-7 21:00:00
GB35WHIJ71969982335687,1439,2022-11-13 14:00:00
GB77JIMC53438750435337,1010,2022-11-8 16:00:00
GB93AWAZ91151605178038,1871,2022-11-12 21:00:00
GB68PJPZ27147716572652,1464,2022-11-7 21:00:00
GB43LWLX60683300488677,1222,2022-11-9 6:00:00
GB92RZJQ05371212006485,1971,2022-11-9 9:00:00
GB37LFXK82485156394809,1572,2022-11-10 12:00:00
GB85QBYI80264590619087,1322,2022-11-12 20:00:00
GB98LFVJ32855237754877,1209,2022-11-12 13:00:00
GB73XLGG43293260500858,1084,2022-11-8 10:00:00
GB31UGEW18171251155376,1287,2022-11-13 6:00:00
GB40BELA05188816501131,1686,2022-11-13 10:00:00
GB10JFNT21174356148698,1421,2022-11-13 9:00:00
GB19CUDY61440804630394,1849,2022-11-9 18:00:00
GB50RWUT86895002804301,1863,2022-11-13 16:00:00
GB31RCRO32487953819497,1657,2022-11-10 15:00:00
GB06SOBX06156816850124,1656,2022-11-7 10:00:00
GB35VRIP03332596621359,1381,2022-11-13 6:00:00
GB44EFEY00093639165277,1117,2022-11-12 5:00:00
GB95VFQV49651942010904,1972,2022-11-8 21:00:00
GB09BKPI48702319775867,1737,2022-11-7 10:00:00
GB27BYYD32704926287606,1092,2022-11-8 5:00:00
GB85CEIF71459291919027,1068,2022-11-11 5:00:00
GB92OAIN00709323391932,1824,2022-11-10 18:00:00
GB67RSXJ95638906596224,1836,2022-11-9 15:00:00
GB52DZJW66396016219985,1164,2022-11-7 19:00:00
GB41ZTVI74265328737472,1209,2022-11-8 12:00:00
GB16ROCP89155849056471,1764,2022-11-9 6:00:00
GB80EBDQ64703801055580,1214,2022-11-13 14:00:00
GB51JLGX83541788798048,1259,2022-11-13 17:00:00
GB33KWYJ56599680572357,1788,2022-11-11 8:00:00
GB90NLBT86275381992156,1522,2022-11-12 14:00:00
GB32QXIP52993104074746,1701,2022-11-13 7:00:00
GB83CZEI97641794839275,1992,2022-11-11 11:00:00
GB39YFZG82356061908561,1996,2022-11-11 13:00:00
GB03ZKRO81579521128525,1439,2022-11-13 4:00:00
GB88WBMB83839227827285,1507,2022-11-13 16:00:00
GB52YBIY51247940346621,1310,2022-11-9 6:00:00
GB08VHKO10150506646258,1020,2022-11-11 21:00:00
GB64WADI61620467890199,1150,2022-11-11 4:00:00
GB33FOEI58242100811848,1119,2022-11-12 17:00:00
GB85HSCV26533294975569,1483,2022-11-13 20:00:00
GB09XFVA85230277329049,1526,2022-11-10 21:00:00
GB15ZOLY67673658555093,1676,2022-11-8 11:00:00
GB56GFXK13327917809422,1268,2022-11-9 9:00:00
GB12DLXS85637191414715,1172,2022-11-12 11:00:00
GB43KTHT56751648886921,1762,2022-11-8 12:00:00
GB46BMIZ77062083603649,1334,2022-11-10 14:00:00
GB20SHUQ26114669408370,1634,2022-11-8 5:00:00
GB81VKVJ66013914165331,1330,2022-11-9 17:00:00
GB34DOFC27583821515486,1329,2022-11-13 10:00:00
GB61IHEY79551817346880,1848,2022-11-13 10:00:00
GB98MKCN48132201453286,1077,2022-11-7 17:00:00
GB46GETN62681812811030,1610,2022-11-10 13:00:00
GB13QXLP27538130474070,1146,2022-11-9 11:00:00
GB26NOLB09695033200239,1606,2022-11-8 11:00:00
GB36SYOK86535862812019,1781,2022-11-11 20:00:00
GB21VPTL71266079230311,1827,2022-11-13 11:00:00
GB52UEQZ42696762894613,1878,2022-11-11 9:00:00
GB12TXHC63393985731980,1724,2022-11-8 17:00:00
GB63TKVC99765516154550,1421,2022-11-7 17:00:00
GB83IFQC09444114007416,1680,2022-11-10 15:00:00
GB58QFIQ22508328567143,1813,2022-11-12 17:00:00
GB02HXBY42441599648574,1376,2022-11-11 4:00:00
GB46IYLI34020112337957,1113,2022-11-7 8:00:00
GB87NJWZ24536738999314,1205,2022-11-9 5:00:00
GB04TWPC86987074165772,1756,2022-11-11 5:00:00
GB28ETCO89169627975294,1355,2022-11-9 15:00:00
GB11ZKNN94058710920038,1623,2022-11-8 10:00:00
GB46TWEL67735393309104,1938,2022-11-12 17:00:00
GB19JXJN03958695949701,1858,2022-11-11 17:00:00
GB57FTQE50520911468896,1480,2022-11-10 12:00:00
GB53IODD96259504764842,1630,2022-11-11 12:00:00
GB68VCSP15140400713210,1624,2022-11-11 16:00:00
GB54KLQA58998847119159,1818,2022-11-9 11:00:00
GB78DBNN18724844735526,1387,2022-11-11 8:00:00
GB81EAXP89290353948569,1039,2022-11-9 4:00:00
GB21PVRS61158931882861,1245,2022-11-8 17:00:00
GB89NQKQ72677567804366,1299,2022-11-12 19:00:00
GB15GOJN48319899411667,1286,2022-11-9 11:00:00
GB10HOHI52690657024389,1438,2022-11-7 10:00:00
GB15VAIJ37985439156523,1623,2022-11-9 4:00:00
GB61UUMV12310474045700,1643,2022-11-11 21:00:00
GB38XEUQ04553344710775,1139,2022-11-11 5:00:00
GB77YSZJ38317158500068,1786,2022-11-10 16:00:00
GB93NCRZ70307656476570,1204,2022-11-12 7:00:00
GB94PGBO45408874132480,1686,2022-11-7 21:00:00
GB77IRXO58283756135218,1887,2022-11-12 12:00:00
GB35KHQT62314127416747,1121,2022-11-8 19:00:00
GB13KTWI37093530054396,1396,2022-11-11 13:00:00
GB36RZZO50030318878135,1678,2022-11-12 14:00:00
GB45TFDA29068830577811,1855,2022-11-10 6:00:00
GB90CHKI51671489872398,1836,2022-11-12 15:00:00
GB54BAMU28738123617217,1963,2022-11-11 6:00:00
GB47REXY08511663636708,1374,2022-11-9 17:00:00
GB13ILAI52070169998082,1425,2022-11-8 17:00:00
GB72CNJV35253461576832,1244,2022-11-11 11:00:00
GB29RLFV46907402021759,1104,2022-11-13 17:00:00
GB79LPWV84341225867771,1787,2022-11-11 10:00:00
GB20RKSI69879343168594,1555,2022-11-11 21:00:00
GB21EERO05762398115744,1367,2022-11-13 8:00:00
GB92ACMF75701539733521,1868,2022-11-11 17:00:00
GB95QKNH77446711863676,1611,2022-11-7 15:00:00
GB09YTJP37861552037457,1166,2022-11-10 6:00:00
GB51NBIT56458016382497,1062,2022-11-11 19:00:00
GB23OJDA71644915975993,1556,2022-11-12 20:00:00
GB22HFXT64428239120496,1537,2022-11-7 5:00:00
GB32ELOF00219347330742,1676,2022-11-13 9:00:00
GB72EMDL51225801873811,1772,2022-11-10 12:00:00
GB47MDTH59664521976609,1908,2022-11-10 13:00:00
GB97YPPX20844626892925,1564,2022-11-11 10:00:00
GB96JVQV30117609796005,1752,2022-11-13 17:00:00
GB71YHLP37096667269807,1963,2022-11-9 13:00:00
GB83TRNI95257849564291,1997,2022-11-13 21:00:00
GB16PNNX37362460762878,1060,2022-11-13 15:00:00
GB43QMXN78384403422626,1598,2022-11-9 8:00:00
GB38EYXB65331349793342,1960,2022-11-11 8:00:00
GB38CFKN89027569043691,1869,2022-11-13 11:00:00
GB16EWOS00686541410387,1781,2022-11-9 15:00:00
GB08CAUF86403979376281,1745,2022-11-13 21:00:00
GB33YSDP53144223916757,1158,2022-11-10 12:00:00
GB45HREP67490530128816,1285,2022-11-7 8:00:00
GB80AETV10180209439626,1953,2022-11-7 20:00:00
GB45GKTY87381928227832,1875,2022-11-8 14:00:00
GB75ZYOX14443150074716,1344,2022-11-13 13:00:00
GB32ZFAR36508429362113,1042,2022-11-9 4:00:00
GB38WLPL94692365936135,1567,2022-11-10 7:00:00
GB53FBWO96297868192580,1899,2022-11-13 20:00:00
GB50SVYR29295736644162,1400,2022-11-11 11:00:00
GB71RZHP94845222929626,1148,2022-11-7 19:00:00
GB63XOOH26126542044109,1360,2022-11-9 15:00:00
GB40XTCK37628066353692,1462,2022-11-12 16:00:00
GB70APWQ94737487962714,1649,2022-11-9 15:00:00
GB32DNGT68427484715084,1057,2022-11-12 16:00:00
GB45GSCD33521929352815,1449,2022-11-8 15:00:00
GB13VHMY82356035345763,1857,2022-11-8 10:00:00
GB58ZLYM15803104743803,1230,2022-11-7 5:00:00
GB55KKPN98772297471168,1775,2022-11-12 19:00:00
GB11UVZK06933319428940,1209,2022-11-13 14:00:00
GB23DJCF17576804327427,1382,2022-11-11 11:00:00
GB79ZNYY65577911091335,1356,2022-11-12 10:00:00
GB04JTWC69464217488208,1484,2022-11-9 16:00:00
GB30ERYO51813370082971,1718,2022-11-13 19:00:00
GB39UGVK41445883305570,1415,2022-11-10 9:00:00
GB72OZHZ34054944509987,1385,2022-11-8 11:00:00
GB65WVDK03857331284059,1325,2022-11-11 20:00:00
GB55DVSS12393832459119,1096,2022-11-9 15:00:00
GB51KYNU32000892751241,1247,2022-11-10 8:00:00
GB64ANBK59609208913071,1094,2022-11-11 16:00:00
GB47MBIS99303540805063,1758,2022-11-8 7:00:00
GB68GXGL82874646821616,1749,2022-11-10 5:00:00
GB11ZRYC93178876456553,1907,2022-11-10 21:00:00
GB73VWMZ25306576922513,1638,2022-11-13 11:00:00
GB60WMVR04445172642766,1174,2022-11-12 17:00:00
GB58TWOR17553081795803,1928,2022-11-9 8:00:00
GB35KBSK33540901374982,1982,2022-11-10 18:00:00
GB24EOVG71633345910371,1678,2022-11-8 17:00:00
GB25XFES78987339388711,1358,2022-11-11 16:00:00
GB17ACME27004265451424,1228,2022-11-7 21:00:00
GB87QDLQ95721826978872,1091,2022-11-13 17:00:00
GB13JNMH82720020818095,1032,2022-11-8 10:00:00
GB48VEEL24629397989156,1042,2022-11-12 10:00:00
GB03EHYH62110328941270,1512,2022-11-12 5:00:00
GB22DEBI61684942030202,1819,2022-11-7 18:00:00
GB07PIHC54809956726897,1202,2022-11-7 4:00:00
GB05GYTF95972905059933,1469,2022-11-11 19:00:00
GB70YHEW63491983474673,1420,2022-11-13 11:00:00
GB86ZWSJ04666220825825,1578,2022-11-12 17:00:00
GB68YFEE55913637354447,1697,2022-11-7 9:00:00
GB49IVOY67638163680630,1077,2022-11-12 12:00:00
GB19RIFF98827777969469,1910,2022-11-7 13:00:00
GB22EVCZ71657344207953,1720,2022-11-8 17:00:00
GB05FALG20399864824512,1769,2022-11-11 4:00:00
GB96JBOP88857796296414,1778,2022-11-11 5:00:00
GB81VSCT42783301239094,1524,2022-11-12 15:00:00
GB62HHKO02026394964736,1655,2022-11-7 18:00:00
GB64PJFB54562040969094,1144,2022-11-11 16:00:00
GB31PLWY18294168328188,1986,2022-11-7 6:00:00
GB09FJSC46209677898422,1827,2022-11-9 10:00:00
GB21HOQE21784901539702,1056,2022-11-7 16:00:00
GB94BBFW63830693772717,1025,2022-11-9 11:00:00
GB74FQJW62661281801702,1863,2022-11-13 12:00:00
GB12JZTM78419695706899,1472,2022-11-9 4:00:00
GB89QUXS53433703112187,1587,2022-11-13 14:00:00
GB08YYPL37713931496978,1536,2022-11-13 5:00:00
GB49DNQH63799903487092,1983,2022-11-9 9:00:00
GB88IKZD71283056411790,1837,2022-11-10 17:00:00
GB76XVLU71567794070499,1435,2022-11-12 20:00:00
GB86YEPR23468841996697,1060,2022-11-12 4:00:00
GB30ZVCU82395598866186,1398,2022-11-8 13:00:00
GB72NYVF83437961468608,1735,2022-11-11 7:00:00
GB57IWFU01038792751613,1205,2022-11-9 10:00:00
GB69TRIX11070998315386,1591,2022-11-9 18:00:00
GB29TMDB16812774455834,1953,2022-11-13 10:00:00
GB92OUJK84503093645061,1667,2022-11-10 12:00:00
GB83AVDV82719322510686,1456,2022-11-11 20:00:00
GB27MKVH96822784305209,1895,2022-11-11 6:00:00
GB33HGZM11801631113808,1881,2022-11-12 16:00:00
GB04BAVZ12415271478610,1283,2022-11-12 17:00:00
GB17NYCX10452890998291,1419,2022-11-10 7:00:00
GB10ZCVI37746011841074,1607,2022-11-7 15:00:00
GB89RLHX91661940241927,1179,2022-11-13 15:00:00
GB17VQQM79786635864598,1526,2022-11-8 10:00:00
GB50TOXM77043331317501,1557,2022-11-12 19:00:00
GB60JNYZ42428163374411,1778,2022-11-7 15:00:00
GB28EDCK80172878326712,1566,2022-11-13 13:00:00
GB68OSXZ57051221251810,1869,2022-11-13 6:00:00
GB65INKR85513249571054,1927,2022-11-11 12:00:00
GB16JNSU16960677063874,1763,2022-11-9 18:00:00
GB70FAUP63937452656237,1417,2022-11-8 13:00:00
GB02WWCN11127054405952,1482,2022-11-11 19:00:00
GB28RHEY69284385237400,1677,2022-11-8 8:00:00
GB58WILL68516278423287,1223,2022-11-12 19:00:00
GB66LKXT79900154160627,1915,2022-11-11 16:00:00
GB27ARFF90190008426706,1304,2022-11-9 17:00:00
GB72EOWT04587749133746,1337,2022-11-12 18:00:00
GB83JYCL31897165082157,1400,2022-11-11 4:00:00
GB51FPMM32972675121976,1903,2022-11-13 13:00:00
GB09YCFI31439181202188,1417,2022-11-7 4:00:00
GB73REXO61638978986502,1636,2022-11-9 8:00:00
GB73QKAR79800119612989,1140,2022-11-10 20:00:00
GB92MTGT11272765660869,1096,2022-11-7 18:00:00
GB96OVUY37500911127202,1747,2022-11-8 10:00:00
GB50FLSP51949146471457,1488,2022-11-12 10:00:00
GB14UHHD20156882462021,1700,2022-11-11 8:00:00
GB44ALEU99498233687400,1994,2022-11-8 5:00:00
GB73VJJO01853742862207,1782,2022-11-8 10:00:00
GB39YWZB49570887652987,1816,2022-11-11 14:00:00
GB79DIMQ18773743601019,1491,2022-11-7 13:00:00
GB61GLUQ82549695130094,1464,2022-11-12 17:00:00
GB96LASI18458191284485,1300,2022-11-8 13:00:00
GB15ATOI65788847791110,1750,2022-11-8 19:00:00
GB17POYP52087213214212,1001,2022-11-7 11:00:00
GB27PKKX73997008315835,1355,2022-11-11 19:00:00
GB90WUMJ57199741551561,1312,2022-11-13 11:00:00
GB78KACG41271602037203,1856,2022-11-10 12:00:00
GB17VKFO34947417037371,1103,2022-11-11 4:00:00
GB50IQZU68565522920191,1058,2022-11-9 9:00:00
GB90JNHY97872027058940,1037,2022-11-9 4:00:00
GB18GGXA34880509506055,1250,2022-11-11 15:00:00
GB83DFRG87189303133468,1237,2022-11-8 14:00:00
GB14JJBK31843821285089,1446,2022-11-8 21:00:00
GB48GSCB93471880508187,1768,2022-11-10 17:00:00
GB96KJDP44698213198990,1070,2022-11-7 17:00:00
GB11NNVG09578083520404,1908,2022-11-10 6:00:00
GB85WGPZ71893960998021,1643,2022-11-12 15:00:00
GB07AESX67537145537828,1939,2022-11-7 9:00:00
GB82FRJV21026686570466,1107,2022-11-11 20:00:00
GB59ODSH91738839376757,1272,2022-11-8 8:00:00
GB87CUMA18025699750829,1661,2022-11-11 19:00:00
GB48XDCY80032718821310,1105,2022-11-9 18:00:00
GB05JHUJ63466593086629,1947,2022-11-7 8:00:00
GB47PCTH26151499209592,1580,2022-11-9 5:00:00
GB64INXR02783049234725,1269,2022-11-12 19:00:00
GB04QDMF96863273900633,1656,2022-11-8 10:00:00
GB22FTKL30074941446275,1306,2022-11-7 18:00:00
GB21ZJWP75905701151180,1126,2022-11-12 6:00:00
GB26DLMA01205880247119,1116,2022-11-7 4:00:00
GB45LZKS14183464755579,1079,2022-11-11 6:00:00
GB50YGTK82561034661730,1082,2022-11-7 6:00:00
GB42EVTX78721807626081,1722,2022-11-8 9:00:00
GB68JBDQ77042093789630,1821,2022-11-11 9:00:00
GB62URAU11728770973252,1615,2022-11-9 18:00:00
GB26ZGCD97523071825047,1676,2022-11-13 4:00:00
GB77CWCP26166004415900,1342,2022-11-9 17:00:00
GB12WGJY00123690963254,1202,2022-11-10 12:00:00
GB15JYOT72500920198115,1705,2022-11-12 20:00:00
GB62TGIU02715542651347,1131,2022-11-8 20:00:00
GB90ADXB67972987160740,1974,2022-11-10 16:00:00
GB48GORH36119105664094,1244,2022-11-13 10:00:00
GB63QQVJ71574911135670,1605,2022-11-8 12:00:00
GB92NJHF98778171990239,1192,2022-11-7 6:00:00
GB91UONS15360981985508,1418,2022-11-7 8:00:00
GB88DNRX28354944279802,1332,2022-11-13 4:00:00
GB07AJJG76445364423572,1857,2022-11-12 6:00:00
GB09NHAD97409813806226,1857,2022-11-13 20:00:00
GB77ITRF82466900964114,1636,2022-11-7 6:00:00
GB67FBFI18220450913784,1720,2022-11-10 11:00:00
GB66LZAQ79686197816310,1427,2022-11-13 17:00:00
GB69VVWT88148455358471,1439,2022-11-8 7:00:00
GB47PQTF50373412219610,1842,2022-11-10 8:00:00
GB36FQAX77067162773364,1553,2022-11-12 15:00:00
GB50ENRT09903009742405,1594,2022-11-12 14:00:00
GB02MOVA54645561806171,1780,2022-11-7 13:00:00
GB21AWOH92199602867295,1143,2022-11-10 21:00:00
GB81AKWB18210740722854,1796,2022-11-10 17:00:00
GB23VQPW09092802947428,1521,2022-11-13 12:00:00
GB93KHJJ32969893526341,1815,2022-11-8 16:00:00
GB67CXYG79573890203974,1098,2022-11-9 9:00:00
GB51BTZA15004785561583,1263,2022-11-11 11:00:00
GB93NUBG04307488048109,1456,2022-11-7 7:00:00
GB40BUCU59385109616663,1402,2022-11-13 16:00:00
GB34DIOQ71775127027993,1477,2022-11-11 12:00:00
GB05OZIR66371376034169,1412,2022-11-10 15:00:00
GB73AWNO47195864122804,1043,2022-11-9 13:00:00
GB37ICQM82040350328691,1779,2022-11-11 12:00:00
GB64DQMH74224760171037,1304,2022-11-11 10:00:00
GB85HPKX12372959854619,1817,2022-11-11 6:00:00
GB83CUVE16962334236244,1541,2022-11-13 17:00:00
GB15UDKH21986441599246,1467,2022-11-13 17:00:00
GB32KGWF52998586826759,1817,2022-11-11 11:00:00
GB66MMJJ74139739937918,1689,2022-11-13 19:00:00
GB58HWKW38944256880801,1513,2022-11-9 12:00:00
GB73WEAE69171859202460,1607,2022-11-13 15:00:00
GB40LIQG41819615597796,1602,2022-11-11 19:00:00
GB89ESZU46627504516725,1057,2022-11-8 10:00:00
GB88YUYQ34900679797143,1465,2022-11-10 7:00:00
GB85CVDW64749061350247,1126,2022-11-13 11:00:00
GB49XHPF51078245657448,1849,2022-11-8 20:00:00
GB57PCOE10481739129543,1220,2022-11-9 15:00:00
GB47JFYZ64100016705016,1436,2022-11-9 7:00:00
GB39DVNQ20827449957080,1942,2022-11-10 6:00:00
GB11MOCD40997403949600,1436,2022-11-9 15:00:00
GB41WPOV52999843403308,1144,2022-11-10 18:00:00
GB83UJNE08350728767380,1765,2022-11-10 15:00:00
GB30HCWM71150002107453,1603,2022-11-9 9:00:00
GB11OXPU65239812774670,1957,2022-11-12 20:00:00
GB66FDAP37169244140708,1164,2022-11-9 11:00:00
GB58VZND63971257099422,1426,2022-11-11 8:00:00
GB48IDQO95162053955229,1626,2022-11-12 13:00:00
GB03UJGN77345985540405,1585,2022-11-11 8:00:00
GB38CXMA60797619707699,1712,2022-11-9 20:00:00
GB70XIQQ05012352842776,1824,2022-11-10 9:00:00
GB33QTFF65834827108371,1164,2022-11-8 15:00:00
GB65DZEK94982662067665,1333,2022-11-8 11:00:00
GB31CKFT67901717976581,1832,2022-11-12 10:00:00
GB43TBXG00222876642427,1296,2022-11-7 15:00:00
GB66ARFC67070735723328,1908,2022-11-12 18:00:00
GB15CXDC68377472801977,1621,2022-11-12 8:00:00
GB26ZBVX61835723273721,1113,2022-11-11 18:00:00
GB83WQMT81278954969355,1245,2022-11-9 9:00:00
GB17PVQN30765823625558,1120,2022-11-9 8:00:00
GB68KSZK69822641160299,1185,2022-11-9 17:00:00
GB71XEQQ85706238867387,1510,2022-11-7 14:00:00
GB42PRQA19463542543969,1317,2022-11-12 15:00:00
GB42IGLD82283528821722,1416,2022-11-9 20:00:00
GB76TKYD06116792059657,1609,2022-11-11 12:00:00
GB96TABV78973413582033,1257,2022-11-9 19:00:00
GB91RFPJ77031740587769,1359,2022-11-7 5:00:00
GB36WKMS62622771978951,1900,2022-11-9 12:00:00
GB07DTWW94792301095726,1364,2022-11-13 9:00:00
GB47ZXMC73688000225292,1056,2022-11-10 8:00:00
GB47IXAK81274176742117,1790,2022-11-12 6:00:00
GB81DWQX58846726483157,1028,2022-11-12 21:00:00
GB17XXXF51115730187791,1177,2022-11-9 18:00:00
GB38ZBRB04520226177738,1373,2022-11-13 9:00:00
GB14PYVC79603717759093,1605,2022-11-13 8:00:00
GB79RCNK20767901624755,1614,2022-11-9 8:00:00
GB53JGOX06901469552871,1774,2022-11-13 16:00:00
GB74EXGE65266892844083,1665,2022-11-12 13:00:00
GB37ENUT50728777741040,1968,2022-11-8 11:00:00
GB94DAUQ72560187496068,1995,2022-11-10 20:00:00
GB93GTQL58824716780784,1129,2022-11-12 9:00:00
GB70SHAW62247257112688,1736,2022-11-11 5:00:00
GB08NONE04748718139784,1206,2022-11-10 15:00:00
GB51YMIE52297363406721,1118,2022-11-8 4:00:00
GB54PVVB39536304644336,1980,2022-11-8 7:00:00
GB53CHJO03437071546414,1165,2022-11-8 11:00:00
GB83NTEO90569332804296,1901,2022-11-8 15:00:00
GB08HNOG79719085004702,1570,2022-11-8 14:00:00
GB23XDXF43084043065615,1514,2022-11-13 16:00:00
GB32UNAD66475585931091,1091,2022-11-13 10:00:00
GB21IRWY66723615708436,1666,2022-11-10 8:00:00
GB25ECCQ93975496963843,1341,2022-11-12 14:00:00
GB91ISKH98120267920263,1176,2022-11-8 15:00:00
GB19YXXO64478620473033,1246,2022-11-8 20:00:00
GB54RCEH35451871606074,1750,2022-11-8 17:00:00
GB66RYYU11223625590114,1754,2022-11-8 20:00:00
GB77EUKM80319938761648,1970,2022-11-13 17:00:00
GB90VNOI14736468986642,1874,2022-11-7 16:00:00
GB10SNYD67862403829119,1294,2022-11-8 5:00:00
GB39VRJZ52506055549821,1396,2022-11-9 11:00:00
GB69WFRJ93190094228663,1321,2022-11-13 17:00:00
GB24KXCC35161604671020,1295,2022-11-10 17:00:00
GB61RHTN96785247440439,1468,2022-11-10 4:00:00
GB92JIPA56435149957118,1913,2022-11-7 11:00:00
GB61ICSL85827470976943,1662,2022-11-11 21:00:00
GB75HLEK33785392940823,1659,2022-11-9 5:00:00
GB15QVBR98118497552371,1862,2022-11-10 12:00:00
GB59UCUS44560693876149,1657,2022-11-9 11:00:00
GB63OROM33759035958618,1801,2022-11-9 9:00:00
GB68NVAX81523580200890,1376,2022-11-13 11:00:00
GB14LRST66169961616015,1875,2022-11-12 11:00:00
GB98DJSD37504864922442,1266,2022-11-9 10:00:00
GB63JTMN50560730452006,1196,2022-11-13 16:00:00
GB28NMIW93030081063502,1671,2022-11-13 15:00:00
GB31EZXH32739479814383,1089,2022-11-10 20:00:00
GB87OPDX65035736897465,1977,2022-11-12 19:00:00
GB26SOKR83320403952323,1784,2022-11-7 12:00:00
GB58AHFT91751518576829,1366,2022-11-9 5:00:00
GB08NTUT82433634729479,1762,2022-11-11 11:00:00
GB91UEHJ02391294180989,1662,2022-11-11 4:00:00
GB24KGEP52674217362498,1901,2022-11-9 12:00:00
GB18FOVI02856428758330,1945,2022-11-8 5:00:00
GB42AVAR99541504564005,1820,2022-11-10 15:00:00
GB69KLAX35825436331955,1495,2022-11-12 6:00:00
GB21GNSP76826225596299,1896,2022-11-7 18:00:00
GB61FWGD83584837600292,1754,2022-11-7 7:00:00
GB65XGFM09712103606665,1915,2022-11-12 19:00:00
GB17DZEJ86355564926758,1014,2022-11-8 13:00:00
GB29IPZN51706825591326,1912,2022-11-9 16:00:00
GB54YHRT45191840375494,1036,2022-11-8 5:00:00
GB71HTKD89724910405841,1676,2022-11-8 12:00:00
GB85KKGZ85049636905475,1062,2022-11-10 15:00:00
GB27RHLD89944544563832,1646,2022-11-7 17:00:00
GB21GGTK78853342226773,1813,2022-11-7 21:00:00
GB72TINL02510910359130,1895,2022-11-13 13:00:00
GB41NUJE18659134178823,1308,2022-11-9 13:00:00
GB15SERQ51593223419327,1866,2022-11-9 13:00:00
GB96HJSS44950457281322,1286,2022-11-9 9:00:00
GB37PILI46044187878015,1468,2022-11-11 7:00:00
GB15YXRO69078602291858,1604,2022-11-9 14:00:00
GB27OUKM31938742979083,1710,2022-11-8 9:00:00
GB32FEXH15665628129714,1951,2022-11-8 21:00:00
GB08AMWR03828660456623,1425,2022-11-9 5:00:00
GB48GYKE96912933877841,1839,2022-11-11 9:00:00
GB43LJJM90755083549197,1391,2022-11-8 11:00:00
GB94TEGK74165125217115,1697,2022-11-10 7:00:00
GB34MKYQ37771639996190,1769,2022-11-7 5:00:00
GB57IMDC09769487637040,1793,2022-11-8 20:00:00
GB53GEOG27311064557342,1265,2022-11-7 19:00:00
GB67HKHZ17495164891901,1292,2022-11-7 17:00:00
GB97CKGX31194485704387,1790,2022-11-12 10:00:00
GB53PPRU87098913758033,1835,2022-11-8 4:00:00
GB61XZKI99047447147103,1922,2022-11-8 5:00:00
GB42XFUY88427075772730,1956,2022-11-10 19:00:00
GB12HSXR97178390375956,1031,2022-11-11 8:00:00
GB80PRVE56486282465962,1552,2022-11-11 13:00:00
GB29IVYZ76685192155820,1929,2022-11-10 9:00:00
GB14EJQZ00268091230255,1352,2022-11-11 18:00:00
GB26MWPI80868238444362,1796,2022-11-11 9:00:00
GB72CEZQ68063604224484,1526,2022-11-12 6:00:00
GB68RURU41053891476804,1528,2022-11-7 16:00:00
GB91QAYW80432751093488,1221,2022-11-11 16:00:00
GB12MDOD58407885498414,1692,2022-11-10 21:00:00
GB89MMHC10401843214011,1576,2022-11-8 6:00:00
GB39FPBM08379420495568,1143,2022-11-12 12:00:00
GB76EEJV78801134036909,1604,2022-11-7 12:00:00
GB37SRQS00779349748211,1595,2022-11-8 17:00:00
GB16ZMKC61260702249826,1474,2022-11-9 19:00:00
GB56VFHP88714673524612,1620,2022-11-9 12:00:00
GB82VMJZ84866387121228,1339,2022-11-7 7:00:00
GB96DDJE77306452950819,1402,2022-11-7 14:00:00
GB47VIHK93099018369505,1761,2022-11-8 18:00:00
GB37MYKY03442237220667,1605,2022-11-12 10:00:00
GB78BFRW16559565025572,1868,2022-11-13 11:00:00
GB17LVPX12339367151782,1680,2022-11-7 20:00:00
GB78VQHK40157477110528,1637,2022-11-9 16:00:00
GB46KKAN22327319859196,1787,2022-11-8 9:00:00
GB65FZMM70305849790015,1534,2022-11-7 12:00:00
GB34GPFD31552868413442,1866,2022-11-11 13:00:00
GB87ACST28246752363744,1547,2022-11-11 13:00:00
GB59BREG29604723246743,1642,2022-11-10 18:00:00
GB30FJNF30364256517480,1107,2022-11-8 6:00:00
GB20YQJC83254444491119,1320,2022-11-10 14:00:00
GB12SVYL96701608277998,1539,2022-11-13 13:00:00
GB13UFJT05899512334882,1031,2022-11-9 13:00:00
GB22WNQU25582001300011,1121,2022-11-13 13:00:00
GB27ZSQM52339098726700,1554,2022-11-10 4:00:00
GB75LVED78997539512686,1897,2022-11-11 12:00:00
GB79NEFT74475618079582,1133,2022-11-7 9:00:00
GB04IVEX31017978565652,1462,2022-11-10 9:00:00
GB66ALYA31692107662780,1838,2022-11-10 13:00:00
GB15TPPC15678719409412,1694,2022-11-7 17:00:00
GB25HIBC61290855062344,1298,2022-11-9 10:00:00
GB54QRYW55962332026656,1212,2022-11-9 11:00:00
GB81YBGP03768575951856,1586,2022-11-9 19:00:00
GB19QMYN16088625411445,1514,2022-11-8 7:00:00
GB22ETYU85113316436850,1280,2022-11-10 21:00:00
GB17XAND52433251903936,1202,2022-11-11 18:00:00
GB91QFNC58887847831319,1654,2022-11-13 11:00:00
GB20NATR88057676163673,1444,2022-11-11 15:00:00
GB77MOFI04429123862755,1125,2022-11-9 6:00:00
GB45KDBT41007281442158,1973,2022-11-12 10:00:00
GB94KCMA74980561975869,1520,2022-11-13 16:00:00
GB91YEVD21121219150147,1251,2022-11-13 20:00:00
GB73QKSO99853574857196,1554,2022-11-13 21:00:00
GB04XHRR55865065623275,1135,2022-11-12 7:00:00
GB11MONX70502616207918,1211,2022-11-7 4:00:00
GB76SAWD83664897525665,1015,2022-11-11 17:00:00
GB87LGYT62528324453370,1416,2022-11-7 17:00:00
GB77HUQN34259843156809,1535,2022-11-9 19:00:00
GB59FYKR88233692130923,1003,2022-11-11 20:00:00
GB88EJYJ41153990890712,1458,2022-11-10 8:00:00
GB82SVLQ00325770089117,1292,2022-11-9 16:00:00
GB42DLSF33455714330204,1576,2022-11-9 13:00:00
GB68VEIQ81557018678693,1117,2022-11-10 16:00:00
GB91ITUP35089353597323,1074,2022-11-13 14:00:00
GB35OVYF13457983600809,1624,2022-11-11 14:00:00
GB60CICM07514321545028,1003,2022-11-10 14:00:00
GB83JPNC19243274484147,1348,2022-11-9 4:00:00
GB23RMBI11840140373705,1175,2022-11-8 11:00:00
GB14ZYNL69028033674971,1719,2022-11-12 5:00:00
GB40XWMN19007511137120,1762,2022-11-11 9:00:00
GB25XIOC01156416423644,1768,2022-11-11 14:00:00
GB76WATJ60799238903926,1844,2022-11-10 6:00:00
GB35UGOR76578894498083,1111,2022-11-7 10:00:00
GB74JAVC94726959051303,1080,2022-11-12 4:00:00
GB48RCDM43925143093661,1255,2022-11-12 4:00:00
GB46AZUQ81852991367392,1696,2022-11-10 6:00:00
GB17KANB26956955629717,1096,2022-11-10 15:00:00
GB49UIFG20178236999724,1685,2022-11-8 19:00:00
GB85MRQH25981675834947,1244,2022-11-11 14:00:00
GB53PGQH57957634624855,1990,2022-11-7 11:00:00
GB96PVYD00761697380403,1737,2022-11-10 17:00:00
GB37ZGRX21929612420918,1996,2022-11-9 5:00:00
GB50LJND33201513589349,1609,2022-11-7 6:00:00
GB39MQRF89780720818442,1586,2022-11-12 8:00:00
GB19KLWK27915268888411,1511,2022-11-11 20:00:00
GB97LJDU07812622311471,1286,2022-11-9 8:00:00
GB38XUKJ80130870218812,1340,2022-11-10 7:00:00
GB75AWJB64899301186579,1073,2022-11-13 7:00:00
GB04YVDY56260924277176,1609,2022-11-7 20:00:00
GB76MAYP42258031924934,1245,2022-11-7 7:00:00
GB95FKBQ04848605596951,1802,2022-11-11 13:00:00
GB82GJKP14505438028621,1281,2022-11-11 15:00:00
GB34HXDK84364348987748,1779,2022-11-13 10:00:00
GB56IVVC44555367084120,1516,2022-11-11 11:00:00
GB50GCYB01473487727054,1538,2022-11-9 5:00:00
GB65ILLL38676764491632,1703,2022-11-13 6:00:00
GB41EPKL43003314819396,1738,2022-11-11 7:00:00
GB59CZFC30606399245814,1459,2022-11-8 15:00:00
GB12OUST20445592356738,1225,2022-11-11 7:00:00
GB38GCOZ07736400713420,1956,2022-11-13 5:00:00
GB45ODRK19976950201031,1727,2022-11-7 10:00:00
GB42GZHO93572868325471,1246,2022-11-13 10:00:00
GB68KCFI88487309177332,1051,2022-11-12 10:00:00
GB87NEKL07867467040380,1520,2022-11-11 11:00:00
GB56IXIN09887926331716,1541,2022-11-9 17:00:00
GB40MNOX21750825938624,1757,2022-11-12 12:00:00
GB60PEDI64436647250405,1884,2022-11-9 18:00:00
GB36DXNJ93100624695280,1520,2022-11-12 17:00:00
GB46YUIN60672447997230,1923,2022-11-13 6:00:00
GB20JPYD90215350286575,1603,2022-11-10 17:00:00
GB46PUSC00277290947224,1899,2022-11-7 13:00:00
GB63UHVD60179741507274,1002,2022-11-10 6:00:00
GB80ZBZR83364572693487,1122,2022-11-13 15:00:00
GB43JCYC17873353779079,1273,2022-11-8 5:00:00
GB61BGWB60669082151839,1549,2022-11-13 14:00:00
GB18LQLL63832907574325,1610,2022-11-12 13:00:00
GB82AHTL63056725757578,1022,2022-11-7 7:00:00
GB04BBWT06453971014043,1679,2022-11-11 7:00:00
GB29RDQY83838988006401,1156,2022-11-8 12:00:00
GB41OOXE24307594109279,1956,2022-11-12 11:00:00
GB32NMZY53331297370535,1895,2022-11-9 12:00:00
GB42IWRS44806887271405,1024,2022-11-12 11:00:00
GB50PXAC83973048079329,1133,2022-11-13 8:00:00
GB43NBPT19332493058078,1243,2022-11-12 9:00:00
GB69ELIP66890377162538,1305,2022-11-13 19:00:00
GB08NZZW35298607270933,1919,2022-11-10 12:00:00
GB06HNFS18546671322041,1144,2022-11-11 4:00:00
GB87UUVE77491063385895,1890,2022-11-13 15:00:00
GB38WAFX43669872800059,1828,2022-11-13 17:00:00
GB71VKQK28263186210640,1535,2022-11-11 21:00:00
GB92ELTH34226177017424,1767,2022-11-12 18:00:00
GB44AJQZ98425007946724,1501,2022-11-10 18:00:00
GB06MAVI06874576806659,1214,2022-11-12 13:00:00
GB57DGBK78729877509589,1849,2022-11-7 15:00:00
GB94CIQB22422599181558,1169,2022-11-11 14:00:00
GB48XHTI86048370624533,1781,2022-11-9 7:00:00
GB28TIEZ13277849706026,1160,2022-11-12 12:00:00
GB33DATS41917469427995,1696,2022-11-11 20:00:00
GB85YQMQ92919565911804,1460,2022-11-13 4:00:00
GB30WRZM75993985792260,1241,2022-11-9 7:00:00
GB60HWAW07729896028774,1816,2022-11-8 16:00:00
GB94KHMA28091525309455,1035,2022-11-7 7:00:00
GB75LIWN88031622918078,1033,2022-11-8 14:00:00
GB25LHSQ72628937353676,1050,2022-11-12 10:00:00
GB62PJYG81932768654256,1060,2022-11-11 12:00:00
GB41TUAB79916836387562,1378,2022-11-7 7:00:00
GB18CTDH99552070911098,1200,2022-11-9 11:00:00
GB07NOQB63438522876180,1716,2022-11-7 19:00:00
GB43DRRX86084753599571,1891,2022-11-7 9:00:00
GB71YCJQ64793208585819,1582,2022-11-12 10:00:00
GB03FSYD32094551190523,1818,2022-11-7 20:00:00
GB80XTRI14284122708026,1645,2022-11-12 9:00:00
GB03TJMG14011604683513,1564,2022-11-12 20:00:00
GB35BGHN94443843750302,1952,2022-11-7 16:00:00
GB02DXES41135734596249,1006,2022-11-12 8:00:00
GB25TMHW30552361675305,1095,2022-11-9 12:00:00
GB19XVPH59442571378881,1608,2022-11-9 19:00:00
GB41MSQY35307495835544,1858,2022-11-8 17:00:00
GB83ELMO26182751192033,1962,2022-11-12 6:00:00
GB79VNAH13231257034567,1582,2022-11-7 8:00:00
GB63GEQR92825081592112,1881,2022-11-13 21:00:00
GB95VQIQ68895072668913,1668,2022-11-12 12:00:00
GB20LVYN10117646568818,1887,2022-11-12 11:00:00
GB81NHLE84531496650952,1305,2022-11-9 20:00:00
GB53OADX21897348869297,1680,2022-11-9 12:00:00
GB43TNBZ28480442769944,1026,2022-11-13 12:00:00
GB36XKUL25380337261215,1108,2022-11-10 14:00:00
GB07DQFE32941475028384,1665,2022-11-10 12:00:00
GB39PCYZ85822468607920,1821,2022-11-12 16:00:00
GB41ITHR73112203050980,1868,2022-11-9 8:00:00
GB88EUQH21920593118794,1689,2022-11-13 15:00:00
GB75RZHT88944245977453,1286,2022-11-8 8:00:00
GB57DCOK80241531255807,1822,2022-11-7 19:00:00
GB16RPKT95026135311450,1808,2022-11-9 19:00:00
GB46IGAT82529934002975,1951,2022-11-9 13:00:00
GB15TIJN88659680486831,1008,2022-11-13 15:00:00
GB98DKSN15450974110384,1167,2022-11-11 19:00:00
GB92ZSHU21903832159764,1063,2022-11-7 21:00:00
GB44WCGU28663592981723,1988,2022-11-12 13:00:00
GB04QBQA78349434594369,1889,2022-11-13 21:00:00
GB80ONDC88205354340636,1399,2022-11-13 5:00:00
GB88WZBG50880322566401,1968,2022-11-7 6:00:00
GB29DFKF31698557522127,1843,2022-11-7 7:00:00
GB81MSRW68797549163939,1791,2022-11-7 10:00:00
GB12WHPW09010217830361,1220,2022-11-7 9:00:00
GB14LVDB35562159690338,1517,2022-11-10 11:00:00
GB68JLVJ99058296407711,1487,2022-11-7 4:00:00
GB90AZBA01725844838559,1096,2022-11-8 17:00:00
GB80TVKT56071287677929,1361,2022-11-7 21:00:00
GB79DKZB65916945543447,1126,2022-11-12 9:00:00
GB73FWIV47829295333368,1177,2022-11-8 14:00:00
GB26WBUO60206442003578,1882,2022-11-7 9:00:00
GB23DTXF77692816896863,1629,2022-11-9 21:00:00
GB98TUZC44547069858475,1720,2022-11-8 5:00:00
GB85GXNA21167913359636,1427,2022-11-13 18:00:00
GB15RCTE12193355828903,1638,2022-11-13 5:00:00
GB45DQXY26114632607841,1391,2022-11-13 17:00:00
GB79KKYY12620123010498,1446,2022-11-12 21:00:00
GB63RYOR90679846387919,1624,2022-11-10 12:00:00
GB54QPVZ25542368725325,1390,2022-11-9 10:00:00
GB88FDKH57320783007491,1612,2022-11-8 6:00:00
GB21SGLY49327384187688,1120,2022-11-12 18:00:00
GB64WZLP56153515734226,1155,2022-11-11 17:00:00
GB39JZHP43170431953941,1550,2022-11-10 4:00:00
GB63FGQX62599036563385,1658,2022-11-7 12:00:00
GB61VOVR88223758405420,1564,2022-11-9 6:00:00
GB02OBYT72921382109510,1833,2022-11-10 17:00:00
GB95GHFG36801478018078,1518,2022-11-10 21:00:00
GB36RSUE82078320529828,1716,2022-11-9 18:00:00
GB68SJIC81132880922100,1989,2022-11-9 7:00:00
GB89ZYYK07316412113546,1221,2022-11-10 21:00:00
GB91RRTD65479627769966,1569,2022-11-9 21:00:00
GB02YWXA62048710070427,1220,2022-11-12 9:00:00
GB79CFGD14279622371065,1174,2022-11-12 16:00:00
GB87WIVB23220554761411,1789,2022-11-7 17:00:00
GB20ETUM07962185161407,1100,2022-11-12 13:00:00
GB29ZFEL17762651227307,1039,2022-11-10 11:00:00
GB05ZFYA35256591967365,1486,2022-11-12 6:00:00
GB74MPOA23021464083899,1351,2022-11-10 7:00:00
GB70BWIV20692937901478,1759,2022-11-8 5:00:00
GB14BLRN04327541239018,1244,2022-11-11 15:00:00
GB84GKTK80677535147871,1023,2022-11-7 5:00:00
GB03SZGP61149843718808,1048,2022-11-12 4:00:00
GB72MNPJ93924811115857,1727,2022-11-13 6:00:00
GB96ISMA14062191558977,1608,2022-11-11 14:00:00
GB25MNDO64038740810661,1088,2022-11-12 4:00:00
GB23AMNQ03110321153648,1000,2022-11-8 4:00:00
GB59QPUD49179927321320,1153,2022-11-12 6:00:00
GB17YPSL82877994648245,1137,2022-11-10 18:00:00
GB89VNUI27212838975713,1214,2022-11-7 17:00:00
GB86FXIK54603078320243,1182,2022-11-8 9:00:00
GB33DFFJ63796142250327,1049,2022-11-11 17:00:00
GB39OGOQ75685281135590,1868,2022-11-10 7:00:00
GB08GGJR91203742223065,1913,2022-11-7 18:00:00
GB93GMEH00572262589391,1555,2022-11-13 15:00:00
GB14GNUT78130723122274,1560,2022-11-9 11:00:00
GB94TOXV35410419900804,1756,2022-11-9 4:00:00
GB96DTMM59767597646759,1143,2022-11-11 21:00:00
GB67JLZQ75369898642509,1327,2022-11-13 21:00:00
GB46TBWD83612634905064,1862,2022-11-11 6:00:00
GB80UTCS66877895256448,1328,2022-11-7 17:00:00
GB84OYPE02841107075686,1729,2022-11-13 4:00:00
GB85NFIA86804861811475,1607,2022-11-11 18:00:00
GB66KOAR50448020386497,1744,2022-11-12 7:00:00
GB48QUED25379390822269,1527,2022-11-13 5:00:00
GB96CFEQ42340345177968,1915,2022-11-12 16:00:00
GB79YYQZ07073340180160,1373,2022-11-12 19:00:00
GB24UILI38752690849264,1872,2022-11-10 5:00:00
GB23KNDT19610841854091,1962,2022-11-7 6:00:00
GB22FXYB91498769362240,1665,2022-11-13 18:00:00
GB93DKIH06717255804107,1249,2022-11-8 5:00:00
GB12JSMA88003693693869,1106,2022-11-11 4:00:00
GB40DGXU52963197663265,1934,2022-11-11 14:00:00
GB70KBVJ00387982787642,1508,2022-11-11 18:00:00
GB50ZBSL60155278381949,1758,2022-11-8 4:00:00
GB84UYFF55303063107486,1360,2022-11-8 12:00:00
GB49PIQT30583972362594,1791,2022-11-10 19:00:00
GB04YHIW33524685213601,1741,2022-11-13 18:00:00
GB40SBSY68472436032924,1773,2022-11-12 14:00:00
GB22AISH04154758727694,1906,2022-11-12 4:00:00
GB06YPGC72698844013698,1553,2022-11-10 14:00:00
GB94IYAD61005908457619,1931,2022-11-13 14:00:00
GB45YVFW08817261816036,1653,2022-11-7 12:00:00
GB65XNYG02431371039042,1908,2022-11-9 6:00:00
GB91FCCC27108165157744,1877,2022-11-13 8:00:00
GB07LEQC63755490606222,1179,2022-11-12 17:00:00
GB98JGPP77164713730303,1194,2022-11-11 7:00:00
GB22ZZWP84923528970184,1057,2022-11-9 7:00:00
GB08BTYS87448921465183,1601,2022-11-13 13:00:00
GB04LABM81420471829301,1924,2022-11-8 13:00:00
GB19MEXT04888083366665,1318,2022-11-9 8:00:00
GB72TYKG07533594622707,1460,2022-11-10 14:00:00
GB52VOGS02522703029501,1217,2022-11-11 14:00:00
GB33SQCB61532441470929,1255,2022-11-12 12:00:00
GB71IOJF88566633184524,1869,2022-11-8 18:00:00
GB28HBID40854436772734,1797,2022-11-10 13:00:00
GB93VSWN54087738052602,1228,2022-11-13 19:00:00
GB52MUCT67400159248620,1920,2022-11-10 4:00:00
GB02MROH62136001168984,1385,2022-11-12 14:00:00
GB29KSAQ00358023681108,1839,2022-11-13 7:00:00
GB45QCAO49049449126633,1854,2022-11-12 13:00:00
GB56XISE79494679014567,1307,2022-11-9 5:00:00
GB43LBAB69922477159424,1092,2022-11-12 11:00:00
GB02BYWB21644103401270,1355,2022-11-10 14:00:00
GB16JEVM38376432390596,1332,2022-11-13 8:00:00
GB32QMXJ76388917028591,1627,2022-11-7 20:00:00
GB54MEIO18349932244563,1227,2022-11-7 20:00:00
GB68FNYH26131433749855,1327,2022-11-8 20:00:00
GB10WMSH97145807963848,1274,2022-11-11 17:00:00
GB05UDVV87773730450387,1150,2022-11-9 20:00:00
GB49CEQI05435122250154,1940,2022-11-13 11:00:00
GB64JESU40535259012687,1012,2022-11-7 12:00:00
GB51FOXY40804288735677,1499,2022-11-12 12:00:00
GB28IPCW65732179837847,1042,2022-11-7 15:00:00
GB27TBWE30337084421498,1751,2022-11-8 10:00:00
GB63BBNO92786063849138,1042,2022-11-11 12:00:00
GB71GGYH41597242427059,1933,2022-11-11 19:00:00
GB70DXJH69317396329019,1050,2022-11-10 18:00:00
GB22DWCL94403577573527,1317,2022-11-13 13:00:00
GB91MOPJ42093256469190,1763,2022-11-9 16:00:00
GB54JCMI08445266869505,1557,2022-11-11 12:00:00
GB73HJWY52848863363195,1082,2022-11-12 11:00:00
GB31ZBBA93124750044474,1939,2022-11-11 10:00:00
GB95TDHL54449021596216,1636,2022-11-10 5:00:00
GB14WEUD54888758384067,1496,2022-11-7 20:00:00
GB69HVFN00284165771894,1205,2022-11-7 17:00:00
GB27VMCS76062561215319,1439,2022-11-10 11:00:00
GB16RTQB06992020603383,1802,2022-11-11 5:00:00
GB98SWLD60262241310337,1604,2022-11-12 19:00:00
GB48NGOM86574248455272,1981,2022-11-10 16:00:00
GB40PVDD32495328843507,1847,2022-11-11 17:00:00
GB18NMZB72966202231557,1774,2022-11-10 19:00:00
GB54YIDD31002984268227,1566,2022-11-9 11:00:00
GB07VNHX05038255054110,1366,2022-11-9 13:00:00
GB55OHZW90410926848339,1187,2022-11-10 6:00:00
GB02BLGN74216909432014,1527,2022-11-7 12:00:00
GB14NGKE02449896828138,1370,2022-11-9 8:00:00
GB08XJVG12488373098646,1930,2022-11-11 5:00:00
GB63UOYS00835548787136,1725,2022-11-7 18:00:00
GB90NTOE19971661000446,1986,2022-11-8 20:00:00
GB69WUUF97994924730696,1907,2022-11-13 10:00:00
GB88GPRX77801722752848,1026,2022-11-11 9:00:00
GB27ZTCT72057364643930,1164,2022-11-7 5:00:00
GB14DGHQ29184250027565,1192,2022-11-13 12:00:00
GB76CEBS55227030330650,1373,2022-11-10 13:00:00
GB75USCO40345786491309,1578,2022-11-11 21:00:00
GB21JHAX94427477879812,1627,2022-11-7 4:00:00
GB77MJKB01034925508897,1669,2022-11-12 15:00:00
GB16ILPF80173494767076,1319,2022-11-9 17:00:00
GB93IHYC82638870004131,1539,2022-11-10 15:00:00
GB33QHLC27626861572307,1306,2022-11-9 14:00:00
GB66RJVM18842769754470,1800,2022-11-7 20:00:00
GB05ZVQB43952773584229,1041,2022-11-13 9:00:00
GB33FQAE97703013583067,1237,2022-11-13 16:00:00
GB73GPST70655954814495,1699,2022-11-11 10:00:00
GB04YMMO76733895827257,1193,2022-11-11 6:00:00
GB20QNJV30206786009256,1402,2022-11-9 17:00:00
GB18AJAH37243312958871,1352,2022-11-8 4:00:00
GB69AFBG53437211763220,1179,2022-11-10 5:00:00
GB27JYMY62007965899498,1436,2022-11-11 13:00:00
GB94AEJQ23789965713159,1525,2022-11-13 15:00:00
GB35BSOB88953764813778,1413,2022-11-12 20:00:00
GB39CCSG04862324474818,1666,2022-11-8 17:00:00
GB52RBMD57538202604012,1687,2022-11-11 16:00:00
GB33SVYO74613120256123,1545,2022-11-8 16:00:00
GB42IFIQ57063695763352,1732,2022-11-8 20:00:00
GB19GVEA09823654567621,1594,2022-11-12 16:00:00
GB93EKNK67737517296218,1930,2022-11-8 9:00:00
GB82EFHH56447593539714,1321,2022-11-13 19:00:00
GB95SXST14454894931920,1049,2022-11-7 6:00:00
GB25DNIZ74114739585917,1382,2022-11-12 6:00:00
GB19WPID06489037704743,1512,2022-11-11 16:00:00
GB43SUSC45963453875277,1728,2022-11-10 19:00:00
GB84ZYTD21948268167603,1886,2022-11-12 19:00:00
GB86IJYE23938798064821,1180,2022-11-11 10:00:00
GB16RQOB62222264430834,1785,2022-11-12 6:00:00
GB79UIMA09781746911123,1793,2022-11-7 20:00:00
GB19OHAX10120818203780,1099,2022-11-12 20:00:00
GB14CVUP80740210450309,1728,2022-11-11 4:00:00
GB31PYEL08364014806026,1401,2022-11-13 16:00:00
GB54FFJB96076491846162,1027,2022-11-11 17:00:00
GB62SPBG87264857785712,1507,2022-11-11 21:00:00
GB54KJNV75652217745988,1552,2022-11-9 20:00:00
GB42ROWQ85415471880291,1511,2022-11-12 18:00:00
GB26YSVM31129586712377,1751,2022-11-13 17:00:00
GB20BKUW68732438535711,1747,2022-11-9 14:00:00
GB41MTXG62301127203207,1899,2022-11-11 20:00:00
GB16YPZJ86857512816823,1930,2022-11-7 10:00:00
GB18GKHC89286144928870,1240,2022-11-10 21:00:00
GB93PXZJ44259697248879,1797,2022-11-9 21:00:00
GB48TKUL31762102833923,1698,2022-11-11 20:00:00
GB67HXVB83649753562129,1271,2022-11-12 12:00:00
GB91SROI72468383434237,1170,2022-11-11 9:00:00
GB50SIVU53484864649105,1264,2022-11-11 9:00:00
GB26BVDR30470663893756,1535,2022-11-13 19:00:00
GB26WOQA04691984689007,1530,2022-11-13 6:00:00
GB64GPAC40936683540748,1932,2022-11-9 17:00:00
GB77HPIT82942611045245,1438,2022-11-8 11:00:00
GB81MMQV61621517664934,1452,2022-11-12 7:00:00
GB58XUMH70456167801653,1483,2022-11-13 6:00:00
GB53RZDD16098839809516,1579,2022-11-12 8:00:00
GB98RWEQ40631618855977,1229,2022-11-12 6:00:00
GB78HJFN01448796853539,1282,2022-11-11 13:00:00
GB10ZSRO43112260929288,1343,2022-11-8 18:00:00
GB22OKDN51764575082143,1164,2022-11-8 14:00:00
GB48YXGQ78752336531348,1737,2022-11-7 16:00:00
GB77MXBI53538665834913,1780,2022-11-8 9:00:00
GB20FZKG20197283263992,1604,2022-11-13 21:00:00
GB40UITE01879746227210,1182,2022-11-11 6:00:00
GB47YAYN77890854760790,1254,2022-11-8 14:00:00
GB08SGRQ33289777580356,1136,2022-11-12 8:00:00
GB22LZTO14096700205638,1796,2022-11-12 10:00:00
GB25QRJN65160103786417,1965,2022-11-13 13:00:00
GB58IIQM98336647781480,1133,2022-11-12 16:00:00
GB19WLTJ77505339705819,1368,2022-11-8 6:00:00
GB26VDLZ57714650788526,1668,2022-11-13 15:00:00
GB13EPFV14413598742389,1315,2022-11-13 11:00:00
GB50DJAP23252158968218,1789,2022-11-10 14:00:00
GB36ARIE43962823094358,1985,2022-11-10 12:00:00
GB48QFQC50049679514583,1561,2022-11-11 9:00:00
GB95UTPZ07695057553903,1544,2022-11-12 6:00:00
GB77PSWA84420519111031,1461,2022-11-8 12:00:00
GB52FGAV17070048422797,1351,2022-11-9 5:00:00
GB02DWGO64093182498409,1370,2022-11-8 13:00:00
GB32MPZD39191576162286,1856,2022-11-12 18:00:00
GB38SSJU07219186244619,1082,2022-11-8 4:00:00
GB13OZNG48559232047632,1153,2022-11-10 19:00:00
GB94BTEQ13314921256054,1282,2022-11-10 20:00:00
GB65UAXG26379866976149,1244,2022-11-10 12:00:00
GB57DEKF33790520064747,1971,2022-11-12 14:00:00
GB55XVRS62657862615088,1620,2022-11-11 20:00:00
GB54UJKG52190906407613,1483,2022-11-9 8:00:00
GB15KYDO66793779673187,1292,2022-11-12 21:00:00
GB17NLUB78648291780761,1455,2022-11-9 12:00:00
GB44VMEG07917817647720,1616,2022-11-13 6:00:00
GB16TNNI66743242155403,1815,2022-11-8 8:00:00
GB72WVKW06437947123706,1041,2022-11-10 17:00:00
GB28IXYG51972497126926,1901,2022-11-9 10:00:00
GB03ZUUH00586325421231,1522,2022-11-8 7:00:00
GB72UODS10680433443265,1303,2022-11-9 10:00:00
GB64INFT33858222676074,1431,2022-11-8 6:00:00
GB53DEMT05746876127756,1192,2022-11-9 19:00:00
GB75KCRU50510592179003,1674,2022-11-13 20:00:00
GB52PQPE66082747200761,1606,2022-11-9 14:00:00
GB86UWJW64719694084063,1923,2022-11-12 5:00:00
GB90EUWD52049618760482,1376,2022-11-8 20:00:00
GB10EBMI17160740340386,1830,2022-11-8 7:00:00
GB92NOGU51846155233125,1660,2022-11-7 5:00:00
GB64RRCM92592949188335,1736,2022-11-13 11:00:00
GB44OYGH38140221233792,1654,2022-11-10 5:00:00
GB97IQSG75601716532111,1248,2022-11-10 20:00:00
GB48PYRP83411492117148,1619,2022-11-11 13:00:00
GB24CECK52098611885919,1404,2022-11-12 6:00:00
GB80ZQKE70807175894069,1427,2022-11-10 12:00:00
GB92GPXD46715955730792,1507,2022-11-7 11:00:00
GB32WULJ34264891975327,1368,2022-11-7 19:00:00
GB28GBKV96875222267750,1643,2022-11-13 13:00:00
GB87ERSA43663771067159,1095,2022-11-10 13:00:00
GB28VDTI60247902556774,1220,2022-11-13 18:00:00
GB37YAZH49946568258030,1887,2022-11-8 10:00:00
GB65QTTI67082943292452,1793,2022-11-11 8:00:00
GB19FFYL99731313468236,1178,2022-11-8 10:00:00
GB59TEWR50463823086366,1916,2022-11-11 15:00:00
GB84NSVZ07357615374021,1662,2022-11-11 5:00:00
GB74NLRG24856999444119,1945,2022-11-11 17:00:00
GB22PTGF87991370609181,1602,2022-11-9 17:00:00
GB41PQTU67213459008553,1379,2022-11-10 17:00:00
GB87DETC57216895708901,1847,2022-11-12 16:00:00
GB62SFVK87312404931355,1835,2022-11-10 15:00:00
GB79TTIN02895143430547,1921,2022-11-8 7:00:00
GB17EDVS69089073438394,1968,2022-11-7 13:00:00
GB11HYTP80696133282648,1013,2022-11-7 8:00:00
GB88IIUJ47195478325218,1550,2022-11-9 4:00:00
GB44GZCZ03777139172043,1055,2022-11-10 16:00:00
GB97GHCV39520365880093,1100,2022-11-7 15:00:00
GB02JKBJ44388797819202,1905,2022-11-10 7:00:00
GB69VGPG38818995949003,1836,2022-11-12 11:00:00
GB50RHZY70386450854236,1295,2022-11-7 14:00:00
GB60AOHM67894272640022,1601,2022-11-8 21:00:00
GB60HRXJ08790431358334,1950,2022-11-7 6:00:00
GB68MQSL23661394352665,1238,2022-11-12 7:00:00
GB10QYRL81871292119762,1650,2022-11-8 15:00:00
GB83RIKL79496203726216,1478,2022-11-13 10:00:00
GB34NIFT42215781870126,1768,2022-11-7 12:00:00
GB53QGKJ79394476481583,1202,2022-11-11 8:00:00
GB03IIYV37237167361657,1665,2022-11-13 12:00:00
GB97EGYI52590796230315,1961,2022-11-11 7:00:00
GB48XYEF06813880368527,1584,2022-11-13 6:00:00
GB69HQII54239366288096,1055,2022-11-10 8:00:00
GB85VAGN95054382744285,1926,2022-11-11 8:00:00
GB58SQKK57074860372309,1760,2022-11-7 19:00:00
GB47OQHO99352092178451,1890,2022-11-7 5:00:00
GB03PNSV24366447842149,1064,2022-11-7 12:00:00
GB39XXEH09089476997589,1835,2022-11-11 13:00:00
GB67AYVB95704277864030,1498,2022-11-11 4:00:00
GB71KJLH78154705212677,1407,2022-11-13 13:00:00
GB09UXUX15655800749966,1668,2022-11-8 15:00:00
GB53UPAN04494000265956,1593,2022-11-8 8:00:00
GB50CRCX65153479345232,1370,2022-11-10 19:00:00
GB39ETHE70742589178124,1923,2022-11-13 11:00:00
GB43LBPT06483358205989,1247,2022-11-13 4:00:00
GB76QUOG71842903655427,1440,2022-11-12 6:00:00
GB81VBAU16831307158219,1418,2022-11-12 18:00:00
GB58LANZ33216109899356,1645,2022-11-11 7:00:00
GB61MHGN82319840045025,1075,2022-11-13 15:00:00
GB77ACYI24825981591442,1988,2022-11-8 12:00:00
GB31WHEM24749211222062,1308,2022-11-9 11:00:00
GB86UGJC83247415460512,1645,2022-11-9 17:00:00
GB04NMUK94777662645237,1288,2022-11-13 9:00:00
GB82XHLH76543331925801,1201,2022-11-9 13:00:00
GB86ZCXA66470910250591,1102,2022-11-12 20:00:00
GB86CIQR94156276514828,1203,2022-11-10 15:00:00
GB96FYQD71119493863279,1447,2022-11-10 9:00:00
GB79OEKW03539807068036,1732,2022-11-12 15:00:00
GB70ENMP44944003072516,1781,2022-11-8 13:00:00
GB03CJHB04018502180841,1996,2022-11-12 20:00:00
GB07SGJN09087875223380,1367,2022-11-8 6:00:00
GB10MLVB18696712850342,1195,2022-11-10 21:00:00
GB71PNKH89116556539987,1689,2022-11-11 19:00:00
GB65TCQG92885574790325,1429,2022-11-13 5:00:00
GB95DOMM09874160686789,1284,2022-11-12 17:00:00
GB19PWMD61942819774727,1038,2022-11-12 15:00:00
GB72WZDO21272844711618,1053,2022-11-11 7:00:00
GB30LFLF20527539597474,1817,2022-11-8 16:00:00
GB47BWER87485053518143,1898,2022-11-13 20:00:00
GB49HXGN31943448412072,1035,2022-11-10 14:00:00
GB63DGOP80079397134806,1146,2022-11-12 18:00:00
GB49AGDQ64603154384926,1692,2022-11-11 8:00:00
GB42JGAI59216039902038,1182,2022-11-8 10:00:00
GB50TPTI35589215659754,1610,2022-11-12 16:00:00
GB04AESM57219559305702,1640,2022-11-8 9:00:00
GB54AXBW69409711387725,1792,2022-11-13 12:00:00
GB54KRPN29246311310905,1716,2022-11-12 20:00:00
GB78AEFW03584619969891,1184,2022-11-8 16:00:00
GB96JBWP78302861336134,1146,2022-11-12 16:00:00
GB20NCSB65237124267459,1428,2022-11-11 8:00:00
GB85GUNY69470352061734,1088,2022-11-10 19:00:00
GB79PHUI40588942274057,1183,2022-11-12 12:00:00
GB46JUED27102036233211,1705,2022-11-8 14:00:00
GB72WYPR99653493312808,1173,2022-11-8 13:00:00
GB85NFVZ53875865068362,1504,2022-11-10 19:00:00
GB87NTWO14825228741260,1439,2022-11-8 10:00:00
GB65UYJM96222874780148,1857,2022-11-12 12:00:00
GB67JUNQ22174172954574,1343,2022-11-9 8:00:00
GB94YAHM44754073843896,1954,2022-11-13 14:00:00
GB07OAYH62912751977383,1274,2022-11-11 15:00:00
GB23TATL25960232356970,1362,2022-11-8 10:00:00
GB07SURH55069188683368,1364,2022-11-13 14:00:00
GB25NUNM56986159298315,1496,2022-11-11 8:00:00
GB05QUYW22204645688479,1367,2022-11-7 9:00:00
GB13UBGV51214521640372,1707,2022-11-9 20:00:00
GB74ERCW40263033030667,1789,2022-11-7 15:00:00
GB39OLCZ30691178629604,1094,2022-11-13 20:00:00
GB38IZDO68993895614977,1151,2022-11-10 18:00:00
GB18WZJJ84441262005187,1487,2022-11-13 15:00:00
GB43IHEU19291128091515,1695,2022-11-12 8:00:00
GB68ZLBU33905955063015,1699,2022-11-12 16:00:00
GB47TLGM66354261264182,1549,2022-11-11 4:00:00
GB35EQHC82825384954160,1597,2022-11-11 20:00:00
GB75OOLY07774184289954,1196,2022-11-7 16:00:00
GB96BARP14765723231398,1115,2022-11-9 10:00:00
GB63ZNNL55759384467807,1610,2022-11-12 19:00:00
GB19NQNL17087680414378,1065,2022-11-13 11:00:00
GB21HIJV22224523764323,1316,2022-11-8 9:00:00
GB23FWOX22832199878208,1359,2022-11-9 21:00:00
GB35NALV18926910001052,1138,2022-11-13 21:00:00
GB07QVSH87506830472255,1497,2022-11-9 15:00:00
GB25CUIC99206307089860,1458,2022-11-8 12:00:00
GB35DQAS08902319472238,1131,2022-11-13 18:00:00
GB47GODD34439601172122,1607,2022-11-7 19:00:00
GB57NYOE83824214464833,1604,2022-11-8 9:00:00
GB16SWBL66236853733927,1309,2022-11-8 7:00:00
GB10CYCJ58504136242189,1246,2022-11-9 4:00:00
GB24ZIZQ71662138837731,1121,2022-11-12 13:00:00
GB96HSME32826483395844,1801,2022-11-13 9:00:00
GB18GSDZ95769017540250,1861,2022-11-9 19:00:00
GB22WIQI52828384409465,1008,2022-11-10 5:00:00
GB55REKC52232809841700,1145,2022-11-9 21:00:00
GB68GXGT93964351277206,1782,2022-11-7 19:00:00
GB31NGJU83387135524193,1845,2022-11-8 19:00:00
GB96GWBY16157641246653,1086,2022-11-11 11:00:00
GB54ZJTU79348582527672,1682,2022-11-9 6:00:00
GB48VOWV59284488803441,1189,2022-11-13 17:00:00
GB81JGWY32147473581963,1469,2022-11-9 4:00:00
GB33SZVY73073034274118,1215,2022-11-7 11:00:00
GB56ZLQS87795285389900,1698,2022-11-9 7:00:00
GB82OPHD84244646969080,1182,2022-11-10 13:00:00
GB39KLRA55223394889478,1638,2022-11-12 13:00:00
GB56MXKX04150312484497,1930,2022-11-7 17:00:00
GB60MMEE34125161616504,1004,2022-11-11 11:00:00
GB47IRMO89211078943672,1195,2022-11-11 19:00:00
GB85DHHZ30003072039153,1827,2022-11-12 8:00:00
GB41NBTK24780805477242,1419,2022-11-13 15:00:00
GB03IMYP34209195314144,1939,2022-11-8 12:00:00
GB70KTDO49639159504475,1938,2022-11-8 12:00:00
GB55IZHZ30895024213558,1798,2022-11-12 9:00:00
GB27ISLJ13323833089774,1611,2022-11-8 21:00:00
GB06YRVR29865338124361,1036,2022-11-10 13:00:00
GB48OLEN88680133380517,1337,2022-11-11 8:00:00
GB55AYOC94594920829328,1930,2022-11-7 4:00:00
GB15QCSY62352448594267,1825,2022-11-10 19:00:00
GB41OZGJ39811258328322,1673,2022-11-7 7:00:00
GB72CPFG16022464999252,1249,2022-11-13 19:00:00
GB92NKNJ39417582798917,1197,2022-11-7 7:00:00
GB02BCRX80715257654750,1647,2022-11-11 19:00:00
GB05GAXA11964089715792,1020,2022-11-13 12:00:00
GB11ZIIE88720414946945,1020,2022-11-10 4:00:00
GB37RWLG14587596393797,1358,2022-11-12 14:00:00
GB41CFMU85790723851419,1288,2022-11-10 11:00:00
GB23CCFB99953922725727,1596,2022-11-8 9:00:00
GB66YMHR84664593073099,1590,2022-11-9 18:00:00
GB86BKTT12569252350228,1403,2022-11-7 19:00:00
GB62KLSQ69805714223094,1509,2022-11-8 21:00:00
GB38HAZG20100236474539,1386,2022-11-11 19:00:00
GB35ZPET80224646167733,1516,2022-11-13 7:00:00
GB24NWEG26382217716716,1449,2022-11-7 11:00:00
GB13VZYQ32199972150907,1527,2022-11-11 13:00:00
GB92FDXB39650896341790,1419,2022-11-13 11:00:00
GB03SXFO90314690317502,1476,2022-11-9 13:00:00
GB13WRGL26193108082960,1665,2022-11-7 16:00:00
GB13JHDU85517560542756,1457,2022-11-8 7:00:00
GB94KQDF51752941485357,1464,2022-11-9 17:00:00
GB72GGDS20920269461331,1579,2022-11-13 7:00:00
GB81IDZF16541272255370,1947,2022-11-13 9:00:00
GB49GCEG36763284398035,1213,2022-11-10 20:00:00
GB52VONC71650886463857,1806,2022-11-12 14:00:00
GB31NCAA58804736468494,1732,2022-11-11 21:00:00
GB89YMIG50958912543916,1378,2022-11-10 14:00:00
GB08TUSY25964427455162,1281,2022-11-8 15:00:00
GB72ZYJL52596304859177,1118,2022-11-9 4:00:00
GB87HKAX73047813717919,1595,2022-11-12 5:00:00
GB33AZIN56249954297384,1987,2022-11-7 9:00:00
GB36FYVH23258955112904,1466,2022-11-9 7:00:00
GB47CTFW36937975196282,1336,2022-11-8 4:00:00
GB11KKFX45925113109649,1474,2022-11-11 19:00:00
GB87JFSG23376571927408,1377,2022-11-11 16:00:00
GB32CJLH35272132938679,1384,2022-11-11 6:00:00
GB23UIIP85779469585628,1848,2022-11-9 20:00:00
GB97AMKO76738491976422,1552,2022-11-9 5:00:00
GB39HRFD64905194180385,1550,2022-11-7 9:00:00
GB17QVVX39241278730155,1811,2022-11-12 6:00:00
GB53NZTB57240925713489,1334,2022-11-8 6:00:00
GB38ODXM83100313809390,1655,2022-11-11 6:00:00
GB21AQIJ94408119970930,1787,2022-11-7 19:00:00
GB69WEOB70235545824413,1264,2022-11-12 7:00:00
GB23GIWR43700963908767,1022,2022-11-10 17:00:00
GB72PJMT98901427624839,1410,2022-11-12 19:00:00
GB09NMSU84643996831190,1184,2022-11-12 6:00:00
GB66KPYS05659428115272,1666,2022-11-8 15:00:00
GB45QCIK83289661560554,1101,2022-11-12 8:00:00
GB16MLAX26519697030923,1724,2022-11-9 14:00:00
GB17AKSK52161485220311,1709,2022-11-7 11:00:00
GB89PLDX48863272892541,1577,2022-11-11 14:00:00
GB22VTTN23835892654497,1454,2022-11-9 7:00:00
GB19OVKP54056710850765,1083,2022-11-12 4:00:00
GB86VXQN88264880381670,1213,2022-11-8 5:00:00
GB17RJZU92224834992561,1176,2022-11-9 10:00:00
GB45XEDU72472771733654,1608,2022-11-10 5:00:00
GB84TODC28300485735692,1314,2022-11-12 21:00:00
GB73PFHJ81211828722435,1803,2022-11-10 14:00:00
GB75BNWM35070437291713,1806,2022-11-13 18:00:00
GB74DTTC59172408635821,1515,2022-11-12 4:00:00
GB04JDPQ65250722340090,1916,2022-11-10 14:00:00
GB61ANZJ96740705412011,1878,2022-11-9 20:00:00
GB62XOXE71144075601525,1731,2022-11-11 17:00:00
GB18UBNG24100162977796,1751,2022-11-9 18:00:00
GB38QXXC95165555834540,1946,2022-11-11 5:00:00
GB69GKOH50277007552386,1490,2022-11-11 6:00:00
GB23VGTH54420733304207,1458,2022-11-13 6:00:00
GB09WVQI38419280773701,1677,2022-11-8 13:00:00
GB05HVNH16205924055085,1028,2022-11-12 16:00:00
GB23XIKX57694337636171,1693,2022-11-8 14:00:00
GB16PXPZ59148183151315,1068,2022-11-9 7:00:00
GB54ECNW78940949418821,1641,2022-11-8 17:00:00
GB57RDPG08597174664933,1291,2022-11-8 17:00:00
GB13OWUV75385816433168,1525,2022-11-8 15:00:00
GB35UZFG62275345390371,1296,2022-11-13 9:00:00
GB55YLAV16898020656726,1996,2022-11-7 5:00:00
GB88THBV85684935263917,1860,2022-11-11 21:00:00
GB87DHBK74649809163643,1916,2022-11-7 10:00:00
GB83LGWL33902851982171,1356,2022-11-7 8:00:00
GB14MAQN63941541177600,1453,2022-11-8 15:00:00
GB85WYOK79844299834514,1269,2022-11-12 21:00:00
GB41NNHI24646594550812,1144,2022-11-7 17:00:00
GB18NMCP04752268557452,1568,2022-11-12 8:00:00
GB05ONHT37472949819928,1477,2022-11-12 15:00:00
GB78WGSQ41198026614032,1179,2022-11-10 9:00:00
GB22PEID11971079269367,1810,2022-11-10 21:00:00
GB85VRYV02647913163139,1468,2022-11-8 19:00:00
GB43FJXP95905799793586,1755,2022-11-10 6:00:00
GB03CFEJ22743223807216,1808,2022-11-12 15:00:00
GB93XOQP77502168121884,1846,2022-11-9 21:00:00
GB81OOMU93794419121725,1376,2022-11-13 17:00:00
GB53RKSQ81168849497685,1373,2022-11-10 20:00:00
GB39GVZN13596059390100,1021,2022-11-13 8:00:00
GB92ZTFF66976843197081,1072,2022-11-10 19:00:00
GB56CUCN50956897034785,1029,2022-11-12 14:00:00
GB27XFMK58676499551445,1340,2022-11-8 14:00:00
GB21VXYA39934216690934,1453,2022-11-13 21:00:00
GB89SGUN80487366118875,1327,2022-11-12 20:00:00
GB40JFFV24018913114801,1574,2022-11-10 15:00:00
GB42BUGG47222427768034,1051,2022-11-12 6:00:00
GB30JKIS33730814561422,1800,2022-11-7 8:00:00
GB94KGQO65480229696939,1301,2022-11-8 5:00:00
GB26BRXR40469589493697,1972,2022-11-9 5:00:00
GB03XBUB81327994356535,1281,2022-11-7 21:00:00
GB74CJWU20564220427000,1268,2022-11-11 4:00:00
GB17URZP50596892456757,1448,2022-11-7 5:00:00
GB05HMGS41992017769145,1255,2022-11-13 11:00:00
GB83WQRP50675822649891,1983,2022-11-8 16:00:00
GB51NLSQ29159861690044,1334,2022-11-12 15:00:00
GB19VGOH76679982035857,1883,2022-11-9 11:00:00
GB08UYYR32720834838040,1916,2022-11-11 17:00:00
GB49EUOY46565796885411,1529,2022-11-12 7:00:00
GB46HCOD17305633328606,1955,2022-11-13 4:00:00
GB67NEEU17456864407625,1749,2022-11-13 10:00:00
GB73NHQR55521094227696,1720,2022-11-9 13:00:00
GB94PYUZ52660342687657,1072,2022-11-9 15:00:00
GB24VHMR87305379175075,1947,2022-11-12 19:00:00
GB49KNSZ77742327670200,1727,2022-11-11 15:00:00
GB30PNQB56854697018334,1740,2022-11-13 14:00:00
GB16FBRA27855135850116,1532,2022-11-9 10:00:00
GB80OAFB37984506411652,1128,2022-11-13 16:00:00
GB24CGXR68932896681250,1385,2022-11-9 17:00:00
GB40GIPY84127511547347,1940,2022-11-9 10:00:00
GB63XJMA13323263529400,1499,2022-11-10 6:00:00
GB80GHUT29910133436975,1514,2022-11-10 12:00:00
GB44QNRT46427088748018,1155,2022-11-11 5:00:00
GB83LFVP51186662208564,1918,2022-11-10 9:00:00
GB03OCMF63716004607210,1898,2022-11-13 15:00:00
GB69GRGG04145638775445,1408,2022-11-7 15:00:00
GB54BWXM20042296041045,1054,2022-11-10 4:00:00
GB44XSTG66671848453971,1935,2022-11-11 11:00:00
GB56ANHC19571767219847,1468,2022-11-12 18:00:00
GB89VFKI66049981520100,1106,2022-11-13 19:00:00
GB66VRKH18071468793410,1135,2022-11-8 8:00:00
GB97LEQI32116603353006,1671,2022-11-11 20:00:00
GB11OGDW82711475512748,1038,2022-11-9 9:00:00
GB11UEQD34149378867101,1606,2022-11-9 18:00:00
GB24QUKQ70908449740738,1280,2022-11-7 13:00:00
GB08HRTD25864729219705,1468,2022-11-9 20:00:00
GB24BOFV35601574232275,1347,2022-11-12 12:00:00
GB81PLAE28076368097939,1787,2022-11-13 5:00:00
GB29GFTZ59894971583595,1968,2022-11-12 12:00:00
GB55GORH24824877003319,1425,2022-11-11 13:00:00
GB13YXQY56949840376801,1466,2022-11-12 5:00:00
GB80ZZGL15141643236991,1438,2022-11-9 18:00:00
GB86HVVZ83991289534142,1795,2022-11-9 13:00:00
GB86GNTF91342326109123,1193,2022-11-11 8:00:00
GB75HJYP80167787855925,1091,2022-11-12 5:00:00
GB53PGNY33344446011640,1424,2022-11-9 19:00:00
GB80JLQO76724862237486,1759,2022-11-9 11:00:00
GB93IVTU84425261390643,1255,2022-11-13 7:00:00
GB59KNLK98691692823389,1448,2022-11-7 9:00:00
GB09SVKG48904224488266,1013,2022-11-10 15:00:00
GB88HVLQ64069643697817,1426,2022-11-7 11:00:00
GB38WANL47370616849281,1983,2022-11-11 19:00:00
GB56QONZ15051134660922,1849,2022-11-11 13:00:00
GB63HXBG22952153185482,1076,2022-11-9 19:00:00
GB66KNAH42566330942875,1982,2022-11-12 9:00:00
GB63QVFH00006933559395,1897,2022-11-11 21:00:00
GB94XDYJ58028420646350,1940,2022-11-7 20:00:00
GB73WFUN24192077778435,1039,2022-11-8 14:00:00
GB33VGFH72791369586777,1024,2022-11-12 12:00:00
GB91HUKO58518943266778,1437,2022-11-7 13:00:00
GB47OHIZ12521426323587,1114,2022-11-7 11:00:00
GB35ICOM72785996994679,1608,2022-11-10 10:00:00
GB75RNJX61004710323432,1188,2022-11-10 10:00:00
GB44HYVT60833784247970,1357,2022-11-8 8:00:00
GB24HZUW87517953373352,1727,2022-11-8 4:00:00
GB67JZFC96053876199185,1594,2022-11-10 15:00:00
GB80HRHF69912477095822,1921,2022-11-9 11:00:00
GB14FNZI52484875763306,1584,2022-11-8 14:00:00
GB60FLUT59032110441193,1867,2022-11-7 6:00:00
GB68QOOC02173846658056,1451,2022-11-13 5:00:00
GB16RCHC33767973398663,1064,2022-11-8 12:00:00
GB88EBGQ32005965732262,1042,2022-11-11 10:00:00
GB73ZIZF31316832263262,1805,2022-11-11 21:00:00
GB05BDFA16273067905162,1908,2022-11-11 6:00:00
GB61ZHIG72853547355066,1938,2022-11-11 10:00:00
GB45JAPP24687093503412,1015,2022-11-11 5:00:00
GB93ZHTD17983538871102,1824,2022-11-8 19:00:00
GB81KMYF38059150472305,1657,2022-11-8 9:00:00
GB39FKIB98323892069930,1553,2022-11-7 15:00:00
GB93GCVG72749732008446,1246,2022-11-11 6:00:00
GB91XZGU19409392053895,1988,2022-11-10 6:00:00
GB88EFJV70660531751983,1734,2022-11-12 6:00:00
GB37FWKW71426461089756,1220,2022-11-13 10:00:00
GB64WQYE71672852307863,1347,2022-11-11 8:00:00
GB83BKES09897151516523,1824,2022-11-13 6:00:00
GB43NYTO05074256664201,1825,2022-11-9 7:00:00
GB49INVJ47408440840281,1846,2022-11-12 16:00:00
GB17BJGB39172783771625,1517,2022-11-8 13:00:00
GB49LZTU97363399255217,1438,2022-11-11 14:00:00
GB23ZXKY41607681025767,1569,2022-11-12 5:00:00
GB49IBQP22888411526936,1212,2022-11-10 16:00:00
GB77SKUK67009660671931,1927,2022-11-10 10:00:00
GB92PYKX48493360856286,1270,2022-11-8 7:00:00
GB24KBZX73214341580621,1621,2022-11-10 13:00:00
GB14JKIF15329059209997,1848,2022-11-7 9:00:00
GB23CKGT22768675381229,1739,2022-11-13 7:00:00
GB70KVEI87656195844289,1538,2022-11-13 5:00:00
GB75SQKH33133528584020,1596,2022-11-11 16:00:00
GB82IOPW51991932091958,1773,2022-11-7 20:00:00
GB77MKGT73542837232556,1212,2022-11-8 19:00:00
GB18NMND72774199726617,1617,2022-11-9 17:00:00
GB95HHEO92843780738678,1706,2022-11-8 9:00:00
GB10TFEB67830644045611,1293,2022-11-10 13:00:00
GB65LYUF28921633308504,1290,2022-11-10 20:00:00
GB10WGRK78500532822365,1834,2022-11-13 20:00:00
GB92AOSA49464019368035,1845,2022-11-7 17:00:00
GB62TYGH63885180984309,1938,2022-11-12 4:00:00
GB80GCCS03822281642876,1959,2022-11-12 14:00:00
GB36HIJM56395857655945,1082,2022-11-10 8:00:00
GB81BHQD94019510506402,1702,2022-11-7 8:00:00
GB55LCKR01654254426056,1842,2022-11-7 19:00:00
GB58HATB27795505804898,1141,2022-11-8 12:00:00
GB52UYWA97560803638279,1565,2022-11-7 12:00:00
GB94FCZB87054745648064,1359,2022-11-13 7:00:00
GB71ZRDX46189825364052,1198,2022-11-10 17:00:00
GB11UDWA09710361051593,1356,2022-11-9 18:00:00
GB81XNSV57888534232631,1828,2022-11-7 7:00:00
GB83NSQP95972701774823,1018,2022-11-12 9:00:00
GB54RUAG64405976122290,1819,2022-11-12 9:00:00
GB15BUXC80073839786354,1077,2022-11-7 8:00:00
GB66NSNJ11663075438156,1818,2022-11-12 8:00:00
GB06IMLY24844348866639,1218,2022-11-10 13:00:00
GB82MKJT49153948132838,1180,2022-11-11 9:00:00
GB64OMKF28033939277698,1470,2022-11-7 21:00:00
GB65OJBQ32080518955142,1219,2022-11-7 4:00:00
GB75MLVL76081645502868,1021,2022-11-13 18:00:00
GB93QMHL62945309268669,1675,2022-11-9 4:00:00
GB51ZPSE49170308449350,1884,2022-11-12 16:00:00
GB56PXVC49057765721031,1543,2022-11-7 13:00:00
GB19KRRF68837261108684,1140,2022-11-13 15:00:00
GB13PZLT82241617166573,1733,2022-11-10 18:00:00
GB42DLBL85526446681877,1460,2022-11-7 6:00:00
GB67OYIW62351027507616,1929,2022-11-10 15:00:00
GB28LHEC54679605543685,1284,2022-11-8 5:00:00
GB81VOMI90427599690375,1667,2022-11-8 5:00:00
GB31ZTZI79971052327946,1205,2022-11-9 21:00:00
GB46NZAA05870057591810,1198,2022-11-7 17:00:00
GB77AAWS75300896359325,1800,2022-11-10 16:00:00
GB68LCTH64750516881689,1386,2022-11-13 16:00:00
GB93CQYO80678012777273,1186,2022-11-12 16:00:00
GB52LTJT71551956602123,1701,2022-11-7 16:00:00
GB60OEUY17504176851673,1338,2022-11-9 14:00:00
GB76OJPU35246404999260,1074,2022-11-13 11:00:00
GB87LOME34236699415339,1074,2022-11-8 6:00:00
GB23SIJN84991310610210,1120,2022-11-7 9:00:00
GB30NZPR92628651910332,1444,2022-11-9 9:00:00
GB35KFOR08775619433383,1098,2022-11-10 14:00:00
GB89JJXB11310025586627,1179,2022-11-8 15:00:00
GB19RCXX55393386333759,1843,2022-11-9 7:00:00
GB69OOMT73033853650086,1784,2022-11-9 6:00:00
GB06SZNR35172178576055,1680,2022-11-9 6:00:00
GB80QVXW42970477418117,1547,2022-11-7 12:00:00
GB53LSSA42994701002955,1133,2022-11-11 4:00:00
GB35UWKE47306501099089,1760,2022-11-10 17:00:00
GB79VIKR30478414177806,1503,2022-11-9 6:00:00
GB37NEER86455752189779,1665,2022-11-8 14:00:00
GB24DUSJ88147971029695,1139,2022-11-12 14:00:00
GB47PFZC96181058369186,1175,2022-11-9 13:00:00
GB37CBQA85632551476227,1919,2022-11-10 20:00:00
GB50DSXX42041368428256,1496,2022-11-8 6:00:00
GB90SIOS55848791455672,1764,2022-11-12 15:00:00
GB97UHKI17215535320246,1604,2022-11-9 7:00:00
GB31LLGX02716797612692,1765,2022-11-8 4:00:00
GB73XGOI03292516478363,1584,2022-11-11 18:00:00
GB40GIEN70763719235825,1747,2022-11-13 19:00:00
GB64BATH10975128012576,1223,2022-11-11 11:00:00
GB32JKUA13215471481212,1685,2022-11-7 18:00:00
GB72XLDE08864710308491,1060,2022-11-7 4:00:00
GB24NGAG98891019209680,1317,2022-11-13 14:00:00
GB87EGWV24590254697984,1742,2022-11-13 16:00:00
GB38FNOK38291978796643,1453,2022-11-9 6:00:00
GB71UKZX75504388651211,1823,2022-11-10 13:00:00
GB93TRXD67843372592255,1321,2022-11-9 14:00:00
GB61ANXB78035547022364,1996,2022-11-13 9:00:00
GB06ZKCF57753731247435,1648,2022-11-13 15:00:00
GB81OHYT83551506000709,1969,2022-11-9 21:00:00
GB52SQSB47701108947676,1784,2022-11-13 9:00:00
GB86OKHC09676855679094,1368,2022-11-8 18:00:00
GB60JGFI83206398004271,1664,2022-11-10 9:00:00
GB06EWAX55610170360784,1140,2022-11-9 15:00:00
GB25FRMJ15106741749621,1345,2022-11-7 12:00:00
GB33CFGJ05524097897790,1500,2022-11-11 7:00:00
GB28UXYZ89318887895232,1551,2022-11-7 6:00:00
GB15NIME84201443999484,1384,2022-11-13 6:00:00
GB72XEOB19757759147493,1736,2022-11-10 17:00:00
GB32TQGH86776473465621,1530,2022-11-8 20:00:00
GB69FXUK95374096981842,1254,2022-11-9 11:00:00
GB11PTAH32113989018799,1215,2022-11-9 15:00:00
GB26EYDC51738110577182,1522,2022-11-12 13:00:00
GB55SEFB37551726309559,1758,2022-11-9 19:00:00
GB43CKOE43157216864529,1851,2022-11-13 5:00:00
GB94SGEE19610912207200,1321,2022-11-8 15:00:00
GB11CIHO71403896533550,1484,2022-11-11 18:00:00
GB38SMZU03860111316645,1036,2022-11-12 6:00:00
GB72QEON85385292907010,1515,2022-11-11 18:00:00
GB30CLJE98220061265205,1288,2022-11-10 13:00:00
GB38PVYJ29005841369194,1678,2022-11-9 15:00:00
GB44HDMT50820020854258,1962,2022-11-13 7:00:00
GB09AIRV71759684847625,1269,2022-11-11 19:00:00
GB37WTVJ11816796044749,1331,2022-11-9 12:00:00
GB57CQPO61320045758021,1019,2022-11-11 17:00:00
GB59NHIV12642069892266,1359,2022-11-12 9:00:00
GB17INGD98727652555265,1661,2022-11-12 17:00:00
GB25HCJC10794155230626,1302,2022-11-7 16:00:00
GB74WZOP03022850949199,1959,2022-11-13 21:00:00
GB70ZHRS85393290343629,1360,2022-11-9 13:00:00
GB05JMHC22020817799837,1735,2022-11-7 12:00:00
GB86SHDH93679463237388,1779,2022-11-8 6:00:00
GB72NRFQ79292538820550,1970,2022-11-7 16:00:00
GB51RULC92674483165476,1239,2022-11-12 18:00:00
GB81VGYA75647323267308,1237,2022-11-9 16:00:00
GB47JXTQ05643853700816,1971,2022-11-7 8:00:00
GB02LSWT70361501135713,1250,2022-11-7 18:00:00
GB12VHIO35189454559487,1386,2022-11-10 13:00:00
GB78PZZS97615170936378,1371,2022-11-13 11:00:00
GB54ZLRX29981474934855,1315,2022-11-7 18:00:00
GB67IWZM06702605963215,1394,2022-11-9 18:00:00
GB38LYQX54323237348581,1949,2022-11-12 9:00:00
GB02CVJG68846947868579,1313,2022-11-9 15:00:00
GB80GCRT82813464440278,1355,2022-11-13 10:00:00
GB55CWBP44150721779987,1711,2022-11-9 14:00:00
GB80WOVG06716772735443,1130,2022-11-11 7:00:00
GB63NPJD86859506786756,1233,2022-11-12 21:00:00
GB31UYGL27179640872933,1394,2022-11-7 15:00:00
GB90OCOA10055662143372,1767,2022-11-12 4:00:00
GB08XHOH76690890277908,1022,2022-11-13 5:00:00
GB61OTIV05016344366366,1170,2022-11-8 9:00:00
GB85TJOK46151945020696,1633,2022-11-7 18:00:00
GB66TKEE80218867119731,1371,2022-11-12 10:00:00
GB85ZXWT70802452269431,1025,2022-11-10 17:00:00
GB16ACKS20656855954530,1033,2022-11-7 16:00:00
GB10LAAL37296265643309,1439,2022-11-10 18:00:00
GB76DOMV28272947937026,1907,2022-11-13 9:00:00
GB83ICCK30054526114458,1659,2022-11-9 10:00:00
GB08IKJH59379651082844,1776,2022-11-8 10:00:00
GB77KTSO66791368203183,1014,2022-11-11 8:00:00
GB13JRKT08046135275616,1985,2022-11-11 20:00:00
GB74GHUV86675128092179,1866,2022-11-8 9:00:00
GB34XMEU13598393011637,1908,2022-11-13 10:00:00
GB45SZGN05396891128197,1122,2022-11-12 9:00:00
GB74JVDJ08911177652273,1374,2022-11-13 18:00:00
GB23KTEX69028518171871,1279,2022-11-8 6:00:00
GB07TARG93089455306836,1350,2022-11-12 9:00:00
GB62UYNF67610971763636,1207,2022-11-13 17:00:00
GB77DKTE03126653584547,1205,2022-11-9 16:00:00
GB17RLVG27126301474541,1044,2022-11-13 19:00:00
GB64BKBL49839382102884,1765,2022-11-12 19:00:00
GB79COHJ13026850988815,1304,2022-11-12 14:00:00
GB60CMSG73077434429024,1026,2022-11-10 16:00:00
GB46CHTG34091184467662,1599,2022-11-9 17:00:00
GB11LCYY36905282620209,1279,2022-11-8 19:00:00
GB83HZQH04204033662255,1341,2022-11-7 12:00:00
GB33VJIY20061069553043,1238,2022-11-10 17:00:00
GB02QHNO33539465453729,1872,2022-11-9 12:00:00
GB70BKZC80342307855077,1051,2022-11-7 18:00:00
GB66MBZU69596597908311,1932,2022-11-8 19:00:00
GB59DKAJ00852832179669,1089,2022-11-8 13:00:00
GB40EGEA88495996420610,1207,2022-11-11 6:00:00
GB69WYIK14005222886586,1623,2022-11-11 10:00:00
GB77JBBH25261688649266,1164,2022-11-8 8:00:00
GB88NIOC79296994063548,1443,2022-11-12 14:00:00
GB88KSOG75955795497755,1148,2022-11-13 13:00:00
GB93MEIC73835573696345,1491,2022-11-10 21:00:00
GB38ZQFU91118009207904,1608,2022-11-11 6:00:00
GB52JZQI65370229346958,1834,2022-11-11 16:00:00
GB23DNYH74774745245153,1594,2022-11-8 13:00:00
GB70HRTS69125091401021,1066,2022-11-12 21:00:00
GB11IFNX33422177804524,1425,2022-11-12 7:00:00
GB19ZVDS07112078739222,1553,2022-11-10 9:00:00
GB90JUNZ87166417897045,1854,2022-11-9 17:00:00
GB10DESX31842316071669,1250,2022-11-8 17:00:00
GB44CJOL85412603793055,1011,2022-11-11 19:00:00
GB20FJXQ27256344473671,1798,2022-11-13 12:00:00
GB93MADA39748946573558,1283,2022-11-9 6:00:00
GB86RKZH00510046279795,1911,2022-11-7 11:00:00
GB10WJAG84515278372833,1431,2022-11-11 17:00:00
GB86BAEU02631801713185,1415,2022-11-13 21:00:00
GB45XTNM62569583093813,1040,2022-11-8 19:00:00
GB34UDXH65852275975088,1539,2022-11-7 9:00:00
GB38YXBH85618975846061,1189,2022-11-9 13:00:00
GB61XESD94190739115390,1903,2022-11-8 5:00:00
GB69MEWT08908490080321,1799,2022-11-7 21:00:00
GB12NMLF56627091079155,1777,2022-11-13 15:00:00
GB27SRQJ12466976852367,1182,2022-11-10 14:00:00
GB87DCHO85929038642470,1280,2022-11-10 8:00:00
GB35AXCQ74174127868119,1757,2022-11-8 19:00:00
GB05WCGN11010476154507,1723,2022-11-12 10:00:00
GB37XEYO28808606627068,1516,2022-11-9 17:00:00
GB05QCFA49495481198960,1308,2022-11-8 10:00:00
GB12RNSM66933943140091,1167,2022-11-8 10:00:00
GB16GXDF69497467994520,1134,2022-11-10 19:00:00
GB62MPIE13857116681503,1157,2022-11-11 16:00:00
GB38ERIS85095210422979,1270,2022-11-13 9:00:00
GB60BLTJ49978319243362,1590,2022-11-11 15:00:00
GB63VSPF61875727361708,1873,2022-11-13 14:00:00
GB53YQNI86847374807351,1918,2022-11-10 5:00:00
GB29NZDI96550626549396,1259,2022-11-12 5:00:00
GB88BONJ29427713075034,1807,2022-11-13 13:00:00
GB35QTIX12669344519018,1159,2022-11-12 4:00:00
GB70RDIU08828881275444,1324,2022-11-7 18:00:00
GB09TNFK11202105255743,1346,2022-11-8 19:00:00
GB52RCKO05624663498349,1607,2022-11-10 16:00:00
GB44UNJD59940845384134,1175,2022-11-9 16:00:00
GB42QCIP71196361568519,1662,2022-11-10 11:00:00
GB35EARX65475518663835,1515,2022-11-9 13:00:00
GB37LYNT10888292289180,1599,2022-11-10 7:00:00
GB88TQBK69013899435919,1582,2022-11-10 21:00:00
GB11BXHP42478215292278,1986,2022-11-8 13:00:00
GB08BBID13941068866444,1420,2022-11-11 13:00:00
GB71XCJI20518839797915,1920,2022-11-8 17:00:00
GB60PMXH88123120256075,1677,2022-11-10 6:00:00
GB06EZRN84192302622264,1547,2022-11-10 14:00:00
GB64YCND28726034098910,1541,2022-11-7 9:00:00
GB31QEXV30901870512713,1381,2022-11-7 20:00:00
GB07PBIL67354818729134,1273,2022-11-7 8:00:00
GB67LFQQ97455520741593,1329,2022-11-12 8:00:00
GB65ZJJY26831448678166,1578,2022-11-9 20:00:00
GB15YCES16967080059291,1357,2022-11-13 21:00:00
GB45NIHP37184347327325,1140,2022-11-13 20:00:00
GB75KIEU72553907269961,1564,2022-11-8 17:00:00
GB26HAAM73985965997028,1649,2022-11-12 14:00:00
GB68BTBH64880842725143,1023,2022-11-8 11:00:00
GB58LMGN41288301779679,1536,2022-11-13 9:00:00
GB26QCEQ10754589728217,1492,2022-11-8 16:00:00
GB86MNSH21092612885233,1539,2022-11-13 11:00:00
GB78DPCD52050535319627,1633,2022-11-10 8:00:00
GB45DQCS20182706590416,1085,2022-11-11 20:00:00
GB70XNII24227145891214,1960,2022-11-12 20:00:00
GB54PPFF31016124029069,1423,2022-11-12 17:00:00
GB81MKNV68254956643457,1165,2022-11-8 12:00:00
GB85HZDL80839216445369,1741,2022-11-9 7:00:00
GB59SQSF09852162173242,1386,2022-11-8 11:00:00
GB29YURU15355202493711,1913,2022-11-8 9:00:00
GB83BNTQ42492205303867,1152,2022-11-7 14:00:00
GB31VAZN00211404956297,1557,2022-11-8 17:00:00
GB98OWAI49119494996387,1227,2022-11-7 21:00:00
GB85ZCNN50109245893736,1166,2022-11-10 5:00:00
GB54ETVI52451307973025,1997,2022-11-7 15:00:00
GB26XGLM59017915051555,1808,2022-11-9 20:00:00
GB47KYSF34330809870759,1155,2022-11-12 16:00:00
GB49LGTO60959257519193,1570,2022-11-8 18:00:00
GB98DNTW97387542951641,1551,2022-11-11 16:00:00
GB77HKTX43512077253779,1571,2022-11-9 18:00:00
GB50FVQV18744994630018,1255,2022-11-7 10:00:00
GB65WXVV76162459911649,1817,2022-11-12 4:00:00
GB42SMRE03825838396090,1648,2022-11-9 19:00:00
GB82QSCG20994861147350,1179,2022-11-7 16:00:00
GB96JQWN05272189330753,1781,2022-11-10 12:00:00
GB47QJVY40028315384907,1576,2022-11-13 20:00:00
GB58SHIA47103187013731,1411,2022-11-13 13:00:00
GB86FLSG88507016260897,1652,2022-11-8 8:00:00
GB48ISHY96900658944940,1218,2022-11-7 9:00:00
GB70BFQK78741001985476,1657,2022-11-10 7:00:00
GB16SBZQ60118874000394,1802,2022-11-7 7:00:00
GB43YUZB40138175402857,1660,2022-11-10 13:00:00
GB36JDTV98233723358466,1007,2022-11-7 13:00:00
GB36AGUP56463432177725,1064,2022-11-11 19:00:00
GB31XHOX58173403552713,1312,2022-11-13 8:00:00
GB56ZFQP11482022681311,1650,2022-11-13 16:00:00
GB57LRVT79012755488050,1714,2022-11-12 4:00:00
GB66PBFB41291106325915,1650,2022-11-13 18:00:00
GB66CRYS29741507915627,1889,2022-11-11 11:00:00
GB38EELP56069455168113,1071,2022-11-12 8:00:00
GB33OKDQ11761076877047,1313,2022-11-10 17:00:00
GB72FELK96005594878715,1186,2022-11-11 15:00:00
GB07SNHF07476403046189,1388,2022-11-9 10:00:00
GB55NPHJ99455294992435,1747,2022-11-7 4:00:00
GB34TYUW76401795195875,1467,2022-11-13 16:00:00
GB07MNTQ05913405633537,1227,2022-11-10 10:00:00
GB07COKF19883428363224,1759,2022-11-7 9:00:00
GB20YUXA34791684795282,1731,2022-11-9 7:00:00
GB59LZGO52493983731856,1012,2022-11-8 6:00:00
GB29JGKW15857973397094,1043,2022-11-7 9:00:00
GB80YCRN22358660712032,1585,2022-11-9 4:00:00
GB60CXOO81324186675348,1713,2022-11-11 11:00:00
GB74BTOL03472057209816,1104,2022-11-7 20:00:00
GB72JYTJ28549410297846,1558,2022-11-10 15:00:00
GB95DNTQ13716918584608,1270,2022-11-7 12:00:00
GB82AFTI04226356264916,1484,2022-11-8 5:00:00
GB50XWUA04607132408240,1086,2022-11-10 20:00:00
GB26NSAK19325870167259,1356,2022-11-7 13:00:00
GB07PHIQ84559410763347,1292,2022-11-10 10:00:00
GB31BJIH89622695343451,1575,2022-11-12 12:00:00
GB57HJLM44248583677468,1954,2022-11-13 9:00:00
GB62LKXT24616817311762,1612,2022-11-12 4:00:00
GB09XFCH56226915924055,1341,2022-11-7 4:00:00
GB57JWSE59989281223514,1563,2022-11-10 6:00:00
GB44FPVG27093956698669,1894,2022-11-8 7:00:00
GB45FBLB95362080904627,1132,2022-11-7 19:00:00
GB28XENJ22950727180002,1202,2022-11-13 11:00:00
GB72DVRQ99771034026243,1371,2022-11-9 6:00:00
GB87NBNV61834227368328,1078,2022-11-13 21:00:00
GB85STTI49575418500070,1880,2022-11-10 21:00:00
GB29NBLK58035857625116,1596,2022-11-10 17:00:00
GB13EIZJ20611966642311,1411,2022-11-8 17:00:00
GB88RIZK01764837328305,1029,2022-11-8 9:00:00
GB94EFIT81540305954996,1853,2022-11-9 11:00:00
GB25SKHD25331936534845,1645,2022-11-13 4:00:00
GB09ODCM89720951203606,1051,2022-11-13 9:00:00
GB84JFTJ08603141596166,1114,2022-11-8 21:00:00
GB20XUVE75365143701155,1077,2022-11-9 7:00:00
GB52VZTP59259740531936,1853,2022-11-8 19:00:00
GB76FONG64816449234303,1740,2022-11-12 11:00:00
GB27ZRYJ09495882874693,1510,2022-11-13 21:00:00
GB60PWIJ64829957227193,1318,2022-11-13 9:00:00
GB51HLQH94846372529462,1321,2022-11-11 14:00:00
GB23KMAH00070445787616,1912,2022-11-7 19:00:00
GB05JMHV29942047478492,1312,2022-11-8 19:00:00
GB27PRMA75540511806074,1777,2022-11-9 7:00:00
GB08TBKL82731873078588,1432,2022-11-12 5:00:00
GB46ADLD57581614717498,1233,2022-11-9 11:00:00
GB02XXHO15430308296596,1978,2022-11-8 6:00:00
GB31WKGD20105261297602,1446,2022-11-8 7:00:00
GB44GTGI24498287658014,1237,2022-11-12 16:00:00
GB35DXDQ44410589581605,1622,2022-11-13 9:00:00
GB14AJPX00115881005940,1821,2022-11-12 7:00:00
GB88FRQO15095692689919,1548,2022-11-12 14:00:00
GB53EPTJ81323302973112,1291,2022-11-9 4:00:00
GB18RCML06873247883795,1839,2022-11-7 14:00:00
GB84GDVO25560650638624,1938,2022-11-10 16:00:00
GB60JTQU37370157173322,1460,2022-11-7 19:00:00
GB76YRJC24425424693726,1748,2022-11-11 15:00:00
GB64ITGD10001913001973,1438,2022-11-12 6:00:00
GB69UMZY46173238445640,1382,2022-11-9 19:00:00
GB44GGAQ33836082472292,1070,2022-11-11 17:00:00
GB55FUIR75107948256082,1563,2022-11-7 7:00:00
GB73PWWM34769621516837,1759,2022-11-10 20:00:00
GB42PSKI47280121316935,1368,2022-11-7 12:00:00
GB63KYSZ05338244804946,1558,2022-11-13 17:00:00
GB07CGSO42803336272830,1717,2022-11-9 4:00:00
GB95ETTO24607456991617,1867,2022-11-7 4:00:00
GB36KXER40565205079337,1818,2022-11-10 9:00:00
GB51LOPY29489035521705,1071,2022-11-9 12:00:00
GB53DPKD36067915523525,1082,2022-11-8 5:00:00
GB45BZSG80509331833247,1736,2022-11-13 19:00:00
GB44RCVM74095855842695,1668,2022-11-13 5:00:00
GB79KFCK07630758756585,1533,2022-11-8 9:00:00
GB29GDLV90050194005598,1113,2022-11-11 10:00:00
GB36MDTP96067132339332,1580,2022-11-9 6:00:00
GB70ASXS42358100790140,1512,2022-11-13 20:00:00
GB39JRAE93672617251498,1007,2022-11-13 20:00:00
GB35NZAF62717028404079,1265,2022-11-11 15:00:00
GB08CJLT90430134878889,1488,2022-11-7 11:00:00
GB13QSKR66838633575519,1912,2022-11-12 9:00:00
GB48KDTF84581444244555,1921,2022-11-10 20:00:00
GB28IWDI22014090497784,1712,2022-11-7 13:00:00
GB75XVTS12076746277792,1385,2022-11-11 13:00:00
GB21DHYS13510348925836,1166,2022-11-10 18:00:00
GB97WQOL01234760945217,1663,2022-11-11 15:00:00
GB66REUI54729579621808,1752,2022-11-7 15:00:00
GB71EISU77418936260647,1397,2022-11-13 4:00:00
GB64LSAN16452393298948,1114,2022-11-13 9:00:00
GB86BWLN29500910711228,1197,2022-11-11 5:00:00
GB85SFTM40646230531764,1228,2022-11-9 21:00:00
GB28CRAF30035433069403,1560,2022-11-7 16:00:00
GB98XIFY44374193390245,1367,2022-11-13 21:00:00
GB48WYTP82423609556965,1099,2022-11-9 5:00:00
GB33ILGZ02035483965568,1424,2022-11-11 10:00:00
GB24HMOY24317525118376,1918,2022-11-8 18:00:00
GB78CASX21837111653647,1119,2022-11-10 21:00:00
GB12WUIC92477574903851,1483,2022-11-9 11:00:00
GB42IJWQ62319098577524,1937,2022-11-8 15:00:00
GB95AQOQ93153068193737,1263,2022-11-10 8:00:00
GB49ORCM82682291156403,1272,2022-11-7 19:00:00
GB64VYJM98439969989367,1412,2022-11-12 10:00:00
GB83WMRR51686665118322,1069,2022-11-7 9:00:00
GB88IFBT61037683666128,1451,2022-11-9 5:00:00
GB13NMNO49989346306073,1072,2022-11-11 15:00:00
GB58MPQL29861708817630,1679,2022-11-13 6:00:00
GB03UPAK58500016893112,1709,2022-11-13 11:00:00
GB85XYEB81195514122453,1091,2022-11-7 6:00:00
GB42NUUA02694071724592,1964,2022-11-12 19:00:00
GB89WWKW61079687822342,1597,2022-11-13 18:00:00
GB30XTAZ01296634464831,1102,2022-11-9 14:00:00
GB39FZDX57115441293999,1912,2022-11-9 9:00:00
GB51TDBN53409517784821,1307,2022-11-7 14:00:00
GB18RQOR60991026445735,1329,2022-11-8 10:00:00
GB55UMJM69316101981326,1543,2022-11-8 4:00:00
GB68IFOM99030741103426,1389,2022-11-12 4:00:00
GB34HJNC64689908001000,1724,2022-11-7 5:00:00
GB48VSRM05748996988249,1160,2022-11-12 5:00:00
GB23YAMJ91318107706714,1066,2022-11-13 6:00:00
GB64MKRP17722377792768,1983,2022-11-8 7:00:00
GB92KYPF68846393313879,1387,2022-11-9 12:00:00
GB55BYUI51709384590338,1297,2022-11-12 6:00:00
GB19XENI78475187413496,1523,2022-11-11 9:00:00
GB26YHDV72981010013612,1142,2022-11-9 5:00:00
GB28SJFY94040066311043,1336,2022-11-9 13:00:00
GB26WFTQ99602512460010,1372,2022-11-7 15:00:00
GB07LWBL40137330849320,1733,2022-11-10 7:00:00
GB12HMAD04197272352674,1961,2022-11-12 5:00:00
GB56IYZO30218419582700,1337,2022-11-8 18:00:00
GB11AOKR88432553538690,1696,2022-11-11 6:00:00
GB28QPHT79985126816631,1827,2022-11-12 14:00:00
GB56UAJK44540710426852,1064,2022-11-10 17:00:00
GB79XFXZ23262502519963,1141,2022-11-9 7:00:00
GB23ABVV10990938815231,1757,2022-11-9 4:00:00
GB17OAQP45322878473381,1428,2022-11-10 15:00:00
GB04BFIQ04332346369386,1754,2022-11-8 8:00:00
GB69EDAC76752831450279,1986,2022-11-10 17:00:00
GB67YMJD05425653489906,1567,2022-11-7 17:00:00
GB94SWCC36026089540949,1322,2022-11-7 16:00:00
GB73ADXF26231071332993,1899,2022-11-13 21:00:00
GB04MGHY49870230550251,1567,2022-11-12 4:00:00
GB27VBMU81838785391634,1591,2022-11-11 6:00:00
GB76ACUL68122385676097,1444,2022-11-12 20:00:00
GB77DAOC48020872667527,1722,2022-11-13 13:00:00
GB98JMLV73135324755162,1323,2022-11-10 5:00:00
GB81YWIV16940248664853,1396,2022-11-9 9:00:00
GB48SBSD78502123749021,1076,2022-11-11 11:00:00
GB75ROJU30268280131746,1048,2022-11-8 7:00:00
GB20OBBV49382475955075,1240,2022-11-7 8:00:00
GB27NRYW98087113622213,1834,2022-11-12 16:00:00
GB18XARA17947003784316,1259,2022-11-13 5:00:00
GB90EKLC05319785096115,1037,2022-11-12 17:00:00
GB20PWYH19745416140428,1090,2022-11-10 13:00:00
GB45NVJK91967003312483,1612,2022-11-11 14:00:00
GB22QXPZ15175119339026,1139,2022-11-9 9:00:00
GB60ZZSI51627105196496,1193,2022-11-13 20:00:00
GB97IGRL80525522017055,1213,2022-11-9 8:00:00
GB58KTDV04260616305648,1832,2022-11-7 21:00:00
GB18NSUN52104487752278,1960,2022-11-9 9:00:00
GB03YHTV30271386766322,1555,2022-11-10 18:00:00
GB44NYVR01349772069779,1795,2022-11-9 14:00:00
GB60USTX25449375048667,1070,2022-11-11 9:00:00
GB18RDAM14698349610937,1665,2022-11-8 18:00:00
GB05GKKP47232307021590,1652,2022-11-11 21:00:00
GB60FMQX54580024740427,1662,2022-11-12 4:00:00
GB18QUCW52711522890017,1304,2022-11-10 9:00:00
GB36XJIQ11894427917406,1010,2022-11-13 20:00:00
GB96SKEZ85131076838482,1351,2022-11-8 7:00:00
GB04XHYP06019225166878,1084,2022-11-13 6:00:00
GB46JRHT29876850528885,1813,2022-11-13 13:00:00
GB28PNGN26679525789667,1933,2022-11-10 16:00:00
GB98GARF43356419567829,1009,2022-11-9 13:00:00
GB70IEHF55990784895340,1758,2022-11-10 18:00:00
GB78DSWR70549353552261,1850,2022-11-10 16:00:00
GB05GXTR67737888480224,1983,2022-11-7 18:00:00
GB11WBSS44722618982237,1157,2022-11-8 19:00:00
GB18NYFD63968606517238,1219,2022-11-12 21:00:00
GB90WCEG63977108210089,1126,2022-11-8 10:00:00
GB88YFLR88429104570438,1388,2022-11-10 11:00:00
GB04MLNR05940073349582,1372,2022-11-13 16:00:00
GB07TTWV54255468516014,1704,2022-11-7 4:00:00
GB73NADJ31414073755456,1287,2022-11-12 14:00:00
GB97PUWP93938502029724,1647,2022-11-9 16:00:00
GB54TEPJ77373056408008,1497,2022-11-9 18:00:00
GB85TSJM71225797043997,1328,2022-11-13 19:00:00
GB57QAXR48018431082853,1507,2022-11-11 12:00:00
GB37AMOV48432612285177,1334,2022-11-11 8:00:00
GB75IWSD03968474604769,1227,2022-11-12 13:00:00
GB03VCAV98148524972024,1510,2022-11-10 11:00:00
GB12CZJD81806911961161,1876,2022-11-7 19:00:00
GB84SKCL16146693925076,1334,2022-11-12 20:00:00
GB30WXPV66838860036216,1249,2022-11-9 11:00:00
GB93PTVK36416675649188,1406,2022-11-13 20:00:00
GB20XRKY71166193093038,1870,2022-11-8 11:00:00
GB89LYFK57705288215015,1428,2022-11-12 16:00:00
GB18WJLT65502252638901,1662,2022-11-13 12:00:00
GB62ALMY20516951284163,1501,2022-11-7 7:00:00
GB14KAUM09143268333482,1956,2022-11-9 16:00:00
GB71CFPW43488217580282,1029,2022-11-12 8:00:00
GB90AGFM01943233206408,1209,2022-11-12 9:00:00
GB51DWZB89125328856642,1229,2022-11-12 11:00:00
GB26HSVH43622504112661,1318,2022-11-10 9:00:00
GB72QBSO57557204209996,1575,2022-11-8 11:00:00
GB85UNFX78899657623523,1310,2022-11-8 14:00:00
GB38UFRF76970845700545,1737,2022-11-7 15:00:00
GB92KSKZ52484366494340,1952,2022-11-13 6:00:00
