meeting_id,organizer_id,start_timestamp,end_timestamp
32179,1316,2022-12-6 15:00:00,2022-12-6 16:00:00
46144,1458,2022-12-3 13:00:00,2022-12-3 16:00:00
71287,1646,2022-12-7 13:00:00,2022-12-7 15:00:00
23469,1031,2022-12-21 9:00:00,2022-12-21 11:00:00
6956,1140,2022-12-13 12:00:00,2022-12-13 13:00:00
19718,1220,2022-12-20 14:00:00,2022-12-20 17:00:00
27200,1975,2022-12-13 11:00:00,2022-12-13 13:00:00
76965,1440,2022-12-25 10:00:00,2022-12-25 13:00:00
13819,1132,2022-12-27 12:00:00,2022-12-27 14:00:00
98790,1087,2022-12-3 13:00:00,2022-12-3 14:00:00
90143,1182,2022-12-7 10:00:00,2022-12-7 12:00:00
78261,1636,2022-12-23 15:00:00,2022-12-23 17:00:00
78432,1633,2022-12-5 13:00:00,2022-12-5 14:00:00
11258,1733,2022-12-25 9:00:00,2022-12-25 10:00:00
7606,1140,2022-12-4 8:00:00,2022-12-4 9:00:00
40847,1019,2022-12-6 10:00:00,2022-12-6 12:00:00
86318,1971,2022-12-26 14:00:00,2022-12-26 16:00:00
8924,1922,2022-12-6 13:00:00,2022-12-6 14:00:00
25860,1132,2022-12-27 12:00:00,2022-12-27 13:00:00
24271,1605,2022-12-12 11:00:00,2022-12-12 13:00:00
23273,1311,2022-12-23 9:00:00,2022-12-23 10:00:00
5444,1891,2022-12-14 8:00:00,2022-12-14 10:00:00
72550,1477,2022-12-28 14:00:00,2022-12-28 16:00:00
24055,1418,2022-12-8 11:00:00,2022-12-8 12:00:00
79022,1079,2022-12-12 12:00:00,2022-12-12 15:00:00
61716,1452,2022-12-6 10:00:00,2022-12-6 13:00:00
96913,1298,2022-12-16 11:00:00,2022-12-16 12:00:00
95623,1199,2022-12-20 11:00:00,2022-12-20 13:00:00
89781,1199,2022-12-5 13:00:00,2022-12-5 15:00:00
42755,1131,2022-12-25 9:00:00,2022-12-25 12:00:00
33230,1567,2022-12-14 10:00:00,2022-12-14 12:00:00
21654,1044,2022-12-24 11:00:00,2022-12-24 12:00:00
54687,1462,2022-12-10 15:00:00,2022-12-10 17:00:00
31301,1044,2022-12-17 8:00:00,2022-12-17 9:00:00
81103,1440,2022-12-13 14:00:00,2022-12-13 17:00:00
80442,1440,2022-12-3 14:00:00,2022-12-3 15:00:00
78501,1696,2022-12-25 12:00:00,2022-12-25 14:00:00
26216,1891,2022-12-1 14:00:00,2022-12-1 15:00:00
33784,1567,2022-12-16 13:00:00,2022-12-16 16:00:00
11009,1891,2022-12-25 10:00:00,2022-12-25 13:00:00
91722,1389,2022-12-20 13:00:00,2022-12-20 16:00:00
20105,1389,2022-12-1 15:00:00,2022-12-1 17:00:00
19034,1418,2022-12-14 12:00:00,2022-12-14 15:00:00
82093,1646,2022-12-2 14:00:00,2022-12-2 15:00:00
53391,1298,2022-12-10 13:00:00,2022-12-10 15:00:00
86623,1819,2022-12-26 13:00:00,2022-12-26 14:00:00
58991,1962,2022-12-4 15:00:00,2022-12-4 16:00:00
82290,1567,2022-12-19 14:00:00,2022-12-19 17:00:00
78752,1419,2022-12-8 9:00:00,2022-12-8 11:00:00
68206,1316,2022-12-12 9:00:00,2022-12-12 11:00:00
86352,1254,2022-12-18 12:00:00,2022-12-18 14:00:00
4232,1849,2022-12-6 13:00:00,2022-12-6 15:00:00
47821,1567,2022-12-4 13:00:00,2022-12-4 14:00:00
73100,1066,2022-12-3 15:00:00,2022-12-3 18:00:00
24066,1696,2022-12-14 14:00:00,2022-12-14 16:00:00
66427,1561,2022-12-26 9:00:00,2022-12-26 10:00:00
12044,1031,2022-12-7 13:00:00,2022-12-7 16:00:00
23041,1041,2022-12-27 11:00:00,2022-12-27 14:00:00
74215,1011,2022-12-4 9:00:00,2022-12-4 12:00:00
85905,1220,2022-12-26 12:00:00,2022-12-26 13:00:00
71947,1696,2022-12-6 14:00:00,2022-12-6 17:00:00
89786,1311,2022-12-4 15:00:00,2022-12-4 18:00:00
5963,1041,2022-12-15 12:00:00,2022-12-15 15:00:00
59221,1593,2022-12-26 12:00:00,2022-12-26 15:00:00
54516,1696,2022-12-6 14:00:00,2022-12-6 16:00:00
3478,1066,2022-12-22 10:00:00,2022-12-22 12:00:00
15240,1011,2022-12-24 8:00:00,2022-12-24 11:00:00
7568,1633,2022-12-7 12:00:00,2022-12-7 14:00:00
84278,1639,2022-12-28 11:00:00,2022-12-28 14:00:00
99892,1549,2022-12-4 13:00:00,2022-12-4 15:00:00
12948,1801,2022-12-2 10:00:00,2022-12-2 13:00:00
36351,1895,2022-12-10 15:00:00,2022-12-10 17:00:00
53277,1922,2022-12-4 10:00:00,2022-12-4 11:00:00
82316,1378,2022-12-2 12:00:00,2022-12-2 15:00:00
78506,1567,2022-12-24 12:00:00,2022-12-24 13:00:00
16052,1019,2022-12-24 8:00:00,2022-12-24 10:00:00
79920,1087,2022-12-5 12:00:00,2022-12-5 13:00:00
43940,1456,2022-12-26 13:00:00,2022-12-26 14:00:00
756,1891,2022-12-17 15:00:00,2022-12-17 17:00:00
73783,1311,2022-12-19 15:00:00,2022-12-19 18:00:00
36979,1419,2022-12-1 14:00:00,2022-12-1 16:00:00
47596,1696,2022-12-23 14:00:00,2022-12-23 17:00:00
20887,1866,2022-12-13 11:00:00,2022-12-13 12:00:00
36700,1236,2022-12-26 15:00:00,2022-12-26 18:00:00
92392,1265,2022-12-15 15:00:00,2022-12-15 16:00:00
8594,1316,2022-12-13 12:00:00,2022-12-13 13:00:00
15151,1891,2022-12-4 12:00:00,2022-12-4 15:00:00
86905,1182,2022-12-28 15:00:00,2022-12-28 16:00:00
95969,1389,2022-12-19 15:00:00,2022-12-19 17:00:00
88447,1452,2022-12-16 10:00:00,2022-12-16 12:00:00
99075,1389,2022-12-6 13:00:00,2022-12-6 16:00:00
56034,1654,2022-12-5 9:00:00,2022-12-5 10:00:00
91240,1322,2022-12-24 14:00:00,2022-12-24 17:00:00
6406,1311,2022-12-19 8:00:00,2022-12-19 10:00:00
36596,1545,2022-12-8 13:00:00,2022-12-8 15:00:00
76113,1432,2022-12-18 14:00:00,2022-12-18 17:00:00
39089,1873,2022-12-24 10:00:00,2022-12-24 13:00:00
23358,1131,2022-12-10 12:00:00,2022-12-10 13:00:00
17272,1636,2022-12-2 9:00:00,2022-12-2 11:00:00
83766,1549,2022-12-22 15:00:00,2022-12-22 16:00:00
65946,1332,2022-12-16 14:00:00,2022-12-16 17:00:00
92862,1636,2022-12-7 9:00:00,2022-12-7 10:00:00
71715,1079,2022-12-26 11:00:00,2022-12-26 12:00:00
51924,1282,2022-12-19 15:00:00,2022-12-19 18:00:00
43829,1182,2022-12-10 15:00:00,2022-12-10 16:00:00
3514,1938,2022-12-9 12:00:00,2022-12-9 14:00:00
30726,1410,2022-12-14 13:00:00,2022-12-14 16:00:00
8835,1895,2022-12-28 11:00:00,2022-12-28 14:00:00
86378,1087,2022-12-6 12:00:00,2022-12-6 14:00:00
24115,1311,2022-12-18 14:00:00,2022-12-18 17:00:00
70435,1654,2022-12-27 14:00:00,2022-12-27 16:00:00
76009,1322,2022-12-23 8:00:00,2022-12-23 10:00:00
2614,1866,2022-12-4 8:00:00,2022-12-4 11:00:00
98748,1440,2022-12-16 14:00:00,2022-12-16 15:00:00
36926,1026,2022-12-3 9:00:00,2022-12-3 10:00:00
3398,1605,2022-12-17 15:00:00,2022-12-17 17:00:00
29163,1798,2022-12-13 12:00:00,2022-12-13 15:00:00
46534,1964,2022-12-9 13:00:00,2022-12-9 16:00:00
98403,1418,2022-12-8 13:00:00,2022-12-8 16:00:00
16564,1676,2022-12-9 15:00:00,2022-12-9 16:00:00
56801,1695,2022-12-3 13:00:00,2022-12-3 14:00:00
59621,1964,2022-12-7 12:00:00,2022-12-7 13:00:00
94400,1311,2022-12-11 10:00:00,2022-12-11 13:00:00
19999,1549,2022-12-14 13:00:00,2022-12-14 15:00:00
34547,1182,2022-12-27 12:00:00,2022-12-27 13:00:00
60394,1440,2022-12-23 13:00:00,2022-12-23 15:00:00
94512,1316,2022-12-8 11:00:00,2022-12-8 13:00:00
27012,1639,2022-12-14 10:00:00,2022-12-14 11:00:00
1303,1026,2022-12-26 13:00:00,2022-12-26 15:00:00
49123,1378,2022-12-11 11:00:00,2022-12-11 14:00:00
60138,1849,2022-12-9 10:00:00,2022-12-9 11:00:00
55356,1683,2022-12-9 14:00:00,2022-12-9 15:00:00
41194,1440,2022-12-8 11:00:00,2022-12-8 12:00:00
68778,1873,2022-12-18 11:00:00,2022-12-18 14:00:00
31007,1932,2022-12-12 10:00:00,2022-12-12 12:00:00
80378,1120,2022-12-6 15:00:00,2022-12-6 17:00:00
80840,1895,2022-12-26 13:00:00,2022-12-26 14:00:00
20041,1676,2022-12-8 13:00:00,2022-12-8 15:00:00
8802,1829,2022-12-15 15:00:00,2022-12-15 17:00:00
23541,1311,2022-12-25 10:00:00,2022-12-25 13:00:00
45297,1682,2022-12-11 11:00:00,2022-12-11 14:00:00
94553,1932,2022-12-5 15:00:00,2022-12-5 18:00:00
29410,1418,2022-12-14 10:00:00,2022-12-14 13:00:00
3559,1452,2022-12-21 14:00:00,2022-12-21 15:00:00
10717,1311,2022-12-9 8:00:00,2022-12-9 10:00:00
94737,1030,2022-12-14 11:00:00,2022-12-14 14:00:00
538,1418,2022-12-16 12:00:00,2022-12-16 14:00:00
86687,1236,2022-12-24 11:00:00,2022-12-24 13:00:00
47587,1679,2022-12-12 14:00:00,2022-12-12 15:00:00
53540,1932,2022-12-28 12:00:00,2022-12-28 15:00:00
66716,1407,2022-12-26 9:00:00,2022-12-26 10:00:00
29381,1316,2022-12-9 10:00:00,2022-12-9 11:00:00
11993,1131,2022-12-23 8:00:00,2022-12-23 11:00:00
53119,1938,2022-12-25 12:00:00,2022-12-25 13:00:00
55950,1696,2022-12-10 15:00:00,2022-12-10 16:00:00
90222,1962,2022-12-28 13:00:00,2022-12-28 16:00:00
6083,1254,2022-12-26 11:00:00,2022-12-26 14:00:00
13201,1477,2022-12-18 8:00:00,2022-12-18 9:00:00
89206,1316,2022-12-7 12:00:00,2022-12-7 14:00:00
36095,1829,2022-12-11 14:00:00,2022-12-11 17:00:00
16980,1131,2022-12-12 15:00:00,2022-12-12 16:00:00
14832,1332,2022-12-22 13:00:00,2022-12-22 14:00:00
27046,1316,2022-12-11 11:00:00,2022-12-11 12:00:00
8303,1109,2022-12-4 14:00:00,2022-12-4 17:00:00
96240,1971,2022-12-11 8:00:00,2022-12-11 11:00:00
17671,1418,2022-12-24 10:00:00,2022-12-24 11:00:00
26917,1986,2022-12-12 9:00:00,2022-12-12 11:00:00
93990,1921,2022-12-22 9:00:00,2022-12-22 11:00:00
48441,1144,2022-12-2 9:00:00,2022-12-2 11:00:00
22014,1633,2022-12-19 12:00:00,2022-12-19 15:00:00
37902,1026,2022-12-4 10:00:00,2022-12-4 12:00:00
88372,1407,2022-12-4 8:00:00,2022-12-4 11:00:00
67321,1236,2022-12-23 8:00:00,2022-12-23 10:00:00
40604,1891,2022-12-22 10:00:00,2022-12-22 11:00:00
16131,1026,2022-12-3 11:00:00,2022-12-3 13:00:00
71098,1120,2022-12-19 8:00:00,2022-12-19 10:00:00
28257,1419,2022-12-26 11:00:00,2022-12-26 12:00:00
9497,1105,2022-12-4 13:00:00,2022-12-4 16:00:00
38000,1311,2022-12-10 14:00:00,2022-12-10 17:00:00
87537,1041,2022-12-27 9:00:00,2022-12-27 10:00:00
64834,1087,2022-12-20 13:00:00,2022-12-20 15:00:00
82379,1844,2022-12-17 11:00:00,2022-12-17 12:00:00
30135,1298,2022-12-13 8:00:00,2022-12-13 11:00:00
93204,1031,2022-12-26 14:00:00,2022-12-26 15:00:00
69721,1921,2022-12-10 10:00:00,2022-12-10 13:00:00
49853,1849,2022-12-10 10:00:00,2022-12-10 11:00:00
79562,1891,2022-12-23 13:00:00,2022-12-23 14:00:00
99526,1964,2022-12-16 13:00:00,2022-12-16 16:00:00
88634,1938,2022-12-21 14:00:00,2022-12-21 17:00:00
65753,1829,2022-12-14 13:00:00,2022-12-14 14:00:00
2877,1220,2022-12-14 8:00:00,2022-12-14 9:00:00
69725,1844,2022-12-2 12:00:00,2022-12-2 15:00:00
3902,1549,2022-12-21 15:00:00,2022-12-21 16:00:00
30255,1696,2022-12-11 9:00:00,2022-12-11 10:00:00
77132,1044,2022-12-2 9:00:00,2022-12-2 12:00:00
15525,1410,2022-12-1 9:00:00,2022-12-1 11:00:00
66129,1549,2022-12-18 12:00:00,2022-12-18 13:00:00
22895,1019,2022-12-3 11:00:00,2022-12-3 12:00:00
33751,1922,2022-12-8 13:00:00,2022-12-8 14:00:00
27941,1633,2022-12-14 10:00:00,2022-12-14 11:00:00
98623,1866,2022-12-16 14:00:00,2022-12-16 16:00:00
68365,1683,2022-12-5 8:00:00,2022-12-5 9:00:00
7045,1031,2022-12-3 12:00:00,2022-12-3 15:00:00
59629,1636,2022-12-26 15:00:00,2022-12-26 16:00:00
95111,1120,2022-12-10 9:00:00,2022-12-10 12:00:00
18277,1140,2022-12-18 11:00:00,2022-12-18 13:00:00
70755,1567,2022-12-1 9:00:00,2022-12-1 11:00:00
32712,1986,2022-12-28 8:00:00,2022-12-28 11:00:00
88396,1311,2022-12-24 11:00:00,2022-12-24 12:00:00
32005,1524,2022-12-7 11:00:00,2022-12-7 12:00:00
48575,1695,2022-12-18 10:00:00,2022-12-18 12:00:00
77420,1458,2022-12-10 10:00:00,2022-12-10 13:00:00
41073,1458,2022-12-6 15:00:00,2022-12-6 18:00:00
87601,1456,2022-12-11 8:00:00,2022-12-11 10:00:00
11804,1131,2022-12-5 12:00:00,2022-12-5 13:00:00
36184,1545,2022-12-19 13:00:00,2022-12-19 16:00:00
55144,1265,2022-12-1 11:00:00,2022-12-1 12:00:00
3393,1732,2022-12-10 13:00:00,2022-12-10 15:00:00
24771,1891,2022-12-1 15:00:00,2022-12-1 17:00:00
62125,1682,2022-12-18 13:00:00,2022-12-18 14:00:00
71502,1605,2022-12-23 14:00:00,2022-12-23 16:00:00
82828,1938,2022-12-2 8:00:00,2022-12-2 11:00:00
94220,1199,2022-12-12 9:00:00,2022-12-12 10:00:00
91666,1844,2022-12-8 14:00:00,2022-12-8 16:00:00
3794,1801,2022-12-22 12:00:00,2022-12-22 13:00:00
66966,1030,2022-12-6 12:00:00,2022-12-6 13:00:00
80842,1044,2022-12-26 13:00:00,2022-12-26 14:00:00
38358,1605,2022-12-23 13:00:00,2022-12-23 15:00:00
14690,1873,2022-12-28 15:00:00,2022-12-28 17:00:00
75345,1221,2022-12-9 15:00:00,2022-12-9 18:00:00
33593,1695,2022-12-27 11:00:00,2022-12-27 14:00:00
80946,1798,2022-12-22 15:00:00,2022-12-22 18:00:00
49973,1458,2022-12-25 14:00:00,2022-12-25 15:00:00
13421,1911,2022-12-8 9:00:00,2022-12-8 11:00:00
64803,1975,2022-12-7 15:00:00,2022-12-7 16:00:00
28526,1407,2022-12-2 12:00:00,2022-12-2 15:00:00
51731,1849,2022-12-3 10:00:00,2022-12-3 11:00:00
71928,1639,2022-12-20 13:00:00,2022-12-20 14:00:00
36502,1316,2022-12-13 8:00:00,2022-12-13 11:00:00
89361,1679,2022-12-22 9:00:00,2022-12-22 10:00:00
54565,1429,2022-12-19 14:00:00,2022-12-19 16:00:00
86008,1732,2022-12-15 13:00:00,2022-12-15 16:00:00
55461,1109,2022-12-18 10:00:00,2022-12-18 13:00:00
92429,1378,2022-12-1 15:00:00,2022-12-1 18:00:00
31273,1567,2022-12-27 8:00:00,2022-12-27 10:00:00
39625,1849,2022-12-26 14:00:00,2022-12-26 17:00:00
88198,1378,2022-12-2 15:00:00,2022-12-2 17:00:00
40870,1109,2022-12-14 15:00:00,2022-12-14 17:00:00
1818,1891,2022-12-27 15:00:00,2022-12-27 16:00:00
14130,1026,2022-12-1 11:00:00,2022-12-1 13:00:00
65438,1971,2022-12-27 14:00:00,2022-12-27 16:00:00
88268,1105,2022-12-28 15:00:00,2022-12-28 17:00:00
9565,1298,2022-12-10 9:00:00,2022-12-10 10:00:00
19571,1798,2022-12-18 14:00:00,2022-12-18 15:00:00
46037,1007,2022-12-16 13:00:00,2022-12-16 15:00:00
40775,1311,2022-12-25 12:00:00,2022-12-25 13:00:00
49303,1844,2022-12-16 13:00:00,2022-12-16 16:00:00
29562,1105,2022-12-26 15:00:00,2022-12-26 16:00:00
66028,1419,2022-12-8 8:00:00,2022-12-8 9:00:00
20267,1267,2022-12-6 14:00:00,2022-12-6 17:00:00
65412,1561,2022-12-9 13:00:00,2022-12-9 15:00:00
64626,1456,2022-12-3 8:00:00,2022-12-3 11:00:00
10342,1144,2022-12-20 12:00:00,2022-12-20 13:00:00
21118,1026,2022-12-7 13:00:00,2022-12-7 15:00:00
32697,1030,2022-12-6 10:00:00,2022-12-6 13:00:00
29519,1079,2022-12-9 9:00:00,2022-12-9 10:00:00
10949,1932,2022-12-14 15:00:00,2022-12-14 18:00:00
93155,1913,2022-12-6 14:00:00,2022-12-6 16:00:00
29630,1311,2022-12-26 8:00:00,2022-12-26 11:00:00
49757,1440,2022-12-10 14:00:00,2022-12-10 17:00:00
39121,1639,2022-12-27 10:00:00,2022-12-27 12:00:00
34366,1932,2022-12-15 12:00:00,2022-12-15 13:00:00
23264,1199,2022-12-17 10:00:00,2022-12-17 13:00:00
53150,1911,2022-12-1 10:00:00,2022-12-1 12:00:00
59525,1007,2022-12-16 10:00:00,2022-12-16 11:00:00
44707,1819,2022-12-5 10:00:00,2022-12-5 11:00:00
65527,1524,2022-12-6 12:00:00,2022-12-6 14:00:00
54917,1079,2022-12-15 8:00:00,2022-12-15 11:00:00
84274,1007,2022-12-13 12:00:00,2022-12-13 13:00:00
37402,1452,2022-12-23 11:00:00,2022-12-23 12:00:00
76823,1429,2022-12-21 10:00:00,2022-12-21 13:00:00
49185,1407,2022-12-16 11:00:00,2022-12-16 12:00:00
14698,1019,2022-12-1 12:00:00,2022-12-1 14:00:00
52986,1549,2022-12-28 14:00:00,2022-12-28 17:00:00
73729,1656,2022-12-5 14:00:00,2022-12-5 16:00:00
62723,1419,2022-12-5 10:00:00,2022-12-5 12:00:00
34122,1440,2022-12-21 9:00:00,2022-12-21 11:00:00
22299,1041,2022-12-19 11:00:00,2022-12-19 12:00:00
87146,1829,2022-12-17 10:00:00,2022-12-17 13:00:00
10437,1567,2022-12-2 15:00:00,2022-12-2 18:00:00
7043,1378,2022-12-27 13:00:00,2022-12-27 16:00:00
60210,1132,2022-12-1 9:00:00,2022-12-1 12:00:00
26896,1911,2022-12-5 13:00:00,2022-12-5 15:00:00
53021,1044,2022-12-9 15:00:00,2022-12-9 18:00:00
99420,1854,2022-12-10 13:00:00,2022-12-10 14:00:00
76779,1407,2022-12-3 8:00:00,2022-12-3 10:00:00
47261,1636,2022-12-21 9:00:00,2022-12-21 11:00:00
97436,1922,2022-12-28 8:00:00,2022-12-28 9:00:00
80262,1332,2022-12-6 9:00:00,2022-12-6 11:00:00
46535,1891,2022-12-2 12:00:00,2022-12-2 14:00:00
78684,1132,2022-12-8 9:00:00,2022-12-8 11:00:00
35638,1132,2022-12-23 13:00:00,2022-12-23 14:00:00
41656,1452,2022-12-4 8:00:00,2022-12-4 9:00:00
21996,1316,2022-12-26 8:00:00,2022-12-26 10:00:00
79568,1849,2022-12-22 12:00:00,2022-12-22 13:00:00
86643,1696,2022-12-27 9:00:00,2022-12-27 11:00:00
31087,1733,2022-12-3 13:00:00,2022-12-3 15:00:00
53505,1389,2022-12-10 10:00:00,2022-12-10 12:00:00
58446,1298,2022-12-5 15:00:00,2022-12-5 16:00:00
44875,1007,2022-12-2 13:00:00,2022-12-2 14:00:00
87173,1011,2022-12-5 14:00:00,2022-12-5 16:00:00
84506,1144,2022-12-8 14:00:00,2022-12-8 17:00:00
20805,1109,2022-12-2 10:00:00,2022-12-2 11:00:00
73073,1801,2022-12-24 14:00:00,2022-12-24 16:00:00
42176,1031,2022-12-11 10:00:00,2022-12-11 12:00:00
9697,1633,2022-12-24 12:00:00,2022-12-24 14:00:00
66170,1109,2022-12-18 8:00:00,2022-12-18 9:00:00
13113,1265,2022-12-2 14:00:00,2022-12-2 17:00:00
55167,1798,2022-12-6 11:00:00,2022-12-6 14:00:00
74267,1099,2022-12-1 13:00:00,2022-12-1 15:00:00
62715,1311,2022-12-16 15:00:00,2022-12-16 16:00:00
80654,1419,2022-12-9 10:00:00,2022-12-9 12:00:00
47807,1656,2022-12-20 15:00:00,2022-12-20 17:00:00
26163,1891,2022-12-25 9:00:00,2022-12-25 11:00:00
25077,1407,2022-12-12 8:00:00,2022-12-12 9:00:00
20213,1066,2022-12-26 13:00:00,2022-12-26 14:00:00
91458,1567,2022-12-19 15:00:00,2022-12-19 17:00:00
16913,1866,2022-12-20 11:00:00,2022-12-20 13:00:00
37911,1695,2022-12-1 10:00:00,2022-12-1 11:00:00
62923,1376,2022-12-2 15:00:00,2022-12-2 17:00:00
44440,1199,2022-12-7 15:00:00,2022-12-7 17:00:00
23203,1656,2022-12-18 15:00:00,2022-12-18 17:00:00
72681,1407,2022-12-21 14:00:00,2022-12-21 17:00:00
68418,1030,2022-12-22 14:00:00,2022-12-22 17:00:00
97696,1311,2022-12-4 8:00:00,2022-12-4 10:00:00
93460,1654,2022-12-17 11:00:00,2022-12-17 12:00:00
54950,1567,2022-12-1 9:00:00,2022-12-1 12:00:00
81622,1605,2022-12-14 8:00:00,2022-12-14 10:00:00
52261,1733,2022-12-10 12:00:00,2022-12-10 15:00:00
93402,1322,2022-12-10 8:00:00,2022-12-10 11:00:00
79518,1282,2022-12-16 11:00:00,2022-12-16 12:00:00
40954,1911,2022-12-16 10:00:00,2022-12-16 13:00:00
25605,1733,2022-12-3 8:00:00,2022-12-3 11:00:00
8416,1011,2022-12-17 14:00:00,2022-12-17 15:00:00
32814,1679,2022-12-1 8:00:00,2022-12-1 10:00:00
34273,1099,2022-12-12 13:00:00,2022-12-12 14:00:00
21922,1429,2022-12-28 11:00:00,2022-12-28 12:00:00
52898,1109,2022-12-27 8:00:00,2022-12-27 9:00:00
58190,1132,2022-12-4 13:00:00,2022-12-4 14:00:00
82033,1066,2022-12-16 12:00:00,2022-12-16 13:00:00
63791,1524,2022-12-25 14:00:00,2022-12-25 15:00:00
45211,1462,2022-12-18 14:00:00,2022-12-18 17:00:00
74217,1682,2022-12-19 12:00:00,2022-12-19 13:00:00
6374,1199,2022-12-25 8:00:00,2022-12-25 10:00:00
64208,1844,2022-12-6 10:00:00,2022-12-6 12:00:00
4695,1695,2022-12-11 14:00:00,2022-12-11 17:00:00
23574,1378,2022-12-26 12:00:00,2022-12-26 13:00:00
34103,1798,2022-12-6 10:00:00,2022-12-6 13:00:00
98242,1593,2022-12-14 15:00:00,2022-12-14 16:00:00
20897,1932,2022-12-18 14:00:00,2022-12-18 17:00:00
13432,1962,2022-12-8 11:00:00,2022-12-8 14:00:00
90664,1462,2022-12-3 10:00:00,2022-12-3 13:00:00
20544,1682,2022-12-3 10:00:00,2022-12-3 12:00:00
46097,1964,2022-12-23 14:00:00,2022-12-23 15:00:00
59720,1132,2022-12-17 14:00:00,2022-12-17 17:00:00
27150,1932,2022-12-22 13:00:00,2022-12-22 16:00:00
39872,1524,2022-12-7 13:00:00,2022-12-7 14:00:00
62297,1332,2022-12-17 15:00:00,2022-12-17 16:00:00
52455,1429,2022-12-16 13:00:00,2022-12-16 15:00:00
60977,1079,2022-12-5 15:00:00,2022-12-5 17:00:00
54748,1079,2022-12-18 9:00:00,2022-12-18 11:00:00
92553,1646,2022-12-6 12:00:00,2022-12-6 14:00:00
66426,1007,2022-12-14 13:00:00,2022-12-14 14:00:00
24704,1646,2022-12-28 9:00:00,2022-12-28 11:00:00
80142,1026,2022-12-17 15:00:00,2022-12-17 16:00:00
83777,1646,2022-12-13 12:00:00,2022-12-13 14:00:00
27947,1199,2022-12-25 13:00:00,2022-12-25 14:00:00
7561,1895,2022-12-13 14:00:00,2022-12-13 15:00:00
82555,1508,2022-12-16 15:00:00,2022-12-16 18:00:00
18509,1798,2022-12-28 13:00:00,2022-12-28 14:00:00
86236,1131,2022-12-3 15:00:00,2022-12-3 17:00:00
71640,1079,2022-12-15 14:00:00,2022-12-15 16:00:00
83515,1849,2022-12-27 11:00:00,2022-12-27 14:00:00
57145,1911,2022-12-21 13:00:00,2022-12-21 16:00:00
95157,1452,2022-12-26 13:00:00,2022-12-26 16:00:00
3039,1132,2022-12-20 11:00:00,2022-12-20 12:00:00
11885,1975,2022-12-27 14:00:00,2022-12-27 15:00:00
45973,1801,2022-12-14 13:00:00,2022-12-14 15:00:00
43186,1866,2022-12-24 14:00:00,2022-12-24 16:00:00
15267,1561,2022-12-13 10:00:00,2022-12-13 12:00:00
70334,1696,2022-12-27 10:00:00,2022-12-27 12:00:00
81255,1654,2022-12-14 8:00:00,2022-12-14 10:00:00
40468,1087,2022-12-17 8:00:00,2022-12-17 9:00:00
18923,1282,2022-12-6 14:00:00,2022-12-6 17:00:00
88439,1410,2022-12-18 12:00:00,2022-12-18 14:00:00
84589,1819,2022-12-9 15:00:00,2022-12-9 18:00:00
43879,1911,2022-12-3 12:00:00,2022-12-3 15:00:00
81613,1844,2022-12-24 8:00:00,2022-12-24 11:00:00
93868,1462,2022-12-5 13:00:00,2022-12-5 16:00:00
53677,1087,2022-12-25 10:00:00,2022-12-25 12:00:00
23958,1891,2022-12-11 15:00:00,2022-12-11 16:00:00
86908,1144,2022-12-4 8:00:00,2022-12-4 9:00:00
11887,1975,2022-12-14 15:00:00,2022-12-14 17:00:00
75357,1891,2022-12-14 12:00:00,2022-12-14 15:00:00
30462,1866,2022-12-23 13:00:00,2022-12-23 15:00:00
73922,1462,2022-12-1 10:00:00,2022-12-1 12:00:00
4068,1561,2022-12-23 9:00:00,2022-12-23 10:00:00
98180,1477,2022-12-2 10:00:00,2022-12-2 11:00:00
64271,1567,2022-12-2 15:00:00,2022-12-2 16:00:00
30907,1031,2022-12-15 13:00:00,2022-12-15 15:00:00
39313,1376,2022-12-19 10:00:00,2022-12-19 12:00:00
55912,1829,2022-12-27 9:00:00,2022-12-27 11:00:00
49036,1432,2022-12-4 14:00:00,2022-12-4 16:00:00
40501,1545,2022-12-18 8:00:00,2022-12-18 9:00:00
62560,1891,2022-12-17 10:00:00,2022-12-17 12:00:00
72476,1199,2022-12-27 14:00:00,2022-12-27 17:00:00
89586,1440,2022-12-23 12:00:00,2022-12-23 13:00:00
37350,1282,2022-12-7 14:00:00,2022-12-7 15:00:00
91636,1030,2022-12-24 14:00:00,2022-12-24 17:00:00
37172,1819,2022-12-21 9:00:00,2022-12-21 11:00:00
84719,1120,2022-12-12 12:00:00,2022-12-12 15:00:00
27956,1849,2022-12-10 8:00:00,2022-12-10 9:00:00
88983,1220,2022-12-14 12:00:00,2022-12-14 14:00:00
8295,1654,2022-12-11 14:00:00,2022-12-11 16:00:00
42935,1007,2022-12-20 9:00:00,2022-12-20 10:00:00
34115,1683,2022-12-2 14:00:00,2022-12-2 17:00:00
20916,1561,2022-12-22 13:00:00,2022-12-22 16:00:00
94700,1378,2022-12-3 9:00:00,2022-12-3 12:00:00
27785,1430,2022-12-26 10:00:00,2022-12-26 12:00:00
46067,1440,2022-12-16 11:00:00,2022-12-16 12:00:00
98107,1221,2022-12-22 14:00:00,2022-12-22 15:00:00
33222,1429,2022-12-4 11:00:00,2022-12-4 14:00:00
23443,1221,2022-12-21 15:00:00,2022-12-21 16:00:00
19644,1144,2022-12-22 13:00:00,2022-12-22 14:00:00
73340,1410,2022-12-13 11:00:00,2022-12-13 14:00:00
90394,1656,2022-12-15 14:00:00,2022-12-15 15:00:00
12873,1182,2022-12-27 11:00:00,2022-12-27 13:00:00
7783,1986,2022-12-25 9:00:00,2022-12-25 11:00:00
30097,1267,2022-12-7 15:00:00,2022-12-7 16:00:00
40479,1676,2022-12-7 8:00:00,2022-12-7 11:00:00
50120,1975,2022-12-2 8:00:00,2022-12-2 9:00:00
36051,1099,2022-12-6 12:00:00,2022-12-6 14:00:00
19519,1456,2022-12-11 13:00:00,2022-12-11 15:00:00
22204,1938,2022-12-1 10:00:00,2022-12-1 12:00:00
73188,1140,2022-12-2 12:00:00,2022-12-2 13:00:00
81549,1462,2022-12-8 14:00:00,2022-12-8 17:00:00
17292,1798,2022-12-2 13:00:00,2022-12-2 15:00:00
3858,1007,2022-12-24 13:00:00,2022-12-24 15:00:00
2533,1026,2022-12-8 14:00:00,2022-12-8 15:00:00
53230,1636,2022-12-20 12:00:00,2022-12-20 14:00:00
93924,1801,2022-12-22 10:00:00,2022-12-22 13:00:00
49819,1844,2022-12-19 8:00:00,2022-12-19 11:00:00
65418,1873,2022-12-23 11:00:00,2022-12-23 12:00:00
55625,1561,2022-12-17 12:00:00,2022-12-17 15:00:00
36772,1456,2022-12-20 11:00:00,2022-12-20 13:00:00
65607,1322,2022-12-23 15:00:00,2022-12-23 17:00:00
75147,1964,2022-12-8 13:00:00,2022-12-8 14:00:00
44918,1254,2022-12-2 10:00:00,2022-12-2 13:00:00
76877,1019,2022-12-19 9:00:00,2022-12-19 10:00:00
83127,1430,2022-12-21 15:00:00,2022-12-21 17:00:00
99732,1199,2022-12-7 8:00:00,2022-12-7 11:00:00
43753,1829,2022-12-21 10:00:00,2022-12-21 13:00:00
33059,1636,2022-12-1 12:00:00,2022-12-1 15:00:00
52035,1962,2022-12-6 11:00:00,2022-12-6 14:00:00
74770,1921,2022-12-4 8:00:00,2022-12-4 9:00:00
53041,1221,2022-12-26 8:00:00,2022-12-26 9:00:00
72261,1683,2022-12-8 12:00:00,2022-12-8 15:00:00
76658,1132,2022-12-8 13:00:00,2022-12-8 16:00:00
45278,1676,2022-12-12 14:00:00,2022-12-12 16:00:00
74505,1376,2022-12-4 13:00:00,2022-12-4 14:00:00
22629,1477,2022-12-4 8:00:00,2022-12-4 11:00:00
18340,1120,2022-12-18 11:00:00,2022-12-18 14:00:00
60588,1593,2022-12-7 15:00:00,2022-12-7 17:00:00
91679,1041,2022-12-27 14:00:00,2022-12-27 17:00:00
31509,1819,2022-12-23 13:00:00,2022-12-23 16:00:00
79731,1044,2022-12-24 14:00:00,2022-12-24 17:00:00
28585,1508,2022-12-23 13:00:00,2022-12-23 15:00:00
90693,1683,2022-12-26 9:00:00,2022-12-26 10:00:00
53555,1419,2022-12-11 12:00:00,2022-12-11 15:00:00
32471,1410,2022-12-7 9:00:00,2022-12-7 12:00:00
5039,1819,2022-12-13 11:00:00,2022-12-13 13:00:00
72619,1524,2022-12-4 12:00:00,2022-12-4 15:00:00
77048,1913,2022-12-8 9:00:00,2022-12-8 11:00:00
93700,1376,2022-12-14 13:00:00,2022-12-14 15:00:00
81559,1105,2022-12-14 15:00:00,2022-12-14 16:00:00
81907,1733,2022-12-17 9:00:00,2022-12-17 12:00:00
93664,1458,2022-12-4 13:00:00,2022-12-4 15:00:00
57774,1866,2022-12-21 13:00:00,2022-12-21 15:00:00
20660,1019,2022-12-14 8:00:00,2022-12-14 11:00:00
50007,1932,2022-12-2 9:00:00,2022-12-2 10:00:00
75006,1567,2022-12-23 12:00:00,2022-12-23 13:00:00
88020,1407,2022-12-28 12:00:00,2022-12-28 15:00:00
60901,1549,2022-12-4 11:00:00,2022-12-4 12:00:00
92815,1066,2022-12-21 10:00:00,2022-12-21 11:00:00
16438,1636,2022-12-13 15:00:00,2022-12-13 17:00:00
48576,1099,2022-12-15 10:00:00,2022-12-15 11:00:00
36612,1679,2022-12-19 15:00:00,2022-12-19 18:00:00
52274,1322,2022-12-23 11:00:00,2022-12-23 12:00:00
40094,1019,2022-12-4 11:00:00,2022-12-4 13:00:00
1043,1316,2022-12-12 13:00:00,2022-12-12 14:00:00
10084,1477,2022-12-20 12:00:00,2022-12-20 13:00:00
44094,1646,2022-12-18 11:00:00,2022-12-18 14:00:00
56568,1696,2022-12-1 10:00:00,2022-12-1 12:00:00
89074,1410,2022-12-4 15:00:00,2022-12-4 18:00:00
14023,1265,2022-12-13 11:00:00,2022-12-13 14:00:00
73497,1182,2022-12-3 10:00:00,2022-12-3 13:00:00
75601,1921,2022-12-10 9:00:00,2022-12-10 12:00:00
92881,1462,2022-12-8 15:00:00,2022-12-8 16:00:00
74719,1220,2022-12-16 8:00:00,2022-12-16 9:00:00
87576,1679,2022-12-13 9:00:00,2022-12-13 11:00:00
69553,1891,2022-12-20 9:00:00,2022-12-20 12:00:00
76766,1683,2022-12-26 14:00:00,2022-12-26 17:00:00
44244,1120,2022-12-13 9:00:00,2022-12-13 12:00:00
66881,1654,2022-12-13 15:00:00,2022-12-13 16:00:00
70884,1986,2022-12-13 12:00:00,2022-12-13 14:00:00
31321,1144,2022-12-2 15:00:00,2022-12-2 18:00:00
4328,1921,2022-12-24 15:00:00,2022-12-24 18:00:00
71269,1282,2022-12-8 15:00:00,2022-12-8 16:00:00
8928,1389,2022-12-5 15:00:00,2022-12-5 18:00:00
86202,1298,2022-12-22 11:00:00,2022-12-22 12:00:00
8051,1938,2022-12-22 13:00:00,2022-12-22 14:00:00
47601,1429,2022-12-14 14:00:00,2022-12-14 15:00:00
58652,1007,2022-12-13 9:00:00,2022-12-13 11:00:00
76939,1011,2022-12-18 10:00:00,2022-12-18 12:00:00
35172,1508,2022-12-5 11:00:00,2022-12-5 12:00:00
46092,1605,2022-12-1 13:00:00,2022-12-1 15:00:00
43839,1873,2022-12-21 12:00:00,2022-12-21 13:00:00
34629,1322,2022-12-8 11:00:00,2022-12-8 14:00:00
51705,1676,2022-12-22 9:00:00,2022-12-22 10:00:00
92340,1220,2022-12-8 15:00:00,2022-12-8 17:00:00
55692,1440,2022-12-26 9:00:00,2022-12-26 12:00:00
31876,1524,2022-12-18 11:00:00,2022-12-18 13:00:00
86287,1593,2022-12-3 11:00:00,2022-12-3 13:00:00
76491,1298,2022-12-4 13:00:00,2022-12-4 16:00:00
93532,1220,2022-12-23 9:00:00,2022-12-23 12:00:00
5387,1829,2022-12-17 10:00:00,2022-12-17 11:00:00
8731,1066,2022-12-24 15:00:00,2022-12-24 17:00:00
26218,1891,2022-12-15 12:00:00,2022-12-15 13:00:00
52420,1633,2022-12-22 15:00:00,2022-12-22 16:00:00
63082,1549,2022-12-20 15:00:00,2022-12-20 17:00:00
70725,1041,2022-12-15 14:00:00,2022-12-15 15:00:00
893,1891,2022-12-19 13:00:00,2022-12-19 16:00:00
53077,1332,2022-12-6 15:00:00,2022-12-6 16:00:00
72968,1407,2022-12-4 11:00:00,2022-12-4 12:00:00
40201,1140,2022-12-16 14:00:00,2022-12-16 17:00:00
94767,1044,2022-12-16 12:00:00,2022-12-16 14:00:00
87568,1873,2022-12-23 10:00:00,2022-12-23 13:00:00
18583,1079,2022-12-7 14:00:00,2022-12-7 16:00:00
91013,1432,2022-12-23 14:00:00,2022-12-23 16:00:00
70133,1322,2022-12-6 14:00:00,2022-12-6 16:00:00
3500,1844,2022-12-17 10:00:00,2022-12-17 12:00:00
4065,1120,2022-12-5 14:00:00,2022-12-5 17:00:00
71360,1030,2022-12-4 10:00:00,2022-12-4 11:00:00
35137,1938,2022-12-5 10:00:00,2022-12-5 13:00:00
41845,1407,2022-12-27 15:00:00,2022-12-27 17:00:00
98052,1026,2022-12-12 13:00:00,2022-12-12 15:00:00
46456,1432,2022-12-9 14:00:00,2022-12-9 15:00:00
74113,1007,2022-12-27 11:00:00,2022-12-27 14:00:00
29371,1220,2022-12-25 11:00:00,2022-12-25 12:00:00
22035,1079,2022-12-21 8:00:00,2022-12-21 9:00:00
13766,1007,2022-12-6 15:00:00,2022-12-6 18:00:00
70576,1891,2022-12-12 14:00:00,2022-12-12 17:00:00
86010,1105,2022-12-13 9:00:00,2022-12-13 10:00:00
55024,1254,2022-12-14 12:00:00,2022-12-14 13:00:00
99858,1891,2022-12-28 13:00:00,2022-12-28 15:00:00
25571,1844,2022-12-15 12:00:00,2022-12-15 14:00:00
60577,1964,2022-12-3 8:00:00,2022-12-3 11:00:00
83527,1819,2022-12-7 13:00:00,2022-12-7 15:00:00
83175,1829,2022-12-26 13:00:00,2022-12-26 14:00:00
16751,1964,2022-12-15 10:00:00,2022-12-15 12:00:00
56444,1676,2022-12-7 10:00:00,2022-12-7 11:00:00
79540,1545,2022-12-13 11:00:00,2022-12-13 13:00:00
86178,1477,2022-12-3 14:00:00,2022-12-3 15:00:00
56703,1429,2022-12-8 12:00:00,2022-12-8 14:00:00
17122,1031,2022-12-24 10:00:00,2022-12-24 11:00:00
81268,1866,2022-12-25 15:00:00,2022-12-25 17:00:00
18814,1066,2022-12-2 9:00:00,2022-12-2 11:00:00
55797,1407,2022-12-20 14:00:00,2022-12-20 16:00:00
94787,1462,2022-12-28 15:00:00,2022-12-28 17:00:00
64035,1932,2022-12-17 8:00:00,2022-12-17 9:00:00
12143,1298,2022-12-6 12:00:00,2022-12-6 15:00:00
91903,1430,2022-12-12 13:00:00,2022-12-12 14:00:00
21641,1679,2022-12-1 9:00:00,2022-12-1 10:00:00
49538,1844,2022-12-6 14:00:00,2022-12-6 16:00:00
89524,1679,2022-12-5 12:00:00,2022-12-5 13:00:00
63633,1938,2022-12-20 11:00:00,2022-12-20 14:00:00
99397,1679,2022-12-2 13:00:00,2022-12-2 15:00:00
27226,1087,2022-12-23 10:00:00,2022-12-23 13:00:00
59684,1913,2022-12-12 10:00:00,2022-12-12 13:00:00
33860,1418,2022-12-20 12:00:00,2022-12-20 14:00:00
39599,1011,2022-12-18 11:00:00,2022-12-18 13:00:00
50354,1011,2022-12-22 10:00:00,2022-12-22 12:00:00
22650,1120,2022-12-28 14:00:00,2022-12-28 15:00:00
26835,1656,2022-12-1 12:00:00,2022-12-1 14:00:00
67860,1524,2022-12-24 8:00:00,2022-12-24 9:00:00
67405,1440,2022-12-20 10:00:00,2022-12-20 11:00:00
95603,1378,2022-12-18 15:00:00,2022-12-18 18:00:00
72618,1026,2022-12-3 12:00:00,2022-12-3 15:00:00
13617,1099,2022-12-11 8:00:00,2022-12-11 9:00:00
97798,1429,2022-12-2 14:00:00,2022-12-2 16:00:00
44332,1418,2022-12-17 13:00:00,2022-12-17 16:00:00
7925,1144,2022-12-14 11:00:00,2022-12-14 14:00:00
56298,1549,2022-12-15 11:00:00,2022-12-15 14:00:00
4644,1140,2022-12-7 10:00:00,2022-12-7 13:00:00
12051,1733,2022-12-12 12:00:00,2022-12-12 14:00:00
77852,1829,2022-12-20 11:00:00,2022-12-20 12:00:00
53639,1975,2022-12-13 14:00:00,2022-12-13 15:00:00
81369,1683,2022-12-5 8:00:00,2022-12-5 11:00:00
55394,1221,2022-12-28 10:00:00,2022-12-28 12:00:00
75000,1182,2022-12-25 15:00:00,2022-12-25 17:00:00
12515,1921,2022-12-5 13:00:00,2022-12-5 16:00:00
63773,1891,2022-12-23 13:00:00,2022-12-23 16:00:00
41342,1895,2022-12-20 11:00:00,2022-12-20 13:00:00
43798,1220,2022-12-17 15:00:00,2022-12-17 17:00:00
13825,1971,2022-12-19 14:00:00,2022-12-19 15:00:00
93048,1545,2022-12-15 12:00:00,2022-12-15 15:00:00
80341,1986,2022-12-2 13:00:00,2022-12-2 16:00:00
21280,1418,2022-12-4 12:00:00,2022-12-4 15:00:00
31872,1220,2022-12-21 10:00:00,2022-12-21 12:00:00
39040,1732,2022-12-26 15:00:00,2022-12-26 16:00:00
38013,1866,2022-12-14 12:00:00,2022-12-14 14:00:00
91843,1031,2022-12-9 15:00:00,2022-12-9 16:00:00
15494,1971,2022-12-9 15:00:00,2022-12-9 17:00:00
28668,1099,2022-12-18 15:00:00,2022-12-18 17:00:00
93627,1866,2022-12-24 15:00:00,2022-12-24 17:00:00
69359,1066,2022-12-9 15:00:00,2022-12-9 16:00:00
42373,1683,2022-12-2 9:00:00,2022-12-2 11:00:00
49549,1932,2022-12-7 13:00:00,2022-12-7 14:00:00
6596,1656,2022-12-23 12:00:00,2022-12-23 14:00:00
39422,1440,2022-12-2 14:00:00,2022-12-2 17:00:00
2305,1891,2022-12-12 8:00:00,2022-12-12 9:00:00
54054,1109,2022-12-9 9:00:00,2022-12-9 10:00:00
56243,1971,2022-12-7 11:00:00,2022-12-7 13:00:00
70781,1922,2022-12-27 13:00:00,2022-12-27 14:00:00
17677,1633,2022-12-22 15:00:00,2022-12-22 18:00:00
97143,1332,2022-12-27 8:00:00,2022-12-27 11:00:00
44771,1561,2022-12-23 8:00:00,2022-12-23 10:00:00
39999,1236,2022-12-24 11:00:00,2022-12-24 12:00:00
75775,1646,2022-12-8 14:00:00,2022-12-8 17:00:00
70951,1549,2022-12-3 12:00:00,2022-12-3 15:00:00
38309,1019,2022-12-4 15:00:00,2022-12-4 16:00:00
15844,1432,2022-12-6 13:00:00,2022-12-6 14:00:00
30182,1866,2022-12-19 15:00:00,2022-12-19 16:00:00
55530,1567,2022-12-21 12:00:00,2022-12-21 13:00:00
81054,1236,2022-12-20 13:00:00,2022-12-20 15:00:00
86046,1849,2022-12-14 14:00:00,2022-12-14 16:00:00
56729,1041,2022-12-14 14:00:00,2022-12-14 17:00:00
15528,1676,2022-12-4 10:00:00,2022-12-4 13:00:00
95446,1873,2022-12-11 12:00:00,2022-12-11 13:00:00
61931,1682,2022-12-6 13:00:00,2022-12-6 16:00:00
37103,1376,2022-12-26 12:00:00,2022-12-26 14:00:00
88908,1866,2022-12-5 9:00:00,2022-12-5 11:00:00
14564,1440,2022-12-11 11:00:00,2022-12-11 12:00:00
60544,1087,2022-12-23 11:00:00,2022-12-23 14:00:00
94918,1646,2022-12-5 11:00:00,2022-12-5 14:00:00
43851,1458,2022-12-4 12:00:00,2022-12-4 14:00:00
48931,1654,2022-12-1 14:00:00,2022-12-1 17:00:00
87290,1282,2022-12-11 9:00:00,2022-12-11 11:00:00
3098,1695,2022-12-4 11:00:00,2022-12-4 13:00:00
11772,1322,2022-12-2 11:00:00,2022-12-2 13:00:00
65163,1679,2022-12-13 14:00:00,2022-12-13 15:00:00
58906,1593,2022-12-6 8:00:00,2022-12-6 10:00:00
32783,1430,2022-12-19 13:00:00,2022-12-19 15:00:00
30326,1545,2022-12-23 14:00:00,2022-12-23 15:00:00
76013,1199,2022-12-7 12:00:00,2022-12-7 14:00:00
59941,1440,2022-12-7 14:00:00,2022-12-7 17:00:00
73006,1549,2022-12-8 13:00:00,2022-12-8 15:00:00
8833,1986,2022-12-6 14:00:00,2022-12-6 15:00:00
26790,1389,2022-12-12 12:00:00,2022-12-12 13:00:00
17270,1007,2022-12-27 9:00:00,2022-12-27 10:00:00
35506,1456,2022-12-10 8:00:00,2022-12-10 9:00:00
53944,1452,2022-12-10 11:00:00,2022-12-10 12:00:00
26170,1410,2022-12-5 12:00:00,2022-12-5 14:00:00
83887,1019,2022-12-27 9:00:00,2022-12-27 12:00:00
95650,1962,2022-12-8 13:00:00,2022-12-8 15:00:00
1920,1844,2022-12-15 13:00:00,2022-12-15 14:00:00
51773,1011,2022-12-13 10:00:00,2022-12-13 11:00:00
68556,1432,2022-12-3 11:00:00,2022-12-3 14:00:00
41278,1332,2022-12-10 8:00:00,2022-12-10 9:00:00
75975,1679,2022-12-14 11:00:00,2022-12-14 14:00:00
5869,1419,2022-12-5 11:00:00,2022-12-5 12:00:00
16423,1131,2022-12-15 11:00:00,2022-12-15 14:00:00
3670,1407,2022-12-20 12:00:00,2022-12-20 14:00:00
85481,1144,2022-12-1 12:00:00,2022-12-1 13:00:00
89157,1030,2022-12-21 14:00:00,2022-12-21 17:00:00
14584,1182,2022-12-13 13:00:00,2022-12-13 16:00:00
62961,1829,2022-12-4 9:00:00,2022-12-4 10:00:00
73392,1332,2022-12-21 13:00:00,2022-12-21 15:00:00
24986,1140,2022-12-20 13:00:00,2022-12-20 16:00:00
53733,1452,2022-12-1 11:00:00,2022-12-1 12:00:00
89924,1267,2022-12-27 12:00:00,2022-12-27 14:00:00
17079,1938,2022-12-1 14:00:00,2022-12-1 15:00:00
68657,1267,2022-12-27 8:00:00,2022-12-27 11:00:00
57668,1407,2022-12-13 11:00:00,2022-12-13 12:00:00
67999,1030,2022-12-13 9:00:00,2022-12-13 12:00:00
51600,1854,2022-12-12 15:00:00,2022-12-12 18:00:00
92823,1866,2022-12-19 11:00:00,2022-12-19 12:00:00
28754,1683,2022-12-24 12:00:00,2022-12-24 14:00:00
56435,1636,2022-12-25 14:00:00,2022-12-25 17:00:00
75440,1975,2022-12-19 9:00:00,2022-12-19 12:00:00
80489,1105,2022-12-26 12:00:00,2022-12-26 13:00:00
78351,1975,2022-12-8 11:00:00,2022-12-8 12:00:00
86003,1605,2022-12-27 14:00:00,2022-12-27 17:00:00
80501,1019,2022-12-7 13:00:00,2022-12-7 15:00:00
6183,1682,2022-12-20 10:00:00,2022-12-20 11:00:00
83168,1911,2022-12-3 14:00:00,2022-12-3 16:00:00
21815,1962,2022-12-18 9:00:00,2022-12-18 10:00:00
1861,1682,2022-12-3 15:00:00,2022-12-3 17:00:00
1741,1733,2022-12-15 15:00:00,2022-12-15 17:00:00
6818,1456,2022-12-3 14:00:00,2022-12-3 15:00:00
47924,1683,2022-12-20 13:00:00,2022-12-20 14:00:00
18067,1144,2022-12-20 13:00:00,2022-12-20 14:00:00
27017,1593,2022-12-17 9:00:00,2022-12-17 11:00:00
67114,1656,2022-12-27 14:00:00,2022-12-27 16:00:00
37470,1236,2022-12-22 12:00:00,2022-12-22 14:00:00
44720,1605,2022-12-28 8:00:00,2022-12-28 10:00:00
22297,1819,2022-12-23 10:00:00,2022-12-23 13:00:00
22404,1452,2022-12-27 12:00:00,2022-12-27 14:00:00
60002,1452,2022-12-12 15:00:00,2022-12-12 18:00:00
75043,1508,2022-12-14 10:00:00,2022-12-14 13:00:00
36684,1011,2022-12-26 14:00:00,2022-12-26 15:00:00
27995,1676,2022-12-24 14:00:00,2022-12-24 16:00:00
35142,1132,2022-12-26 10:00:00,2022-12-26 13:00:00
76386,1844,2022-12-16 10:00:00,2022-12-16 12:00:00
44329,1866,2022-12-6 14:00:00,2022-12-6 15:00:00
95146,1895,2022-12-4 10:00:00,2022-12-4 11:00:00
1865,1801,2022-12-22 14:00:00,2022-12-22 15:00:00
60836,1140,2022-12-16 9:00:00,2022-12-16 12:00:00
62881,1646,2022-12-6 11:00:00,2022-12-6 14:00:00
92634,1732,2022-12-3 10:00:00,2022-12-3 12:00:00
53056,1696,2022-12-15 8:00:00,2022-12-15 11:00:00
36055,1676,2022-12-5 10:00:00,2022-12-5 13:00:00
13200,1798,2022-12-11 12:00:00,2022-12-11 14:00:00
43180,1407,2022-12-8 9:00:00,2022-12-8 10:00:00
24368,1267,2022-12-16 12:00:00,2022-12-16 15:00:00
21999,1913,2022-12-8 13:00:00,2022-12-8 15:00:00
56405,1462,2022-12-25 8:00:00,2022-12-25 9:00:00
62730,1971,2022-12-12 14:00:00,2022-12-12 17:00:00
2413,1854,2022-12-9 11:00:00,2022-12-9 12:00:00
88932,1695,2022-12-27 11:00:00,2022-12-27 12:00:00
20538,1430,2022-12-28 12:00:00,2022-12-28 15:00:00
4865,1695,2022-12-9 9:00:00,2022-12-9 12:00:00
74347,1932,2022-12-6 8:00:00,2022-12-6 11:00:00
58256,1265,2022-12-3 11:00:00,2022-12-3 14:00:00
46809,1220,2022-12-15 10:00:00,2022-12-15 11:00:00
51554,1026,2022-12-9 9:00:00,2022-12-9 11:00:00
7386,1964,2022-12-28 11:00:00,2022-12-28 12:00:00
95358,1131,2022-12-6 8:00:00,2022-12-6 9:00:00
29929,1462,2022-12-13 10:00:00,2022-12-13 12:00:00
35737,1654,2022-12-20 10:00:00,2022-12-20 11:00:00
12035,1140,2022-12-20 13:00:00,2022-12-20 16:00:00
63790,1440,2022-12-22 15:00:00,2022-12-22 17:00:00
97991,1120,2022-12-1 13:00:00,2022-12-1 15:00:00
91704,1964,2022-12-12 8:00:00,2022-12-12 9:00:00
94889,1986,2022-12-9 11:00:00,2022-12-9 12:00:00
16364,1964,2022-12-9 8:00:00,2022-12-9 9:00:00
84142,1639,2022-12-10 12:00:00,2022-12-10 15:00:00
11240,1131,2022-12-20 13:00:00,2022-12-20 16:00:00
48649,1636,2022-12-13 14:00:00,2022-12-13 17:00:00
88774,1267,2022-12-11 9:00:00,2022-12-11 12:00:00
58316,1282,2022-12-1 13:00:00,2022-12-1 14:00:00
57936,1679,2022-12-26 10:00:00,2022-12-26 12:00:00
22747,1407,2022-12-6 15:00:00,2022-12-6 18:00:00
59713,1696,2022-12-13 14:00:00,2022-12-13 17:00:00
25927,1676,2022-12-26 11:00:00,2022-12-26 14:00:00
65917,1419,2022-12-10 12:00:00,2022-12-10 14:00:00
16609,1099,2022-12-8 9:00:00,2022-12-8 12:00:00
18517,1986,2022-12-9 10:00:00,2022-12-9 13:00:00
77931,1683,2022-12-2 10:00:00,2022-12-2 12:00:00
98135,1407,2022-12-1 9:00:00,2022-12-1 12:00:00
44928,1031,2022-12-9 13:00:00,2022-12-9 16:00:00
7548,1311,2022-12-12 11:00:00,2022-12-12 13:00:00
29050,1696,2022-12-27 10:00:00,2022-12-27 11:00:00
75610,1646,2022-12-19 14:00:00,2022-12-19 15:00:00
56754,1432,2022-12-2 15:00:00,2022-12-2 17:00:00
87245,1679,2022-12-22 13:00:00,2022-12-22 14:00:00
13595,1066,2022-12-22 12:00:00,2022-12-22 15:00:00
4252,1975,2022-12-9 9:00:00,2022-12-9 11:00:00
70910,1221,2022-12-16 15:00:00,2022-12-16 17:00:00
23879,1819,2022-12-22 15:00:00,2022-12-22 17:00:00
5824,1819,2022-12-8 10:00:00,2022-12-8 11:00:00
95448,1798,2022-12-4 11:00:00,2022-12-4 13:00:00
88120,1986,2022-12-27 10:00:00,2022-12-27 12:00:00
94940,1011,2022-12-16 14:00:00,2022-12-16 15:00:00
31987,1376,2022-12-15 9:00:00,2022-12-15 11:00:00
52288,1695,2022-12-9 13:00:00,2022-12-9 16:00:00
2214,1007,2022-12-11 10:00:00,2022-12-11 11:00:00
29249,1144,2022-12-28 13:00:00,2022-12-28 14:00:00
90963,1144,2022-12-19 11:00:00,2022-12-19 13:00:00
40743,1873,2022-12-13 11:00:00,2022-12-13 12:00:00
46661,1132,2022-12-18 14:00:00,2022-12-18 17:00:00
89705,1676,2022-12-13 12:00:00,2022-12-13 15:00:00
40687,1656,2022-12-27 9:00:00,2022-12-27 10:00:00
59423,1031,2022-12-11 15:00:00,2022-12-11 18:00:00
83623,1316,2022-12-19 11:00:00,2022-12-19 14:00:00
95901,1636,2022-12-19 10:00:00,2022-12-19 12:00:00
1210,1695,2022-12-6 10:00:00,2022-12-6 12:00:00
1931,1140,2022-12-8 15:00:00,2022-12-8 18:00:00
89019,1311,2022-12-28 12:00:00,2022-12-28 14:00:00
99578,1456,2022-12-10 11:00:00,2022-12-10 12:00:00
19884,1549,2022-12-24 15:00:00,2022-12-24 16:00:00
84005,1593,2022-12-21 8:00:00,2022-12-21 10:00:00
65748,1922,2022-12-19 9:00:00,2022-12-19 11:00:00
99552,1140,2022-12-26 11:00:00,2022-12-26 12:00:00
84570,1849,2022-12-26 10:00:00,2022-12-26 11:00:00
4211,1913,2022-12-13 13:00:00,2022-12-13 15:00:00
21976,1311,2022-12-10 12:00:00,2022-12-10 13:00:00
12665,1440,2022-12-17 11:00:00,2022-12-17 13:00:00
85193,1593,2022-12-26 11:00:00,2022-12-26 12:00:00
70092,1682,2022-12-12 8:00:00,2022-12-12 11:00:00
71494,1440,2022-12-8 8:00:00,2022-12-8 9:00:00
40100,1696,2022-12-20 14:00:00,2022-12-20 16:00:00
19709,1007,2022-12-7 13:00:00,2022-12-7 16:00:00
50824,1932,2022-12-5 12:00:00,2022-12-5 15:00:00
80105,1236,2022-12-20 8:00:00,2022-12-20 10:00:00
18783,1282,2022-12-22 12:00:00,2022-12-22 15:00:00
47397,1971,2022-12-25 15:00:00,2022-12-25 18:00:00
3566,1866,2022-12-27 11:00:00,2022-12-27 14:00:00
26430,1316,2022-12-2 14:00:00,2022-12-2 16:00:00
91870,1844,2022-12-23 12:00:00,2022-12-23 14:00:00
49476,1267,2022-12-26 14:00:00,2022-12-26 16:00:00
33686,1633,2022-12-9 15:00:00,2022-12-9 17:00:00
66974,1971,2022-12-20 14:00:00,2022-12-20 16:00:00
84509,1452,2022-12-16 9:00:00,2022-12-16 10:00:00
13526,1418,2022-12-13 11:00:00,2022-12-13 14:00:00
34228,1654,2022-12-4 9:00:00,2022-12-4 12:00:00
53992,1440,2022-12-23 11:00:00,2022-12-23 14:00:00
13197,1593,2022-12-16 15:00:00,2022-12-16 16:00:00
36987,1891,2022-12-10 14:00:00,2022-12-10 16:00:00
10917,1913,2022-12-2 15:00:00,2022-12-2 16:00:00
91007,1044,2022-12-12 15:00:00,2022-12-12 16:00:00
27996,1524,2022-12-15 11:00:00,2022-12-15 13:00:00
80777,1030,2022-12-14 9:00:00,2022-12-14 10:00:00
77275,1477,2022-12-8 14:00:00,2022-12-8 16:00:00
65133,1679,2022-12-5 10:00:00,2022-12-5 11:00:00
71151,1041,2022-12-8 12:00:00,2022-12-8 13:00:00
84306,1938,2022-12-2 15:00:00,2022-12-2 16:00:00
87616,1007,2022-12-8 12:00:00,2022-12-8 14:00:00
46633,1962,2022-12-18 15:00:00,2022-12-18 17:00:00
22963,1829,2022-12-3 8:00:00,2022-12-3 9:00:00
58557,1819,2022-12-14 10:00:00,2022-12-14 11:00:00
32059,1044,2022-12-16 15:00:00,2022-12-16 18:00:00
96292,1432,2022-12-9 15:00:00,2022-12-9 18:00:00
91867,1656,2022-12-21 13:00:00,2022-12-21 16:00:00
85082,1922,2022-12-5 14:00:00,2022-12-5 16:00:00
3352,1654,2022-12-13 13:00:00,2022-12-13 15:00:00
40372,1639,2022-12-20 11:00:00,2022-12-20 14:00:00
14537,1376,2022-12-18 15:00:00,2022-12-18 16:00:00
8678,1440,2022-12-20 15:00:00,2022-12-20 18:00:00
86392,1199,2022-12-3 9:00:00,2022-12-3 11:00:00
88843,1683,2022-12-18 9:00:00,2022-12-18 11:00:00
2544,1654,2022-12-14 12:00:00,2022-12-14 15:00:00
97910,1798,2022-12-20 14:00:00,2022-12-20 15:00:00
46468,1639,2022-12-9 14:00:00,2022-12-9 16:00:00
12341,1378,2022-12-11 9:00:00,2022-12-11 11:00:00
70733,1236,2022-12-20 8:00:00,2022-12-20 10:00:00
15524,1545,2022-12-23 11:00:00,2022-12-23 13:00:00
78009,1311,2022-12-6 12:00:00,2022-12-6 15:00:00
70377,1131,2022-12-13 9:00:00,2022-12-13 12:00:00
49695,1144,2022-12-15 13:00:00,2022-12-15 14:00:00
35779,1593,2022-12-9 8:00:00,2022-12-9 10:00:00
47959,1254,2022-12-24 10:00:00,2022-12-24 11:00:00
62521,1199,2022-12-1 10:00:00,2022-12-1 11:00:00
31311,1891,2022-12-17 15:00:00,2022-12-17 16:00:00
92484,1733,2022-12-6 14:00:00,2022-12-6 15:00:00
26939,1921,2022-12-9 13:00:00,2022-12-9 14:00:00
15741,1549,2022-12-2 12:00:00,2022-12-2 15:00:00
36105,1682,2022-12-23 10:00:00,2022-12-23 11:00:00
6634,1798,2022-12-10 8:00:00,2022-12-10 11:00:00
46998,1265,2022-12-22 13:00:00,2022-12-22 16:00:00
81446,1986,2022-12-13 9:00:00,2022-12-13 12:00:00
41224,1182,2022-12-26 9:00:00,2022-12-26 10:00:00
13002,1798,2022-12-4 8:00:00,2022-12-4 11:00:00
74105,1633,2022-12-2 14:00:00,2022-12-2 15:00:00
9245,1849,2022-12-4 10:00:00,2022-12-4 13:00:00
927,1311,2022-12-22 9:00:00,2022-12-22 11:00:00
30554,1844,2022-12-6 15:00:00,2022-12-6 16:00:00
28353,1452,2022-12-6 9:00:00,2022-12-6 10:00:00
24031,1066,2022-12-5 13:00:00,2022-12-5 14:00:00
64221,1477,2022-12-12 15:00:00,2022-12-12 18:00:00
56449,1410,2022-12-3 14:00:00,2022-12-3 16:00:00
51716,1410,2022-12-3 9:00:00,2022-12-3 10:00:00
17510,1462,2022-12-23 15:00:00,2022-12-23 16:00:00
62026,1236,2022-12-6 9:00:00,2022-12-6 11:00:00
35272,1221,2022-12-11 10:00:00,2022-12-11 11:00:00
69722,1932,2022-12-25 14:00:00,2022-12-25 16:00:00
84487,1508,2022-12-6 12:00:00,2022-12-6 14:00:00
76963,1099,2022-12-7 8:00:00,2022-12-7 10:00:00
15436,1298,2022-12-8 13:00:00,2022-12-8 14:00:00
34341,1140,2022-12-2 9:00:00,2022-12-2 10:00:00
73459,1458,2022-12-3 15:00:00,2022-12-3 18:00:00
80668,1099,2022-12-10 14:00:00,2022-12-10 15:00:00
99264,1844,2022-12-10 9:00:00,2022-12-10 11:00:00
41474,1429,2022-12-26 10:00:00,2022-12-26 13:00:00
94883,1683,2022-12-4 13:00:00,2022-12-4 16:00:00
63476,1922,2022-12-20 8:00:00,2022-12-20 10:00:00
83874,1549,2022-12-17 15:00:00,2022-12-17 16:00:00
48528,1458,2022-12-8 14:00:00,2022-12-8 16:00:00
3963,1430,2022-12-16 15:00:00,2022-12-16 17:00:00
10018,1829,2022-12-14 13:00:00,2022-12-14 14:00:00
28367,1109,2022-12-22 10:00:00,2022-12-22 12:00:00
36492,1378,2022-12-21 13:00:00,2022-12-21 15:00:00
83886,1026,2022-12-24 13:00:00,2022-12-24 14:00:00
53642,1440,2022-12-23 15:00:00,2022-12-23 17:00:00
45821,1913,2022-12-27 10:00:00,2022-12-27 13:00:00
90777,1732,2022-12-18 13:00:00,2022-12-18 14:00:00
71091,1873,2022-12-12 8:00:00,2022-12-12 9:00:00
9139,1561,2022-12-25 12:00:00,2022-12-25 13:00:00
54192,1844,2022-12-10 15:00:00,2022-12-10 18:00:00
79593,1508,2022-12-27 13:00:00,2022-12-27 16:00:00
22698,1508,2022-12-25 12:00:00,2022-12-25 15:00:00
79761,1087,2022-12-7 9:00:00,2022-12-7 11:00:00
94097,1971,2022-12-17 12:00:00,2022-12-17 14:00:00
74021,1407,2022-12-7 12:00:00,2022-12-7 13:00:00
86655,1593,2022-12-24 11:00:00,2022-12-24 12:00:00
20904,1316,2022-12-15 11:00:00,2022-12-15 13:00:00
98958,1267,2022-12-8 12:00:00,2022-12-8 15:00:00
81425,1922,2022-12-1 8:00:00,2022-12-1 11:00:00
82735,1975,2022-12-26 10:00:00,2022-12-26 11:00:00
11396,1011,2022-12-4 9:00:00,2022-12-4 10:00:00
98655,1131,2022-12-5 10:00:00,2022-12-5 12:00:00
22846,1452,2022-12-11 10:00:00,2022-12-11 13:00:00
57880,1462,2022-12-5 12:00:00,2022-12-5 15:00:00
82051,1099,2022-12-23 8:00:00,2022-12-23 10:00:00
40755,1964,2022-12-21 13:00:00,2022-12-21 14:00:00
42403,1199,2022-12-22 13:00:00,2022-12-22 14:00:00
55075,1844,2022-12-22 12:00:00,2022-12-22 15:00:00
51320,1298,2022-12-9 15:00:00,2022-12-9 18:00:00
2095,1654,2022-12-19 8:00:00,2022-12-19 10:00:00
58862,1695,2022-12-20 9:00:00,2022-12-20 12:00:00
36942,1849,2022-12-15 12:00:00,2022-12-15 13:00:00
76328,1298,2022-12-4 10:00:00,2022-12-4 13:00:00
42576,1683,2022-12-1 9:00:00,2022-12-1 12:00:00
65118,1819,2022-12-25 12:00:00,2022-12-25 13:00:00
510,1683,2022-12-13 10:00:00,2022-12-13 11:00:00
57050,1452,2022-12-22 10:00:00,2022-12-22 12:00:00
60895,1418,2022-12-16 9:00:00,2022-12-16 12:00:00
97751,1891,2022-12-21 13:00:00,2022-12-21 16:00:00
22255,1132,2022-12-21 14:00:00,2022-12-21 15:00:00
5694,1430,2022-12-23 8:00:00,2022-12-23 11:00:00
21953,1407,2022-12-12 13:00:00,2022-12-12 16:00:00
79271,1676,2022-12-18 14:00:00,2022-12-18 17:00:00
28564,1011,2022-12-17 14:00:00,2022-12-17 16:00:00
95833,1567,2022-12-4 11:00:00,2022-12-4 12:00:00
8308,1322,2022-12-8 8:00:00,2022-12-8 11:00:00
76051,1221,2022-12-13 9:00:00,2022-12-13 12:00:00
62172,1938,2022-12-22 11:00:00,2022-12-22 14:00:00
72951,1849,2022-12-6 8:00:00,2022-12-6 10:00:00
85525,1733,2022-12-10 9:00:00,2022-12-10 11:00:00
88685,1440,2022-12-28 15:00:00,2022-12-28 17:00:00
34940,1066,2022-12-12 14:00:00,2022-12-12 17:00:00
14516,1418,2022-12-4 10:00:00,2022-12-4 11:00:00
35314,1030,2022-12-15 13:00:00,2022-12-15 16:00:00
57285,1975,2022-12-8 15:00:00,2022-12-8 18:00:00
82323,1854,2022-12-17 10:00:00,2022-12-17 13:00:00
93825,1389,2022-12-5 11:00:00,2022-12-5 12:00:00
13454,1432,2022-12-23 12:00:00,2022-12-23 13:00:00
25256,1696,2022-12-11 11:00:00,2022-12-11 12:00:00
9217,1440,2022-12-2 13:00:00,2022-12-2 16:00:00
60839,1430,2022-12-26 12:00:00,2022-12-26 15:00:00
62474,1236,2022-12-16 10:00:00,2022-12-16 11:00:00
22191,1508,2022-12-26 15:00:00,2022-12-26 16:00:00
43423,1866,2022-12-16 8:00:00,2022-12-16 11:00:00
57973,1199,2022-12-14 8:00:00,2022-12-14 10:00:00
81979,1026,2022-12-10 12:00:00,2022-12-10 14:00:00
5961,1220,2022-12-4 12:00:00,2022-12-4 15:00:00
75027,1430,2022-12-23 11:00:00,2022-12-23 14:00:00
64258,1452,2022-12-16 9:00:00,2022-12-16 11:00:00
27802,1030,2022-12-13 15:00:00,2022-12-13 17:00:00
84010,1938,2022-12-11 13:00:00,2022-12-11 15:00:00
91193,1922,2022-12-7 11:00:00,2022-12-7 12:00:00
38998,1376,2022-12-8 11:00:00,2022-12-8 13:00:00
57056,1895,2022-12-4 12:00:00,2022-12-4 14:00:00
40605,1007,2022-12-2 13:00:00,2022-12-2 16:00:00
65209,1311,2022-12-13 12:00:00,2022-12-13 15:00:00
22993,1913,2022-12-28 8:00:00,2022-12-28 11:00:00
93922,1131,2022-12-25 8:00:00,2022-12-25 10:00:00
5352,1873,2022-12-24 15:00:00,2022-12-24 18:00:00
24906,1456,2022-12-2 15:00:00,2022-12-2 16:00:00
11255,1844,2022-12-12 9:00:00,2022-12-12 12:00:00
51012,1407,2022-12-5 10:00:00,2022-12-5 12:00:00
47059,1975,2022-12-18 9:00:00,2022-12-18 11:00:00
33365,1921,2022-12-14 13:00:00,2022-12-14 16:00:00
65887,1236,2022-12-19 8:00:00,2022-12-19 10:00:00
47029,1199,2022-12-28 14:00:00,2022-12-28 16:00:00
23470,1011,2022-12-18 14:00:00,2022-12-18 15:00:00
45608,1410,2022-12-10 13:00:00,2022-12-10 16:00:00
76784,1561,2022-12-2 10:00:00,2022-12-2 13:00:00
25854,1549,2022-12-17 11:00:00,2022-12-17 14:00:00
18815,1432,2022-12-5 8:00:00,2022-12-5 11:00:00
98758,1854,2022-12-20 9:00:00,2022-12-20 10:00:00
58665,1676,2022-12-25 11:00:00,2022-12-25 14:00:00
89739,1605,2022-12-6 11:00:00,2022-12-6 14:00:00
30346,1030,2022-12-4 9:00:00,2022-12-4 12:00:00
80540,1679,2022-12-25 12:00:00,2022-12-25 15:00:00
30846,1975,2022-12-6 8:00:00,2022-12-6 9:00:00
74625,1410,2022-12-1 9:00:00,2022-12-1 10:00:00
30626,1120,2022-12-24 15:00:00,2022-12-24 16:00:00
45896,1452,2022-12-24 12:00:00,2022-12-24 13:00:00
50370,1696,2022-12-18 8:00:00,2022-12-18 11:00:00
