account_id,name,balance
GB58IJZK11446773330104,Lydia Nelson,7360
GB77YQCX84624275155233,Eric Peterson,9080
GB73MRCQ23931260160247,Madison Strickland,4960
GB16EQHZ80851931868957,Danny Lee,8370
GB95KXAT40128933350069,John Stanley Jr.,1490
GB42WWLT68472749312326,Whitney Butler,3960
GB87LVFG17755131028591,Craig Day MD,1230
GB19LWIC68819968522056,Angela Frye,5680
GB92KQLK15953271957662,Christopher Sutton,2570
GB73PXUQ78115100527386,Eric Wilkerson,1850
GB08PFNZ80483901891830,Joseph Hicks,6690
GB21XSRP25939629392937,Maria Atkins,8370
GB78YQIQ87355442377272,Carolyn White,1170
GB42NKBG61680852245620,Jessica Hendricks,6470
GB41YIGN83573798228928,Joe Shaw,6020
GB64KMTN68796775514230,Michelle Pruitt,4950
GB47AIPK62778867699048,Michelle Johnson,6190
GB58OOUC73599992342221,Emma Sanchez,7370
GB45ECJL58906274999206,Bonnie Romero,6530
GB79XPCS00153959205967,Christopher Peterson,4470
GB78QTBD19426145714704,Christine Gibbs,2020
GB71KOYB24095962325523,James Elliott,3110
GB29FGXE21060166778831,Lisa Mitchell,4870
GB76UXEU86077956891587,Cody Andrews,430
GB16CUJW11873986678812,Sherry Lara,430
GB46LRHC48336559807010,Tyler Gordon,1900
GB50BCSK54184458527014,Michael Wilkins,6410
GB62SPAH93209086099814,Travis Fletcher,990
GB60FBUH47510162484639,Lori Spencer,1360
GB78GODX25928323885939,Kyle Mccormick,870
GB05QZKS69917963825820,Sean Livingston,9350
GB67FKDQ90688679175396,Julie Velasquez,2250
GB86FLQI62859656803036,Stephen Andrews,2170
GB22PGLD88083274402115,Bruce May DVM,7620
GB02VTSM50851169546499,Jennifer Carter,6680
GB31ZNWM66603303381787,Susan Doyle,6170
GB52ZOMJ89666979359779,Alicia Trujillo,8110
GB25QZYM74317546296726,Michael Elliott,60
GB05VRWR73235765593559,Stephen Torres,2020
GB05VTFZ20909204306234,Paul Galloway,3680
GB63BUKR00700416543312,Russell Gonzalez,8500
GB92DJRZ20157376401160,Monica Torres,3510
GB40QKHV86869081376527,William Shaw,8790
GB10ZJBQ81868266078612,Nathan Moreno,8840
GB42GHJH83549884975160,Steven Barajas,2780
GB09DQUQ87755803857058,Gary Beck MD,7670
GB32YBPQ89809047203119,Nicholas Christian,480
GB43FXGI33734494558520,Sara Miller,850
GB88ZDBI28464207061807,Cynthia Miller,6390
GB34FXMG42939326193334,Maria Clark,9450
GB65ESLV75818554362499,Michelle Krueger,490
GB88LCZU27743654537481,Tracie Simpson,3080
GB94QJPO92209736708513,Natalie Simpson,4770
GB66OEBQ09317900977535,Brian Tate,920
GB54DFXD34044678916835,Joseph Porter,9300
GB23GSZB45291986546431,Gary Mcdonald,8750
GB62PSWG00612223624442,Marilyn Medina,2540
GB43NMZI71650059062352,Nicholas Jensen,2840
GB31XPUP29937211666862,Anthony Bailey,6850
GB30UUTU58020594623952,Kelly Jackson,1050
GB95WYDN73900508739437,Mrs. Carrie Snyder DDS,9690
GB56VSAI69182915412410,Kristy Ingram,6270
GB45TFWG08301500333040,Raymond Cox,2480
GB80BREK73123760651964,Brandon Norman,7700
GB95SJTT13579140937622,Dustin Mendoza MD,490
GB11MXSU55431759214805,Carrie Bullock,7670
GB69JVFD33620898701486,Nicholas Reyes,5570
GB39ANQA82023413732748,Daniel Mason,7440
GB05YHSV22811647706033,Carol Nolan,6300
GB70HXOR17265872323380,Perry Rodriguez,6510
GB02FNYS35831594490712,Ebony Welch,6530
GB74ZTIA82226315685647,Brandon Bonilla,6510
GB48FLVG71524266535635,Justin Cantrell II,3540
GB89KBYP38853128101664,Timothy Carpenter,6470
GB45LQOL11852117060590,Danny Watts,640
GB36MLOQ13730312643873,Kimberly Franco,4520
GB83FJWZ98330557015851,Sarah Hansen,5340
GB54XVRZ25148066477194,Patrick Stevens,1750
GB57PJSL01530863169230,Alicia Parsons,100
GB68BRRT46030897871900,Andrew Clark,2230
GB26YFAA53235808556073,Beth Reeves,3990
GB68NNZT23313524506017,Carolyn Henderson,9380
GB06JGKQ75832097178962,Jerry Floyd,3690
GB40AOHJ82098668569930,Jose Parker,7780
GB93HCBM95750222363418,Raymond Patrick,7150
GB48UPGX13635432653696,Eric Rivera,6660
GB04UNAY38177132595248,Jeffrey Hanson,2180
GB36ZOHF11303554612958,Charles Fowler,9500
GB68TDBK71983336768854,Brandy Fuller,7060
GB13ERPN56888517302159,Matthew White,630
GB43RLUT48791208199418,Bianca Price,1300
GB60EUJI46460708903763,John Cox,8420
GB30MRYP91359776685917,Tina Robinson,3370
GB89IAAB13253682261947,Alexis Brown,3880
GB92UMMN01852682105040,Kayla Young,3020
GB58DKVY93527628242072,Tina Turner,8800
GB14EOWW67067363376475,Heather Cox,5300
GB24VHUD92426505443714,Harold Stevens,560
GB22GUMQ72664176123052,Samantha Alexander,3330
GB06ZOAL02376369974313,Stacey Lynch,4030
GB45QSCY82890955516179,Matthew Hughes,9620
GB39JBVP10971286127858,Ethan Edwards,710
GB66FAGL11274240222364,Joshua Robinson,5410
GB66ZKOT83141813216476,Christopher Castro,9480
GB58YBOQ50604718160827,Kelli Pratt,9950
GB17PHGN76555128914481,Randy Waters,2970
GB91MNCY94638380815352,Denise Freeman,3950
GB47DAMW39599956436883,Carl Baker Jr.,40
GB06BWGL20947401282272,Angela Cole,3150
GB47CBIT43824056647724,Adrian Henderson,2990
GB13VXDK02214815648754,Danielle Williams,1710
GB69ZCVI22762267991416,Tiffany Allen,2240
GB55YBIE33989561731232,Erin Rowe,7410
GB93AGCW93724710914747,Joseph Snyder,410
GB09UGUA92688104494918,Robert Wright,850
GB84CRVV55377641553703,Scott Davis,4280
GB89HAQE54639987645442,Jeffrey Pena,2150
GB27JRVC02029131545841,Thomas Jackson,6400
GB56NVHF10435402359250,Larry Roberts,1990
GB33ASQK70160361336280,Jacob Paul,9470
GB74QZFS23901621489609,Harry Cantrell,2160
GB42CQVN09704696276658,Angelica Valenzuela,970
GB22QHZP07593531166820,Cassandra Rodriguez,3820
GB49ANRH14135166565639,Daniel Meyers,4840
GB30BFKS62513630025270,Martin Delgado,3000
GB07VEWI49503058582569,Lisa Evans,6300
GB82KNPY82555712639077,Ashley Fritz,760
GB68UDPZ26095485615893,Jason Hicks,550
GB96GYOJ94829538850669,Krystal Wagner,7190
GB69HMCQ79721493814801,Brett Ingram,9910
GB03UHJB69311179994352,Lisa Robinson,6390
GB60EPEN47574925599976,Mary Owens,3180
GB66UOKK79571909199422,Melissa Arnold,3760
GB56MCWI74121714241607,Daniel Garza,4550
GB98GPPA16698846790680,Cindy Jackson,3670
GB60SVSU45406141106666,Jason Brown,3650
GB39HDCH33350010196323,Mary Hoover,1450
GB70YSBZ66722543872775,Dr. Ryan Walters,7020
GB38XJIW58610465239676,Pamela Davis,4690
GB91WCLC54814458057108,Matthew Conner,4430
GB18GDWW89359421492391,Jessica Wise,4060
GB61AHFD54500704683186,Cameron Gilbert,2600
GB86SOYU58428809831684,Richard Reilly,2880
GB87TBZI19004580731810,Jaime Blevins,2430
GB97KZJB38915561294255,Lindsey Kennedy,840
GB68ACCJ98495675885050,Michael Buck,1460
GB86THSK95110406947845,Erica David,7570
GB59REWX31193211865568,Angela Sanchez,3770
GB25SNBT26966728261222,Andrew Wise II,7740
GB78AACP94113611154880,Angel Martinez,600
GB23UPJP77017701758926,James Rowe,8700
GB51FHFF00223153843071,Lindsey Cochran,7620
GB34DBTM52811958266737,Jennifer Morrow,4980
GB30EHWV55940448552872,Randy Lucas,9230
GB44PHYD54611823479941,Michael Clark PhD,2980
GB19WURR58138038349040,Breanna Bates,2790
GB86LBFM78517999384739,Brian Wong,1890
GB05WMJX82914034875509,Donald Gordon,5010
GB42BZLM49544601808251,Kendra Lewis,3370
GB48HQAD64614486870653,Christopher Chen,990
GB21EHKR05779285725639,James Jackson,1110
GB04JZPN28004428543168,Shannon Johnson,8230
GB07TJIJ21227891635883,Isabella Stevenson,1580
GB77FNRJ95431940587852,Tamara Cox,1670
GB25LLFN57182545947360,Kendra Miller,3380
GB52LJXO40791266177930,Sarah Guzman,8840
GB21GLRJ22431627604946,Courtney Fischer,1450
GB22YPVB96910985570678,Jillian Hanna,3260
GB69VCYN33631985172906,Leslie Johnson,110
GB54IJCT77979027059700,Laura Garcia,7890
GB64MZBQ37430639858343,Eric Gonzalez,6170
GB92SYDV74562165572658,Diane Chavez,320
GB97COMI14707486877955,Kathy Reed,4960
GB96KMUV10266760484635,Brandon Adams,4590
GB37FVLS56342955935900,Mr. Scott Johnson PhD,4340
GB56USAP09504926855014,Richard Miller,4100
GB07GRNV26843475481846,Miranda Williams,1130
GB48DJED24856080363215,Danny Montoya,3650
GB45YGMB18624137869170,Ronald Roth,9110
GB40YMCZ80111493568224,John Brooks,1760
GB03GZZR61056072367571,Billy Michael,5740
GB10DRGE19291812423428,Robert Deleon PhD,2510
GB91KROO19840314367101,Nicholas Simpson,3720
GB20CZLI77346390150612,Lauren Graham,7620
GB64WCQN75794882407178,Mark Ochoa,7230
GB81WYKE79021987774136,Justin Buck,1390
GB22DRDE06948653245371,Donald Weeks,5000
GB13LIVN92568798582445,Mark Campbell,6390
GB75TMGM67024747164055,Scott Stuart,4200
GB90CZEE91579078521407,Tracey Church,980
GB63VZVX86095567062847,James Lawson,460
GB76YQNN41894904819301,Kimberly Bennett,2960
GB30CEHJ18185935869825,Kristina Sanchez,3200
GB45HUFG90039169399178,Thomas White,2420
GB34HIFH83287232134043,Cassandra Wheeler,230
GB70FTAK75368776045346,Denise Aguilar,6830
GB68LWRY89835627394076,Clifford Johnson,7220
GB13EWFA43234924681192,Paula Monroe,3590
GB05BOPJ44887822571947,Peter Baker,2030
GB56CATF62012107336014,Scott Petersen,7200
GB54MJSI72565501227270,Tammie Rowe,6880
GB96IDBK64833853222585,Sean Harmon,2880
GB47ENNZ03841141277379,Robert Klein,7470
GB54DDZQ50736289176621,Dorothy Gonzalez,3040
GB57ZQEQ31149309139505,Tyler Duffy DDS,3140
GB65SPFX66808956213333,Jennifer Ponce,2270
GB16JOLO85384025532932,Sandra Walker,2090
GB53XUYG11596494434908,Brent Campos,7380
GB62ZRUD06470049495764,Timothy Anderson,9480
GB14KDCC25104503111277,Charles Austin,3010
GB06HLTR33531390862639,Mrs. Penny Fuller DDS,2880
GB79SVIB82740549631876,Kayla Garcia,8590
GB60VBBQ96638697796023,Dustin Smith,360
GB94FCXZ70967883629973,Marcia Wright,8010
GB41WNAQ20140170050173,Katherine Harrison,2560
GB87RCGC97140240957992,Alexander Hall,4150
GB29LCHN04340743703120,Kathleen Perez,5860
GB37EMBA71303500027672,Eileen Krause,9960
GB12TMJX05731633135017,Kelly Hamilton,8110
GB79EVZB94035166441388,Kellie Randall,7780
GB05LIUS55480815065976,Amanda Scott,7950
GB18BLHI90758600556359,Jeffrey Hill,440
GB63CWDD47261508236266,Bradley Smith,4980
GB54RKYJ30811359240839,Rebecca Vega,3570
GB35LHSZ04472104823333,Kyle Ellis,3390
GB52ZWZF14506289619772,Sarah Potter,2790
GB51ZCMG88061028632943,Vanessa Thompson,1670
GB83ZGIV72700876240964,Kathryn Moran,1180
GB93YYLA75874637500238,Cynthia Salas,4870
GB31BVQF42953812972361,Brandon Robinson,6200
GB44WLYX15382020660557,James Garrett,5500
GB10IBBM17794785402571,Tamara Cohen MD,2280
GB28JLDC04794341674967,Susan Underwood,8990
GB64BLJD44029249027501,Douglas Beck,7680
GB78NKMM15727092698687,James Barron,2020
GB52ZYWG28400703450821,John Levy,7050
GB27PEGE51359504894086,Molly Nolan,9080
GB39ONRW59594305117242,Michael Parks,1440
GB60BNXE88843503569800,Nathan Salas,5860
GB70VLKK24622012528389,Justin Barber,5250
GB49AHPB21455608168449,Brian Harmon,6760
GB64SBYV35832317832621,William Patterson,8580
GB86BWDT58953502705085,Meagan Smith,6230
GB48IUWN51495138449026,Melanie Ochoa,9990
GB94DXEE96861649334874,Barry Singh,5120
GB03QWSK47909488307039,Susan Johnson,6630
GB79RNSZ10131206700226,Jessica Adams,3210
GB25UMUI14718694114544,Nicole Miller,5250
GB85JPSS20856778207699,Lindsay Kennedy,5820
GB13KKRX34626946406815,Troy Perez,8990
GB70RHQJ68728399160743,Karen Welch,6440
GB22APGS59321516065835,Cheryl Silva,3780
GB95ORCA96886230107639,Stacy Huff,6570
GB06KYIF38317343350665,Jenna Ingram,5080
GB39MQDW06987659489502,Laurie Parker,2130
GB76EVHO08093845330028,Zachary Blake,7360
GB94JYSM28033121301651,Catherine Schroeder,2700
GB96MNUK12463233129440,Todd Rodriguez,2150
GB10HGWI07953093434190,Leslie Hansen,9810
GB63XNGL30448150525620,Valerie Wallace,60
GB36TSBP68694615844381,Ian Mills,1120
GB41HTUP66247240946826,Mr. Charles Edwards,9740
GB92TGYB25460890452036,Jordan Chang,280
GB27DJJB67079465672724,Jesse Perez,200
GB11MCJO50427085420434,Michelle Hanson,6920
GB23WRAQ82448224415933,Dylan Thomas,390
GB50APQL62670596709148,Joseph Cook,550
GB07LQAV51951563352179,Janice White,9180
GB88XWSM32196588777943,Thomas Lopez,8350
GB12LSNE10198466749228,Victoria Smith,6600
GB46KTYJ13175216623309,Jason Smith,7340
GB07CEDY63021407487052,Anthony Andrews,8070
GB77RHRN88905578554825,Christopher Guzman Jr.,4310
GB22YVTZ96736720147604,Lance Evans,4920
GB38STOJ61593897166249,Paul Melton,9510
GB31RIVY04338368921635,Sergio Hill,9900
GB48MZCE87975684125174,John Flores,3250
GB13BQVS83925582407853,Robert Elliott,3830
GB72YVLC24038420176091,Leslie Garrison,770
GB70CRUA21461424058343,Jennifer Austin,2550
GB09VLOM13110562770473,Catherine Dunn,3550
GB20GCEK03391101465405,Samuel Ingram,9940
GB13ORWE01966169689460,Rebecca Paul,1930
GB94LDVB69344050347384,Mary Banks,8630
GB21TXMZ09603991850526,Pamela Allen,720
GB41YKWI77599961804844,Justin Owens,8490
GB84ZWEF59507977147036,Lee Marsh,9870
GB05SCBI54496194093874,Julie Wade,7070
GB11YYCO64646325142963,Whitney Reeves,620
GB60XOKN21237007428658,Veronica Knapp,6230
GB19EAWC85044049321091,Michael Zimmerman,740
GB17PAYJ08372198497848,Scott Jones,9910
GB80ZBEE83494829269153,Michael Montoya,9260
GB94KSLM39124904227321,Heather Christensen,4130
GB12HAHG27105696644476,Jose Hall,3590
GB97NDRQ88329233151912,Katie Golden,8270
GB06CNWX04382392746079,Allison Thomas,9560
GB16DTWS80377581456106,Beth Cardenas,290
GB05TMSG78432876688632,Patricia Arnold,2800
GB34OHDU44033362925347,Anthony Townsend,7130
GB20KEEE01240469717892,Bobby Porter,8240
GB66TZOV24794716479655,Janet Wallace,2140
GB62NAKR56333969020710,Michael Larson,1630
GB55ADWS86543776437787,Kevin Mcclure,2390
GB44KEFI60589122313845,Vanessa Mata,6340
GB05BVOQ54772819665977,Anthony Webb,1430
GB13GGTD68824223121213,George Lee,8130
GB62WMJR11714956100553,Peter Garcia,8510
GB06ROMF83374442693329,Debra Long,2220
GB18IAWT22029674929635,Tracie Clark,5400
GB26ESEB92235764656872,Christopher Harmon,1740
GB13DQOU80785433457320,Tyler Manning,3200
GB28FOSV16797537089232,Courtney Vega,650
GB92ORHE60723300741280,Jessica Martinez,9980
GB47BMMQ76173816355887,Kristin Salazar,1080
GB47UUCF16205475272408,David Martinez,4730
GB95TLQO09463074625976,Catherine Jones,3640
GB34YCWL31867661088526,Mike Gomez,5870
GB23TMPJ83188567138826,Juan Olson,6670
GB97RMVT55464346797231,Thomas Coleman,7330
GB24RBNS68599669379585,Susan Tucker,7510
GB85KZIC12756925139941,Sara Norton,3610
GB71WWBE87637637505429,Mark Buck,5120
GB39GOWQ50694239897136,Kelly Fitzgerald,8350
GB86PUUE79513281889147,David Phillips,3450
GB98AEGC27605374725261,Mitchell Peck,260
GB30QCAV99301946046367,Michael Edwards,2400
GB68YLYX43599762823809,Tiffany Murphy,3640
GB87WKUU04565680548711,Robin Keller,2550
GB14HQVA86482235816558,Edward Trevino,1110
GB91IWEH50722111224416,Carmen Smith,7130
GB40CDFU76505234279424,Shane Goodman,9580
GB30AYST11887252310360,Teresa Jackson,570
GB78SVZM48993775302003,Felicia Daniels,5490
GB27SAWR81034345641478,Barbara Moore MD,5450
GB51FZXL45936150518841,David Robertson,7890
GB41EZEI51909686377858,Margaret Peters,3640
GB50NZDE57320590039179,Mr. Steven Herring,4360
GB27XJNW45468840221143,David Pennington,8590
GB49XHEN07434051937541,Vernon Mcdaniel,690
GB24JKTN46167103942667,Mr. James Williamson,6460
GB17FXHQ46648981554708,Craig Harvey,1180
GB80XLJD47844150294039,Johnny Casey,2390
GB58QIZV57544389756682,Dr. Kristen Elliott DVM,4060
GB15RCNM33241669134326,Elizabeth Spencer,8720
GB77FRPP64650294704384,Jamie Perry,6200
GB75XGFV50026288895827,Kirsten Simmons,7010
GB06XBIQ20408064418696,Margaret Johnson,600
GB34WSAC04046773391197,Grant Thomas,450
GB43NNXQ84231842008440,Courtney Huynh,7340
GB81OAXU06713768405053,Cynthia Dunn,8190
GB70UMWW07521542045741,Christopher Jackson,4560
GB78CMRH46293749469694,Jason Gallagher,8100
GB03SXMA68993029058173,Alex Nunez,940
GB95TMGT21135900677736,Scott Shepherd,4320
GB27DIHA39030527744222,Mercedes Elliott,8510
GB77MTAX37413888683991,Nicholas Parker,9330
GB84CJGR45086777878790,Nicholas Davis,8440
GB16UTHZ46153813402798,Randy Hudson,9680
GB51SQRK82199682231530,Margaret Jordan,3950
GB10VWOW09233656507898,Claire Ray,1080
GB26ZERX06432145357655,Michele West,6790
GB63LAWB62801875311557,Tracey Johnson,1630
GB09BMWS66922802335428,Carlos Fleming,4100
GB90TUJQ96718866784413,Robert Hawkins,3010
GB91MZDO92400493457210,Sheryl Johnson,510
GB60YCKY19574033780857,Lindsey Mejia,5070
GB30IFXZ23595781252922,Brandon Vaughn,5180
GB74OQDS46588153801674,David Brown,8580
GB81DOYM78308541561921,Sherry Horne,6520
GB89PMLY29958211565059,Marie Joyce,6560
GB04NPEP83017257357199,Tyrone Mcdonald,4740
GB95ZEZS29836675415353,Natalie Powell,7710
GB66SHOM63592635408499,Gregory Hernandez,8670
GB43AEYL22906965810461,Edward Robinson,9710
GB89HLFH04967652277943,Tony Harmon,3970
GB24TTSO53409244143351,Robert Ramsey,1470
GB95ZBWW91307516177820,John Gallegos PhD,5280
GB73AEIO38486888067870,Jason Sanchez,950
GB64OILU43799282935211,Caroline Moore,2040
GB77SHET15953653955164,Steven Lynch,5590
GB58EHOJ21753406863295,Shelly Knight,9270
GB10IZLM45100555738524,Mary Townsend,7220
GB27PIMY55067872465872,Kristen Newman,8750
GB55NSFD59123988372762,Mark Chen,1150
GB34YBJE88917058532688,John Harrington,3670
GB34RDVQ65035182789418,Jason Ellis,6200
GB84KYEH04818860492673,Laurie Morales,1330
GB92BENU57808751223528,Eric York,7540
GB03BLEA37723577341122,James Allen,9270
GB90RGZC61609736079049,Traci Mack,9960
GB48BMGM69745984086633,Kayla Sanders,4730
GB82DNVC98772443782930,Joseph Hopkins,1050
GB08ZSOK58958512839375,Ashley Young,2230
GB63NZKB23255199919735,Alyssa Benson,2610
GB41QAPQ64268157058605,Fernando Taylor,5850
GB85STYQ90957177810808,Lawrence Booth,9830
GB83RRJQ69677222631260,Christopher Massey,3580
GB11HZLT00445365584284,Deborah Bryant,4410
GB69RCFB27307901256690,Mark Norris,3860
GB41EUZY13315577262191,Michael Love,3570
GB68GRDG52910632964487,Tamara Thomas,5530
GB29PQRP96769607885259,Tracy Peterson,4830
GB61AASW98329670063788,Gabriella Brooks,1810
GB52YGBR78937383657989,Brittany Anderson,2010
GB66HPWO72401465775291,Hunter Cook,1040
GB39DNCC66684713221039,Jennifer Shaffer,6490
GB85VWVY29658854137273,Nancy Gilmore,5870
GB71GOQD50667747708186,Megan Jones,9320
GB77ZCFT67467029649024,Alec Fowler,4010
GB98DUJU73466454668230,Kara Snow,7170
GB54ZQLE64039628711649,Kimberly Sims,1310
GB84LOCX44238775031273,Kayla Vasquez,8150
GB49BAIM00843950624035,Brett Walsh,6510
GB81IFGP80845221326228,Alexandra Chaney,2280
GB35HRFA77401789178903,Latoya Cannon,6500
GB14SAHK37874342932081,Johnny Baker,8650
GB55CTFP19926586415525,Ryan Reyes,8630
GB68MHHW78125636671450,Austin Sims,8160
GB82TOPS75454491088322,Elizabeth Thompson,7860
GB95NNXD00807768344201,Kelly Butler,3740
GB96GGIX85619081459580,James Johnson DDS,5410
GB43XVNZ38812643450766,Donald Wallace,3340
GB03LWTD44412894706940,Michael Perkins,4500
GB89SXOW27125600015996,Thomas Rogers,7850
GB46IFID09672636201340,Casey Long,4340
GB37UOSU59575332419643,Nicole Smith,4480
GB09UDHQ21062881707742,Audrey Riley,1590
GB73OOZW05862858913770,Christian Carson,6980
GB33WASS03182503896708,Natalie Christian,4220
GB68QBTF85418929242055,Curtis Jacobs,170
GB77YQKJ95865654600841,Karen Wilson,8240
GB91DZBU19568173809183,Megan Shelton,2050
GB52ZDIX12914015168310,Rebecca Perez,8360
GB62JOGZ82935470472908,Robert Paul,7960
GB51CRVV33910076449807,Diana Dillon,5630
GB36NOSU79191499594947,Sean Bradley,6900
GB18VQON78804369318080,Jennifer Jackson,3710
GB27LVMX05781031033371,Brittany Black,1730
GB06XWMN46633962703739,Mary Guzman,9330
GB63GYQN19065790270315,Whitney Jackson DDS,9970
GB78UUQI15235459854710,Cynthia Davidson,1500
GB06SZSI36995942594298,Alexis Simmons,3780
GB57RYNJ84838290030013,Edward Adams,3670
GB76NKZM67666503666991,Rebecca Garcia,5950
GB79FWLL77498586869777,Stephen Williams,7390
GB26TYZD99118287642600,Austin Lane,490
GB83ITUE66476905946932,Alexandria Torres,1690
GB42RMEF46156019507525,Carolyn Cox,6250
GB58TXZG93558882336719,Melissa Harper,1990
GB91NIXU96616186458322,Diana Patrick,810
GB67GXPB57814414446458,Aaron Ryan,9020
GB13DJBL28446954832347,Lauren Lam,2330
GB09HMBZ33025112153511,Michaela White,4370
GB22ZKTU55087811562799,Randy Cowan,5730
GB35MOMR07539779862144,John Hopkins,9820
GB12RFKC26031544882021,Jason Jenkins,9160
GB49YJBR75643580981054,Susan Walker,9080
GB34BBLT34771324833563,Andrea Hill,8670
GB26QZMG77489220315512,Matthew Shepard,5110
GB23MTDX62722246370061,Sarah Hall DDS,7680
GB45SVOP51113302535199,Paul King,8600
GB25NORA39351801886440,Heather Hunt,5080
GB21QEGM51533543975483,Timothy Harris,5900
GB97JCCA58963261805954,Bradley Jackson,5410
GB86HZHO17095280290563,Tina Green,4320
GB47YHYR29398504198288,Allison Roach,810
GB84AZUS86784958843691,Brian Johnson,9050
GB69IWNL33287025405837,John Rhodes,9570
GB37TFAH61245598427424,Vanessa Horn,8030
GB88OZQV19943353508638,Kevin Vega,1760
GB49OQFL02461562240387,Evan Bell,520
GB46INYH23805834293519,Amanda Martin,6600
GB28DGOA55534547539038,Jessica Campbell,7550
GB29EPVK60382429738413,Casey Gray,5180
GB67PQXH52230227945386,Catherine Alvarado,4260
GB73GIDZ86211033276094,Kristen James,1060
GB87ZJIV85790870432629,Justin Morris,8950
GB98JOVK01788678420946,Michael Green,7200
GB80UCEY62038768309850,Alexandra Roberts,8520
GB15FKNO98498598756365,Anne Wagner,6920
GB40JTTG85426436826075,Emily Rowe,3410
GB14SGVN33501543050813,Valerie Gamble,7870
GB66OVGV99394394806712,Chad Taylor,8010
GB26EOCD17839974197320,Rhonda Lee,8600
GB10MYHZ61796273354564,Michael Mills,9450
GB72QDEZ03024071789647,Allen Jones,6470
GB70EBXO34019432026683,David Combs,550
GB66CJNH68867925093335,Bruce Gomez,5670
GB02SYRG40030941218021,Teresa Collins,1740
GB11TZTR72375802450883,Derek Jordan,6360
GB33DAOI03969855368978,Amber Stewart,1500
GB96GWAU88445987592890,Tyler Richards,5150
GB42KNPP38157330111189,April Johnston,3230
GB41MJZV95559433481508,Amanda Kelley,1730
GB15PFJE31101370972795,Elizabeth Dawson DDS,1240
GB77BBRI11145275914569,Morgan Caldwell,5760
GB59OGJW98925301632585,Brian Bailey,3130
GB19SYCC40480016246574,Bonnie Melton,5980
GB40WUAL93821611848814,Kayla Chen,2920
GB15ENBS81634170979146,Darren Payne,9520
GB24QACE36082093971323,Heidi Gomez,9630
GB72LTOD84073219484251,David Cruz,8790
GB84XFXX99809942805898,Maxwell Simmons,4540
GB60ZEFI08608855780207,Kenneth Shaw,9130
GB25EOWC06386343309165,Jeffrey Leon,2220
GB83KIIA00977209855906,Joshua Garcia,2530
GB32WHPP72361958386426,Sharon Hoffman,1730
GB43FBJT81656999233986,Kathryn Mendez,8360
GB65JYNJ80171613212711,Erin Riley,1600
GB58TFQZ63170085355750,John Robles,7350
GB68CPWV89283422909746,Douglas Richmond,4950
GB35UPXI14255497940751,Darren Zimmerman,3850
GB22TVDQ21674027369753,David Johnson,9580
GB79WOZQ35199365574687,Hailey Lopez,3600
GB47PEXS70697102515534,Marie Ho,1830
GB05PGEG88708114093020,Bill Evans,4760
GB66HCHJ48783802916224,Kevin Reyes,3490
GB48LYVI46969510438970,Renee Archer,8060
GB12SWBI34758634212345,Hannah Prince,7970
GB57KRYW15986529687452,Cindy Meadows,4350
GB49NONU06378301723179,Thomas Russell,6470
GB11DHLC13418840086418,Gary Robinson,2350
GB75HMNL69309791818604,Jacob Harris,3240
GB42YMGG51890906069876,Cheryl Larson,6610
GB91HHPW00744166349550,Jeffrey Houston,370
GB72UWUW30160143638360,Samantha Smith,5450
GB98XNCP24691003197829,Sherri Martinez,430
GB44XLYO49945384237441,Wesley Adams,5550
GB21YICV57032964936613,Joseph Turner,7040
GB09WXHW24802092883075,Alexandra Thompson,9110
GB70FIUR22175461060103,Jeffrey Morris,7790
GB07GZCI31622488135174,Elizabeth Rodriguez,3370
GB74LLJE42273877376000,James Black,7470
GB40NFJI14170541525010,Nicole Hanson,9170
GB95WONV23683308836817,Taylor Lee,150
GB63RDSO62280090481143,Vincent English,2210
GB70NUZT80120131401923,Stephanie Hill,9610
GB85LILB99368997376484,Elizabeth Smith,2250
GB27OUBW23069367872615,Shannon Miranda,9280
GB80FZVE70552430128658,Sarah Monroe,1210
GB35GNAV15892637183880,Justin Harris,9380
GB60BJYH86362892577341,Christopher Aguilar,6630
GB15KNWW09705332731894,Timothy Stephens,7400
GB15QHME42345732661574,Amanda Riddle,8470
GB02JQJS23210882753147,Mark Phillips,3490
GB44EISI14994890958848,Antonio Harris,3860
GB04IXGF43711666166994,Sandra Hill,7090
GB57RLOY12539275117622,Ryan Martinez,4200
GB74YUHG34349727185432,Victoria Roberts,680
GB44MXII66802188204625,Jeremy Cannon,9370
GB11TMFV71130495675199,Jordan Hamilton,4540
GB15XLJD27657348666112,Kimberly Hale,4320
GB46LFOQ12602693112287,Kevin Thomas,3610
GB62FAUX58334386392923,John Erickson,6590
GB95KSQZ37322719315265,Cynthia Mann,1850
GB76TGYW94154133262585,Sean Grimes,6130
GB49TEFD83919964999648,Terri Mora,140
GB50PEHD25236461186968,Sarah Beck,8340
GB80BLWX91994998787965,Beth Wilson,3110
GB05NYXG60221107635922,Seth Mcintyre,1110
GB85GXSI85896490261536,Jamie Juarez,9230
GB44UXER68260480224150,Andrew Smith,3470
GB17FBVU72982686089272,Brent Santiago,9330
GB28HJEZ54488014887944,Keith Hebert Jr.,5010
GB12ZNYC56973227398309,Vincent Macdonald,5120
GB51FXNE34073917204728,Tim Norman,5900
GB42RCVA09626024226320,Charles Hunt,8360
GB58CIYH39587950462081,Eric Ford,2330
GB69KGHG79117371204495,Robert Garrett,1620
GB97IZQW98366793787741,Courtney Jensen,3630
GB95XZCL97413002017780,Kimberly Stephenson,1200
GB22NSZB63433389014487,Ms. Alexis Patel DDS,5570
GB65RXCX64778371749715,Eric Wright,7470
GB80QUAW13546134029211,Vanessa Pearson,7290
GB93PWES94847560508129,Chelsea Hughes,4310
GB72AFRE40510517801559,David Waters,2760
GB11RSBH98590257754089,Alan Olson DDS,2570
GB55HWUN71297411566493,Sherri Mcguire,3740
GB15YVDD81035696395407,Joshua Thomas,9820
GB44UBJU89138459464432,Stephanie Ortega,4990
GB06UEGN13999904168733,Anthony Williams,9880
GB64FFUV97501401767762,Samuel Downs,9330
GB76EZDQ87281801855809,Richard Knox,6170
GB63OYGZ61910261744958,Betty Hill,7940
GB64UKCA61606747463526,Tracy Reed,7740
GB74HSGS31865843155275,Angela Hayes,6090
GB46ZAOF70831645244426,Patricia Ramos,1140
GB04AVCK60712162194528,Jeffrey Serrano,3650
GB85HGEJ67520213660538,Nicole Camacho,2510
GB51KCDS60144142408106,Joseph Bryant,2470
GB21DIOB94089746703589,Ray Vang,6800
GB35KCIB12394147520023,Christopher Lopez,6360
GB20TWXB02874643585102,Jacob Robbins,6120
GB06ETTA45018687486683,Virginia Huber,1720
GB83WMKE38192303991438,Steven Gutierrez,7130
GB58DQEW16102493301212,Bruce Valenzuela,1100
GB41WYYN37989188084496,Mark Neal,2880
GB34FABG64081656781414,Kirsten Washington,9110
GB55JXJF46439977760158,Casey Munoz,5590
GB12DQSM34694931179414,Kelly Davis,5690
GB09HPJV93244983430852,Frank Elliott,9020
GB44YDIT21548768944841,Nina Reynolds,820
GB20FKCS35351145247698,Michael Oconnell,3310
GB32ZEPT82837560218237,Brooke Johnson,6460
GB28NQWG56695014395218,Megan Murphy,2580
GB38FBJV14324770585173,Roberto Howard,1780
GB83QNWX69466008020336,Jessica Jensen,680
GB61ZOFX15306434788343,Samantha Rivera,2720
GB30NEVF60856809227994,Daniel Barker,9490
GB10OGNR57375590334285,Stephanie Evans,6550
GB72NDUZ83522368911728,Ms. Carla Reese,7760
GB35MORZ06788937312706,Sheri Bradshaw,950
GB24EXYU74962853982918,Robin Jones,5480
GB17HJGA91586651338603,Mr. Jeffrey Miller MD,5600
GB39MULC29253576054910,Regina Frederick,7700
GB92CPDE31055861263299,Leslie Hutchinson,590
GB26QXPD65897257187611,Robin Owens,7330
GB22AGCW52639451137214,Mason Zuniga,9670
GB17MUWD06823795329673,Todd Bryan,9020
GB10BUAV79710292957243,Sheryl Young,4350
GB24PFZW94699323401491,Larry Byrd,9270
GB84QLZR92573888186371,Heather Ramos,2170
GB22YAPH90429946550295,Candice Perez,6440
GB09HTHW11821470125290,Rachael Evans,2220
GB29RGZG68366967107994,Amanda Ruiz,6990
GB74IKHL72137211458568,Kenneth Williamson,6000
GB21DXGV25242934314331,Carlos Lewis,3690
GB12LAAQ25882950534185,Jennifer Norris,2270
GB50UZUX67892087145476,Mr. Eric Young III,6050
GB04LHGH98098119306490,Kevin Allen,9360
GB07EAZE86744248531964,Taylor Charles,8270
GB66FTJV65737797843554,Colton Jones,4860
GB72PNVQ28933774150945,Lisa Grant,3100
GB97BAUS74834169070315,Barbara Johnson,3190
GB48PJXR40637929416504,Brent Huang,1000
GB21OUFF00656567152805,Sandra Andrews,9070
GB11VGUT03218031047887,Michael Marquez,890
GB93TPCF61426972212346,James Harper,8720
GB38WPUR30168342914108,William Hall DDS,1520
GB09FIZV73370033875818,Holly Kim,4150
GB87MMMW81754905855827,Dennis Mitchell,6580
GB19AAOK98934574593366,Christopher Curry,9530
GB22UJCZ80552261075959,Manuel Mcconnell,7170
GB87PQKO10608843005404,Diana Lopez MD,10
GB97KJLX61478881460865,Tiffany Houston,9090
GB73XDQM16342904094055,Richard Russell,3600
GB17RCEJ66157070968253,Jason Gallegos III,6120
GB36ACOG77991187325138,Rebecca Gonzalez,4730
GB54WTPH81438996831663,Eric Mills,3970
GB17FUXX08963834635198,Eric Parker,430
GB32VZWT80984627505078,Samuel Santiago,5130
GB27JZBG63558328549387,Christian Solis,7900
GB81ANAU07068672354865,Jonathan Carpenter,7680
GB46YRWN30706334008005,Christy Hawkins,4550
GB65EVVW92596474340638,Gary Reynolds,7460
GB29LJFU34823373955636,Keith Mendoza,4800
GB10XTQN02411578955729,Timothy Mccormick,5450
GB27LEZS28612696706192,Andrew Andrade,6510
GB74VADB75870363979034,Thomas Brown II,2460
GB71BJZS74099095632294,Bobby Benton,5750
GB88FNTN10835120297429,Keith Warner,660
GB54LSYY27831965248680,Henry Marshall,5660
GB57RUWS02611929138359,Todd Harrison,140
GB53PBOC81191519643550,Carl Hampton,4510
GB73TYBV25616420200896,Mary Knight,6180
GB47UOKX85171264415642,Eduardo Kelly,4320
GB10PTHU82536178959438,Amy Davies,4370
GB39NYPY09129998206648,Courtney Flores,180
GB63ZFQU55633555736116,Gregory Rhodes,1120
GB87GXAG68959813366296,Mark Gonzalez,2250
GB29IDVD53357494050305,Matthew Johnson,8380
GB22QQXI38329855612944,Rebecca Harris,9560
GB81OXLT44142408454317,Jesse Tyler,7050
GB44NZFE45763248083308,Angela Haney,6270
GB21CMJF24091076822411,Johnny Campbell,3520
GB26JGID15398305739023,Tyler Cochran,8890
GB89VWIK11375987183801,Katelyn Martinez,2590
GB92RJTZ04732847949965,Kelly Owens,7650
GB12DHMT04002530918060,April Villanueva,9220
GB76RGOL82015847163070,Jessica Nash,6310
GB28UXYK58029298810980,Casey Thomas,380
GB93XBZK06664385794125,Stephen Ruiz,9250
GB87TUBM85535403233894,Ashley Jackson,250
GB16LZRY99526476526974,Kristen Brown,7920
GB44BUKB34698213116022,Stephanie Osborne,7650
GB37SVON16906096722021,Dennis Haas,3470
GB65OYTQ92950694668009,Kristin Bishop,5670
GB67PPFA88278016744751,Christopher Duncan,4980
GB74SVUR16942021411948,Lorraine Rodriguez,6050
GB81WTTB58002284813095,Jacob Welch,9170
GB73VRFX51691593353324,Arthur Smith,3230
GB64AHHT70736206271622,Lisa Brock,180
GB25KAZW79620810441555,Joseph Ford,4240
GB39MXYI91595817567142,Lisa Garza,360
GB76ZWPJ15305006635628,Janet Price,6880
GB28FVDF08566430066319,Eric Thompson,2580
GB35KDZD65277048286192,Jeremy Durham,8030
GB54ICPW19604621164118,Kevin Haynes,3210
GB45VZRP73535692421354,Joseph Andrews,5710
GB42IYIA08303798755570,Shawn Chapman,3050
GB73ONIJ57682637958845,Felicia Fisher,5350
GB34MOZX24286347906450,Mary Dean,6320
GB37KDUX39605545634324,William Lowe,940
GB02MENM83378169127606,Jeff Rivera,4870
GB26WCRM03410652807176,Robert Allen,4170
GB47KNSZ40306289585310,Justin Duran,8050
GB75MZQP74883436265340,Pamela Cummings,8730
GB60SKAK86985151994623,Rebecca Williams,1770
GB24LLRH28395662726541,Stephen Carney,2700
GB58IUVG42961938729475,Eric Parrish,1440
GB71TWMG56251093659837,Joshua Jackson,9620
GB77XTOZ70489285566706,Anna Robinson,8970
GB63WKJZ06414114588112,Adam Case,5250
GB62AKZS79890204711381,Kimberly Foster,4190
GB45FWGV65137894738248,Ashley Morris,9510
GB02XVVL06075693379088,Daniel Page,5900
GB19OCOU64279643739552,Brian Baker,5760
GB32JRLK95735002924781,Dr. Angela Sherman MD,2630
GB05WQIK47310655373531,James Smith,5520
GB62WCOR33943095231021,Steven Brown,6880
GB18HPFH65167089173783,Nathan Jarvis,1340
GB40LKXJ20966390259652,Amy Lewis,9070
GB30DOCO49283665100456,Melinda Abbott,6020
GB64JQQV32962685404334,James Turner,2430
GB32UHII35041945211987,Lisa Patel,8270
GB79XLFU30913037893352,Alejandro Moss,4070
GB51AVSO68128809609528,Melissa Gonzales,8760
GB14AVEA58767740842992,Mr. Thomas White,3530
GB89GHAO13411361828810,Miguel Romero,3310
GB76PWQN78233500128217,Jacqueline Brown,7700
GB69DORQ53552192806654,Angela Williams,8250
GB94CFEY93303459373321,Daniel Myers,1470
GB76AOXA27293342364460,Timothy Hill,480
GB68LIIY52930084654862,Mrs. Amanda Burgess,8430
GB75TSIT55893483890824,Yolanda Howe,9460
GB18KAPE16458731250443,Michael Barnes,9380
GB85MXOJ14798712728072,Kaitlyn Thompson,5240
GB17ECHM36623671567164,Jessica Bishop,4330
GB23FBPA38577018207813,Felicia Lin,9430
GB63DSUE35762162466000,Jennifer Gutierrez,3760
GB25UWSR90507987482408,Leah Gaines,6930
GB35HZSL61303067504911,Timothy Bennett,2880
GB16RGDB55351496540155,Amber Webb,4110
GB48GCSC54040454250910,Albert Rose,7960
GB82CPND15543817992783,Jonathan Gordon,1630
GB32CNNV77570063160788,Kelsey Castillo,2780
GB56CDOA12649991109578,Michelle Chan,5690
GB24TXGQ71041669639052,Cheryl Lopez,4510
GB78XHDM81341475998674,Matthew Strong,8400
GB49HFZC84036777287660,Ryan Barnett,6680
GB18HBMB88327123761239,Robert Sanders,5340
GB24LSFL19951861310452,Theodore Cunningham,5210
GB51NTDW08509058653827,Rhonda Aguilar,6350
GB46YEIH52446058526254,Rachel Hebert,3180
GB34IFZW44308255922009,Adam Johnson,7690
GB82NSXD57978202257876,Taylor Jackson,6610
GB70NSHL57260051979826,Maria Bradley,8020
GB59JTIC06440138237523,Dr. Matthew King Jr.,4960
GB26MZLC31483084255324,Erin Castro,7290
GB93JLAO18024724983657,Monica Rice,2300
GB77IBJJ45568207410502,Barbara Mcintosh,7190
GB55UIQX83858489560248,Diana Ward,2200
GB48SAKK15954738478009,Derrick Singh,9330
GB42JXJV50704615963226,Heather Jones,7650
GB44MMGW24395200722284,Rachel Mckay,2690
GB67KBEP31293786016751,Carlos Wright,5090
GB06SRNO11365593226679,Brian Clark,2750
GB89QKXG48188212428490,Michelle Alvarez,5330
GB64ZWMZ56487674837828,Kenneth Brown,5120
GB07NECZ29302018802896,Nathan Edwards,1620
GB46LRMU03200145465286,Paul Lee,1020
GB50PSUH48052893405126,Jennifer Hunt,7440
GB19OESN94253466761314,Charles Mendez,3380
GB46CGAM36835153542022,Cindy Graham,2100
GB14YRXV97968543644944,Nicholas Hudson,7660
GB65CTFI09601954239917,Alexandra Brewer,9870
GB05BCUS60391726666835,Colin Johnson,180
GB14UXEG90495022475802,Tanya Yates,1090
GB76LNWF65050491422724,Angela Watson,380
GB42BNSP20715455964668,Michelle Morris,3280
GB19GRYS80880131582273,Kimberly Roberson,9590
GB04VVTY52569744568068,Joseph Williams,7930
GB21QPLK41502749704803,Mike Anderson,2900
GB32AOOD40750569916507,Kathy Davidson,1480
GB80VKLZ75285559131640,Patrick Olson,1830
GB23FBEP93821543148238,Shannon Larsen,510
GB32SINN01144009084783,Emily Mejia,8550
GB87KGRP15311232640028,Megan Mills,420
GB36RDFW11282787155468,Roger Shaw,8880
GB60XOON42625224559435,Christine Page,3430
GB06VQQB22191175704648,Jessica Noble,3250
GB10YTDP38960595654034,Samuel Chase,4780
GB14MZMB95399300661896,Tyler Hernandez,1370
GB18CKDG97043916339745,Alexander Schultz,1600
GB46VJZE55073647656107,Catherine Johnson,2750
GB68GZZF82168851101071,Tiffany Vance,1620
GB85ZEOC87190775483091,Frederick Roberts,9840
GB75EJTF26737075786487,Debra Campbell,2410
GB09JRKV75095898972906,Patrick Johnson,840
GB49UQNU19079040036870,Thomas Smith,3720
GB49XZNJ79365689862987,Christopher Gomez,3540
GB26VXRV03341067529328,Kaylee Hunt,7140
GB68WXBT35963371898863,Joseph Lindsey,9370
GB48XVXG18492862374192,Matthew Lewis,4420
GB88CRKT45160165841511,Robert Davis,2570
GB91OTHU76766358780967,Susan Edwards,2300
GB40MZLH17665129836312,Scott Austin,1980
GB46ZRCT10243685254642,Karen Ward,6800
GB85JUCX11279324353312,Daniel Watson,1810
GB97XPUD33518783392051,Michael Ruiz,4760
GB38KPJK35464578836301,Christina Pacheco,3970
GB76FYFI88788935407449,David Bailey,3780
GB20ZSVZ03296319881300,James Nguyen,710
GB75BYTR72609436741732,Kelly Morrison,3370
GB79DYIT07094387020959,Andrea Hoffman,4630
GB16ISXQ12901097838452,Kevin Rogers,8600
GB31GUNO74007805495237,Brenda Taylor,6080
GB40GICZ58656866987720,Dawn Franklin,3240
GB80RTJE77427785911888,Carlos Bryant,4670
GB52LEQU14118064235869,Samuel Ward,8920
GB24MTDY90574711752559,Ashley Freeman,5600
GB69BBNF29491526380997,Jackie Jackson,6990
GB62TTER34208990590410,Terri Martinez,6710
GB55ZKBT65244976848349,Tom Noble,1390
GB48FFQC85394971492955,Zachary Brown,5110
GB68YNXV97259119311573,Emily Peterson,5580
GB07YICR20200124803120,Wesley Velazquez,3950
GB51SVYX62512044587813,Jacob Garrett,9750
GB20SJQX99637948936660,Kim Wise,2540
GB28HFLY96029203880608,Denise Collins,1290
GB54ANYV34536408021636,Stefanie Miller,2180
GB37BGPW37757080392207,Peter Elliott,9760
GB60TUUV69433177164913,Ryan Estrada,3080
GB97AGAM91746120836715,Sally Woods,3550
GB44OLSL35465484519505,Heather Ryan,5910
GB81UTAC82252107529212,Timothy Clark MD,3140
GB82UEKO51030904719679,Tammy Evans,5180
GB19UHQS54145456932474,Julie Lopez,4480
GB80OQJF89578767083737,Cody Maldonado,6490
GB87OPJE61934099175766,Tina Walker,6080
GB91EXDS42794468379833,Joshua Moore,6370
GB85VGWL19824868006150,Anthony Nelson,9240
GB28KZUY96266697851126,Michael Sanders,220
GB94WRCD24801117862676,Corey Ferrell,8540
GB36XSVE15544626885223,Michael Alexander,5400
GB37EFLC12659621553692,Anthony Rodriguez,8350
GB46YGKV79921929299214,Barry Simon,8090
GB49WFQW02692375290450,Erik Knox,1630
GB33BXXG59027481828386,Michelle Brown,3500
GB76KSQG73170710513934,Debra Torres,5110
GB47ASVW99983109822480,Lisa Massey,5750
GB46PUXY96765483066806,Darryl Mitchell,9340
GB79TMNT41164913461659,Benjamin Lindsey,4920
GB64OYUW54689667669741,Ruth Smith,1600
GB68FVBI37634209429385,Paul Hernandez,6020
GB72NXRT26669850849118,David Wolf,0
GB04BSCC77775833880585,Renee Haley,6340
GB79ZVTT21606033006120,Robert Forbes,7320
GB17PBAD95762167683000,Cory Robbins,3620
GB55FYHV76313765592381,Candace Christian,8980
GB86OTDF53782593805073,Paula Johnson,9100
GB51GFJT74650602376800,Ashley Arias,4750
GB25CKXP52892968652195,Mr. Timothy Johnson,5980
GB02DKCU79156440082731,Tonya Wright,6190
GB42AXQI76370119398893,Courtney Brown,1090
GB44QOFQ36949833540555,Linda Anderson,1750
GB91AIMU17039167711402,Michael Yates,6800
GB32RXUL14022625584935,Erin Ashley,6500
GB50VZTR95474883917177,Randy Scott,5750
GB41QCIJ27055214104324,Brittany Jones,100
GB33NNEM96703004176329,Cynthia Barrett,610
GB08JXXX32895893863628,Lauren Ramsey,4120
GB90IIWM11180479091957,Justin King,650
GB15TSQO63000172124932,Tasha Gomez,6710
GB47TFSN42429084691335,Sandra Young,4560
GB88QVVX57011191855807,Erica Cantrell,6280
GB38JKWA15084089208916,John Taylor,2810
GB38CVTL16446985397705,Dustin Donovan,7940
GB17WTSL84663150913030,Michael Miller DDS,7730
GB87LEQA71579826208453,Robin Clark,5840
GB23YWTH89764529163385,Dr. Rita Lopez,7500
GB90JLHC40816436052249,Barbara Duncan,2670
GB95WBDE36611002714725,Diamond Greene,4820
GB89QUEH74725325757741,Clinton Pacheco,1990
GB12BJSK90449396455956,Jack Jordan,4360
GB77AGUA77032829618428,Ronald Hoffman,9320
GB39LEFT41642027755469,Andrew Bryant,4440
GB61GSQH05301441816211,Susan Lane,5000
GB96SYMO38593337743683,Bryan Stewart,7850
GB35JYOE43232459320499,Brittany Dillon,5230
GB86QLTA22080797819972,Carl Dean,3330
GB75ZIPP05446861082582,Dana Hill,3050
GB24KYWS21564312893421,Kristen Pham,4250
GB71HRJC27844886997114,Christina Russell,3030
GB31IXGR15860825435333,Willie Beltran,4840
GB63GQZQ78376843306668,Kelly Aguirre,5790
GB70NUWR72153622486497,Patrick Warren,3940
GB71QHAU06749879331732,Ashley Blake MD,9650
GB54NCSU75375137293859,Jasmine Ellison,890
GB08GOOR86953512504770,Keith Adams,370
GB89UPBN95113284972530,Cody Jackson,3710
GB52UPDP96919931843847,Mark Cunningham,9930
GB56LXCT46060817641771,Pedro Tran,3360
GB15ZMUW89846885143911,Shawn Brooks,2610
GB61BIFJ68872659458725,Rebekah Palmer,7010
GB07KQKM34998806884702,Brianna Hart,7970
GB45GTMO07288821294985,Helen Bennett,5120
GB88ZUKL23094533188929,Isabella Osborn,5590
GB21BDOF57865193667399,Mitchell Hunt,670
GB35IZMT79544583085321,Tiffany Adams,3080
GB21JOGK81718085828272,Amanda Adams,7780
GB29JCPF02412884752038,Steven Campbell,3180
GB39PMEX21549206057087,Matthew Hawkins,8810
GB59NJBA45955506031173,Gregory Hutchinson,4630
GB93KXDJ64946556591964,Amber Harris,1490
GB54PZOR65854946813843,Richard Austin,7380
GB59GNFB76353079037515,Jasmine Smith,970
GB46KLSC35572980273803,Stephen Mason,6420
GB16TOSB15167157285437,Mr. Phillip Liu,1680
GB46UWOC83067148304047,Michael Solis,560
GB73PVBE29751564187567,Dr. Michelle Harris,8240
GB09FDOL76216149205667,Nicholas Lynch,9810
GB09BOCP18571700938162,Lisa Mack,290
GB92FBYU36769441955441,Eric Huynh,9300
GB54OXIH63622452103972,John Thomas,4070
GB64OUIS69638308845660,James Hines,5990
GB49UORP89566583223215,Patricia Rodriguez,6890
GB35YNTP58634747138216,Christopher Smith,7800
GB19GKNN11241540893244,Stephen Johnson,3510
GB21HDWO44756009294199,Michael Simmons,5130
GB17DDDJ26555216474303,Mason Brown,3710
GB41GMDR53001238686520,Robert Peterson,2330
GB21KVHN43447935903013,Linda Black,3320
GB81PLWH50958619180383,Alexander Sparks,1210
GB83IQME16104246139840,Judith Hill,630
GB22DEWP27154829651245,Adrian Baker,4070
GB84DPQX63272516005232,Krystal Ortiz,740
GB90SZNV70201012143166,Jacqueline Garcia,9230
GB88IPZF65310132481028,Allison Vasquez,3400
GB27OADG28151531029379,Cheryl Sanchez,3850
GB88FTBZ04321245955953,Shelby Giles,6660
GB48OGHT53972802036251,Ellen Cole,2410
GB26NYOJ22833603299839,Sandra Hodge,5940
GB56ZJFS59923213088373,Joseph Thompson,20
GB36TVHI87260349659849,Daniel Alexander,1720
GB45BWIH14417162417981,Robert Fisher,6590
GB52IPCC71739774698003,Oscar Foster,3490
GB25WGOW03541013035630,Michelle Cline,3990
GB32IZPZ80307512808134,Erin Gibson,1050
GB67UDDQ63707360994385,Joseph Stewart,4240
GB09GMFA66633303455430,Kyle Stuart,3350
GB93EHGZ22022075560434,Melody Carter,4120
GB60ZYLM18192086444717,Diamond Johnson,2690
GB04BUPJ09434279755728,George Hendricks,5750
GB36JAIV25204747251853,Jennifer Richardson,3680
GB98CNHV35614928090370,Keith Mcguire,530
GB15NHOZ03465128792104,Robert Whitaker,150
GB68VVRF48250652041869,Ryan Browning,5270
GB44KYYZ47747614101666,Jessica Calhoun,9500
GB08KQKL24864474365354,Suzanne Stafford,3210
GB02FCLT14458224655264,William Brown,3650
GB64XLOO11315904743524,Rita Burgess,100
GB81USQD63271235585826,Pamela Day,7700
GB83SUFF65316849554352,Wesley Ball,40
GB24SAFD86819814634862,Chad Villegas,1380
GB35PJCC74620770333736,Briana Taylor,6040
GB30UCOM04657414029996,Stacey Morgan,1440
GB69SDNF60626660146720,Barbara Smith,5070
GB26LCMD12597544089984,Jeffrey Hobbs,6610
GB34BQSG53667967745540,Adrian Case,2550
GB80DVGC95859797348480,Adrian Jones,8920
GB29VNJI31238581546539,Brenda Rogers,6140
GB39ZEMY01690428519219,Steven Montes,2580
GB88AUGY48817412716089,Timothy Lee,9470
GB91JKRV92258540999725,Stephen Barrett,8030
GB69IDHL21700347221155,Samantha Gonzalez,1670
GB73DBGJ20724397228117,Kim Turner,3510
GB02MIIQ51383276977743,Zachary Evans,1910
GB17OCBR96565288191637,David Arias,760
GB96RPPB39750348389302,Dennis Walker MD,390
GB08AMDU65751912429016,Robert Good,5660
GB19DYBC21144277926820,Kayla Ball,5450
GB74XDYK90369001095465,Kristine Thomas,1010
GB36ORXK76311195147473,Hannah Anderson,5770
GB29DSFW10626297940819,Adam Pugh,3950
GB27WYSL83482859381680,Chloe Fisher,2160
GB17CSVK20043720649311,Michael Martin,6680
GB87GJRK73196476200762,Kristen Pope,7690
GB08PIYZ05726346532463,Stephanie Jordan,3930
GB70QIDI15415161273357,Eric Sanchez,3710
GB79SQQO14044473107837,Lisa Jennings,3460
GB75VQOT41542913019478,Christopher Fisher,2630
GB41BFLC24571832655391,Shelby Jones,1850
GB15UCVP46422423197795,Dana Davis,2420
GB24XQVG81209370255172,Marissa White,1930
GB53QLLD76170060898674,Melissa Wood,3290
GB25VRRN17209122631062,Dwayne Davis,6910
GB47GAJY46629607275532,Joshua Hill,7440
GB47IIVX12265198740258,Mrs. Jodi Hendricks,5780
